student_id,predicted_dropout_probability,predicted_dropout_flag,risk_category,support_action,observed_outcome
1,0.681125438245373,1,High,"Start proactive outreach within 72 hours and connect the student to academic, advising, and financial support.",Dropout
2,0.5227392005942709,1,Medium,"Schedule a check-in within two weeks and review attendance, coursework, and advising needs.",Graduate
3,0.9983201976072319,1,High,"Start proactive outreach within 72 hours and connect the student to academic, advising, and financial support.",Dropout
4,0.23843790731910455,0,Low,Continue routine monitoring and reinforce the student's current supports.,Graduate
5,0.14370512181045664,0,Low,Continue routine monitoring and reinforce the student's current supports.,Graduate
6,0.4896729340433591,0,Medium,"Schedule a check-in within two weeks and review attendance, coursework, and advising needs.",Graduate
7,0.02453399733399315,0,Low,Continue routine monitoring and reinforce the student's current supports.,Graduate
8,0.9992556207070081,1,High,"Start proactive outreach within 72 hours and connect the student to academic, advising, and financial support.",Dropout
9,0.029872505804266324,0,Low,Continue routine monitoring and reinforce the student's current supports.,Graduate
10,0.8804235736858808,1,High,"Start proactive outreach within 72 hours and connect the student to academic, advising, and financial support.",Dropout
11,0.22361102932339072,0,Low,Continue routine monitoring and reinforce the student's current supports.,Graduate
12,0.03594762454984214,0,Low,Continue routine monitoring and reinforce the student's current supports.,Graduate
13,0.9873967051530579,1,High,"Start proactive outreach within 72 hours and connect the student to academic, advising, and financial support.",Dropout
14,0.06596633912820025,0,Low,Continue routine monitoring and reinforce the student's current supports.,Graduate
15,0.05851795678699471,0,Low,Continue routine monitoring and reinforce the student's current supports.,Graduate
16,0.9005287621191062,1,High,"Start proactive outreach within 72 hours and connect the student to academic, advising, and financial support.",Dropout
17,0.6966044307610806,1,High,"Start proactive outreach within 72 hours and connect the student to academic, advising, and financial support.",Enrolled
18,0.08833636539868682,0,Low,Continue routine monitoring and reinforce the student's current supports.,Graduate
19,0.2537512361958566,0,Low,Continue routine monitoring and reinforce the student's current supports.,Graduate
20,0.37934842803401175,0,Medium,"Schedule a check-in within two weeks and review attendance, coursework, and advising needs.",Enrolled
21,0.21532215719849668,0,Low,Continue routine monitoring and reinforce the student's current supports.,Graduate
22,0.08353415263683538,0,Low,Continue routine monitoring and reinforce the student's current supports.,Enrolled
23,0.07329911349711209,0,Low,Continue routine monitoring and reinforce the student's current supports.,Graduate
24,0.06256239662852439,0,Low,Continue routine monitoring and reinforce the student's current supports.,Graduate
25,0.0447503181726999,0,Low,Continue routine monitoring and reinforce the student's current supports.,Graduate
26,0.10605131149011808,0,Low,Continue routine monitoring and reinforce the student's current supports.,Enrolled
27,0.07604086056641036,0,Low,Continue routine monitoring and reinforce the student's current supports.,Graduate
28,0.07015036430257243,0,Low,Continue routine monitoring and reinforce the student's current supports.,Enrolled
29,0.15789633597917876,0,Low,Continue routine monitoring and reinforce the student's current supports.,Graduate
30,0.2857937734821848,0,Low,Continue routine monitoring and reinforce the student's current supports.,Enrolled
31,0.054937965610479145,0,Low,Continue routine monitoring and reinforce the student's current supports.,Enrolled
32,0.13826468588061833,0,Low,Continue routine monitoring and reinforce the student's current supports.,Graduate
33,0.7869880792531554,1,High,"Start proactive outreach within 72 hours and connect the student to academic, advising, and financial support.",Enrolled
34,0.031493735300498746,0,Low,Continue routine monitoring and reinforce the student's current supports.,Graduate
35,0.25090076016085494,0,Low,Continue routine monitoring and reinforce the student's current supports.,Graduate
36,0.9962751415680304,1,High,"Start proactive outreach within 72 hours and connect the student to academic, advising, and financial support.",Dropout
37,0.9964841225789398,1,High,"Start proactive outreach within 72 hours and connect the student to academic, advising, and financial support.",Dropout
38,0.7323813797880351,1,High,"Start proactive outreach within 72 hours and connect the student to academic, advising, and financial support.",Dropout
39,0.06692286788325957,0,Low,Continue routine monitoring and reinforce the student's current supports.,Graduate
40,0.8413026735524873,1,High,"Start proactive outreach within 72 hours and connect the student to academic, advising, and financial support.",Dropout
41,0.9240706952104245,1,High,"Start proactive outreach within 72 hours and connect the student to academic, advising, and financial support.",Dropout
42,0.07681055177657926,0,Low,Continue routine monitoring and reinforce the student's current supports.,Graduate
43,0.13887377586213467,0,Low,Continue routine monitoring and reinforce the student's current supports.,Graduate
44,0.7800728131264687,1,High,"Start proactive outreach within 72 hours and connect the student to academic, advising, and financial support.",Dropout
45,0.9903222603413476,1,High,"Start proactive outreach within 72 hours and connect the student to academic, advising, and financial support.",Dropout
46,0.3512791692968559,0,Medium,"Schedule a check-in within two weeks and review attendance, coursework, and advising needs.",Enrolled
47,0.09899607361378701,0,Low,Continue routine monitoring and reinforce the student's current supports.,Graduate
48,0.20401181067597735,0,Low,Continue routine monitoring and reinforce the student's current supports.,Graduate
49,0.026311115928177944,0,Low,Continue routine monitoring and reinforce the student's current supports.,Graduate
50,0.04083893815613335,0,Low,Continue routine monitoring and reinforce the student's current supports.,Graduate
51,0.07239972978139055,0,Low,Continue routine monitoring and reinforce the student's current supports.,Graduate
52,0.047269403133545246,0,Low,Continue routine monitoring and reinforce the student's current supports.,Enrolled
53,0.43766065006986604,0,Medium,"Schedule a check-in within two weeks and review attendance, coursework, and advising needs.",Enrolled
54,0.49110310544902375,0,Medium,"Schedule a check-in within two weeks and review attendance, coursework, and advising needs.",Graduate
55,0.1620368195975575,0,Low,Continue routine monitoring and reinforce the student's current supports.,Dropout
56,0.03312129209435513,0,Low,Continue routine monitoring and reinforce the student's current supports.,Graduate
57,0.9865368246462454,1,High,"Start proactive outreach within 72 hours and connect the student to academic, advising, and financial support.",Dropout
58,0.4535351526905371,0,Medium,"Schedule a check-in within two weeks and review attendance, coursework, and advising needs.",Dropout
59,0.039471377233297474,0,Low,Continue routine monitoring and reinforce the student's current supports.,Graduate
60,0.3736346115718054,0,Medium,"Schedule a check-in within two weeks and review attendance, coursework, and advising needs.",Enrolled
61,0.09758475815599162,0,Low,Continue routine monitoring and reinforce the student's current supports.,Graduate
62,0.043076656139340086,0,Low,Continue routine monitoring and reinforce the student's current supports.,Graduate
63,0.45587457032767537,0,Medium,"Schedule a check-in within two weeks and review attendance, coursework, and advising needs.",Enrolled
64,0.8233299433757298,1,High,"Start proactive outreach within 72 hours and connect the student to academic, advising, and financial support.",Enrolled
65,0.9463394929067893,1,High,"Start proactive outreach within 72 hours and connect the student to academic, advising, and financial support.",Enrolled
66,0.5387235448027701,1,Medium,"Schedule a check-in within two weeks and review attendance, coursework, and advising needs.",Dropout
67,0.37143846339058584,0,Medium,"Schedule a check-in within two weeks and review attendance, coursework, and advising needs.",Graduate
68,0.0353635957339137,0,Low,Continue routine monitoring and reinforce the student's current supports.,Graduate
69,0.32101962510425797,0,Low,Continue routine monitoring and reinforce the student's current supports.,Dropout
70,0.3222792976763849,0,Low,Continue routine monitoring and reinforce the student's current supports.,Enrolled
71,0.8902940459307395,1,High,"Start proactive outreach within 72 hours and connect the student to academic, advising, and financial support.",Enrolled
72,0.27601141350643377,0,Low,Continue routine monitoring and reinforce the student's current supports.,Graduate
73,0.5387453725038881,1,Medium,"Schedule a check-in within two weeks and review attendance, coursework, and advising needs.",Dropout
74,0.9496495450120301,1,High,"Start proactive outreach within 72 hours and connect the student to academic, advising, and financial support.",Dropout
75,0.5247528848644458,1,Medium,"Schedule a check-in within two weeks and review attendance, coursework, and advising needs.",Graduate
76,0.6660875917169781,1,High,"Start proactive outreach within 72 hours and connect the student to academic, advising, and financial support.",Dropout
77,0.8486550009277147,1,High,"Start proactive outreach within 72 hours and connect the student to academic, advising, and financial support.",Dropout
78,0.18156104386683014,0,Low,Continue routine monitoring and reinforce the student's current supports.,Graduate
79,0.10109560397563572,0,Low,Continue routine monitoring and reinforce the student's current supports.,Graduate
80,0.029552077338368805,0,Low,Continue routine monitoring and reinforce the student's current supports.,Graduate
81,0.5179966223994836,1,Medium,"Schedule a check-in within two weeks and review attendance, coursework, and advising needs.",Dropout
82,0.9861102298599926,1,High,"Start proactive outreach within 72 hours and connect the student to academic, advising, and financial support.",Dropout
83,0.8577568294419885,1,High,"Start proactive outreach within 72 hours and connect the student to academic, advising, and financial support.",Dropout
84,0.462568266466135,0,Medium,"Schedule a check-in within two weeks and review attendance, coursework, and advising needs.",Enrolled
85,0.04164778080800331,0,Low,Continue routine monitoring and reinforce the student's current supports.,Graduate
86,0.08048587805408386,0,Low,Continue routine monitoring and reinforce the student's current supports.,Graduate
87,0.08662939642011118,0,Low,Continue routine monitoring and reinforce the student's current supports.,Graduate
88,0.06927833373461856,0,Low,Continue routine monitoring and reinforce the student's current supports.,Graduate
89,0.3068472913720544,0,Low,Continue routine monitoring and reinforce the student's current supports.,Enrolled
90,0.9229759929482163,1,High,"Start proactive outreach within 72 hours and connect the student to academic, advising, and financial support.",Enrolled
91,0.987805120313108,1,High,"Start proactive outreach within 72 hours and connect the student to academic, advising, and financial support.",Dropout
92,0.7207070913566458,1,High,"Start proactive outreach within 72 hours and connect the student to academic, advising, and financial support.",Graduate
93,0.9709837337163336,1,High,"Start proactive outreach within 72 hours and connect the student to academic, advising, and financial support.",Dropout
94,0.9956373980927568,1,High,"Start proactive outreach within 72 hours and connect the student to academic, advising, and financial support.",Dropout
95,0.0717184889046123,0,Low,Continue routine monitoring and reinforce the student's current supports.,Graduate
96,0.044925495341272874,0,Low,Continue routine monitoring and reinforce the student's current supports.,Enrolled
97,0.15679963988646883,0,Low,Continue routine monitoring and reinforce the student's current supports.,Graduate
98,0.055188457386587425,0,Low,Continue routine monitoring and reinforce the student's current supports.,Graduate
99,0.11653758003386591,0,Low,Continue routine monitoring and reinforce the student's current supports.,Enrolled
100,0.9962429870023972,1,High,"Start proactive outreach within 72 hours and connect the student to academic, advising, and financial support.",Dropout
101,0.29756311528387913,0,Low,Continue routine monitoring and reinforce the student's current supports.,Dropout
102,0.5781737256055024,1,Medium,"Schedule a check-in within two weeks and review attendance, coursework, and advising needs.",Graduate
103,0.9434480117859845,1,High,"Start proactive outreach within 72 hours and connect the student to academic, advising, and financial support.",Dropout
104,0.008493305958699952,0,Low,Continue routine monitoring and reinforce the student's current supports.,Graduate
105,0.9883785808572018,1,High,"Start proactive outreach within 72 hours and connect the student to academic, advising, and financial support.",Dropout
106,0.07449012123040656,0,Low,Continue routine monitoring and reinforce the student's current supports.,Graduate
107,0.9748628900862784,1,High,"Start proactive outreach within 72 hours and connect the student to academic, advising, and financial support.",Dropout
108,0.3188718857805862,0,Low,Continue routine monitoring and reinforce the student's current supports.,Dropout
109,0.4200786263891845,0,Medium,"Schedule a check-in within two weeks and review attendance, coursework, and advising needs.",Dropout
110,0.8140311775399969,1,High,"Start proactive outreach within 72 hours and connect the student to academic, advising, and financial support.",Enrolled
111,0.06712099320858106,0,Low,Continue routine monitoring and reinforce the student's current supports.,Graduate
112,0.27661778487129307,0,Low,Continue routine monitoring and reinforce the student's current supports.,Enrolled
113,0.06707482192734138,0,Low,Continue routine monitoring and reinforce the student's current supports.,Graduate
114,0.10651059236679603,0,Low,Continue routine monitoring and reinforce the student's current supports.,Graduate
115,0.1123095603437645,0,Low,Continue routine monitoring and reinforce the student's current supports.,Dropout
116,0.031157089868335045,0,Low,Continue routine monitoring and reinforce the student's current supports.,Enrolled
117,0.1375575939773826,0,Low,Continue routine monitoring and reinforce the student's current supports.,Enrolled
118,0.34177841694732874,0,Medium,"Schedule a check-in within two weeks and review attendance, coursework, and advising needs.",Enrolled
119,0.0480163489328277,0,Low,Continue routine monitoring and reinforce the student's current supports.,Graduate
120,0.03884440257452065,0,Low,Continue routine monitoring and reinforce the student's current supports.,Graduate
121,0.7405030102071009,1,High,"Start proactive outreach within 72 hours and connect the student to academic, advising, and financial support.",Dropout
122,0.1287748776057926,0,Low,Continue routine monitoring and reinforce the student's current supports.,Graduate
123,0.35980975303142343,0,Medium,"Schedule a check-in within two weeks and review attendance, coursework, and advising needs.",Dropout
124,0.055525909226694634,0,Low,Continue routine monitoring and reinforce the student's current supports.,Graduate
125,0.04233401216561516,0,Low,Continue routine monitoring and reinforce the student's current supports.,Graduate
126,0.9764623739253536,1,High,"Start proactive outreach within 72 hours and connect the student to academic, advising, and financial support.",Dropout
127,0.14071968326764916,0,Low,Continue routine monitoring and reinforce the student's current supports.,Graduate
128,0.14150168572234445,0,Low,Continue routine monitoring and reinforce the student's current supports.,Enrolled
129,0.07743536149146138,0,Low,Continue routine monitoring and reinforce the student's current supports.,Graduate
130,0.1998289673995245,0,Low,Continue routine monitoring and reinforce the student's current supports.,Graduate
131,0.04872297209479094,0,Low,Continue routine monitoring and reinforce the student's current supports.,Dropout
132,0.07991626015218847,0,Low,Continue routine monitoring and reinforce the student's current supports.,Graduate
133,0.06639017734979052,0,Low,Continue routine monitoring and reinforce the student's current supports.,Graduate
134,0.9708679135457942,1,High,"Start proactive outreach within 72 hours and connect the student to academic, advising, and financial support.",Dropout
135,0.012574569727919049,0,Low,Continue routine monitoring and reinforce the student's current supports.,Graduate
136,0.826639422188456,1,High,"Start proactive outreach within 72 hours and connect the student to academic, advising, and financial support.",Dropout
137,0.17599672188108031,0,Low,Continue routine monitoring and reinforce the student's current supports.,Graduate
138,0.023763367433267006,0,Low,Continue routine monitoring and reinforce the student's current supports.,Graduate
139,0.05178299035071686,0,Low,Continue routine monitoring and reinforce the student's current supports.,Enrolled
140,0.04763738336232107,0,Low,Continue routine monitoring and reinforce the student's current supports.,Graduate
141,0.12564341466262513,0,Low,Continue routine monitoring and reinforce the student's current supports.,Graduate
142,0.21204796752219054,0,Low,Continue routine monitoring and reinforce the student's current supports.,Graduate
143,0.9961446804192764,1,High,"Start proactive outreach within 72 hours and connect the student to academic, advising, and financial support.",Enrolled
144,0.02847629787551526,0,Low,Continue routine monitoring and reinforce the student's current supports.,Graduate
145,0.02380061390175949,0,Low,Continue routine monitoring and reinforce the student's current supports.,Graduate
146,0.30287531414207236,0,Low,Continue routine monitoring and reinforce the student's current supports.,Graduate
147,0.9712459307641469,1,High,"Start proactive outreach within 72 hours and connect the student to academic, advising, and financial support.",Dropout
148,0.34258668967086336,0,Medium,"Schedule a check-in within two weeks and review attendance, coursework, and advising needs.",Dropout
149,0.07376168617755972,0,Low,Continue routine monitoring and reinforce the student's current supports.,Graduate
150,0.04358333881025601,0,Low,Continue routine monitoring and reinforce the student's current supports.,Graduate
151,0.2627197094370509,0,Low,Continue routine monitoring and reinforce the student's current supports.,Enrolled
152,0.027113126958100534,0,Low,Continue routine monitoring and reinforce the student's current supports.,Graduate
153,0.41061614151648795,0,Medium,"Schedule a check-in within two weeks and review attendance, coursework, and advising needs.",Enrolled
154,0.27658685138732686,0,Low,Continue routine monitoring and reinforce the student's current supports.,Graduate
155,0.6188511202088032,1,Medium,"Schedule a check-in within two weeks and review attendance, coursework, and advising needs.",Dropout
156,0.1144272911783764,0,Low,Continue routine monitoring and reinforce the student's current supports.,Dropout
157,0.05651448713437218,0,Low,Continue routine monitoring and reinforce the student's current supports.,Graduate
158,0.05992572703342272,0,Low,Continue routine monitoring and reinforce the student's current supports.,Graduate
159,0.05061300942195257,0,Low,Continue routine monitoring and reinforce the student's current supports.,Graduate
160,0.04344218622054339,0,Low,Continue routine monitoring and reinforce the student's current supports.,Graduate
161,0.058523994770371984,0,Low,Continue routine monitoring and reinforce the student's current supports.,Dropout
162,0.02907241315888088,0,Low,Continue routine monitoring and reinforce the student's current supports.,Graduate
163,0.044612567186888684,0,Low,Continue routine monitoring and reinforce the student's current supports.,Graduate
164,0.9321789086814245,1,High,"Start proactive outreach within 72 hours and connect the student to academic, advising, and financial support.",Dropout
165,0.119954363028689,0,Low,Continue routine monitoring and reinforce the student's current supports.,Graduate
166,0.09135950745232592,0,Low,Continue routine monitoring and reinforce the student's current supports.,Graduate
167,0.8756958756982895,1,High,"Start proactive outreach within 72 hours and connect the student to academic, advising, and financial support.",Enrolled
168,0.21587387335919123,0,Low,Continue routine monitoring and reinforce the student's current supports.,Graduate
169,0.3245447760004586,0,Low,Continue routine monitoring and reinforce the student's current supports.,Graduate
170,0.5558582003495497,1,Medium,"Schedule a check-in within two weeks and review attendance, coursework, and advising needs.",Dropout
171,0.3113955707843912,0,Low,Continue routine monitoring and reinforce the student's current supports.,Enrolled
172,0.10730564110584424,0,Low,Continue routine monitoring and reinforce the student's current supports.,Graduate
173,0.04924431008277634,0,Low,Continue routine monitoring and reinforce the student's current supports.,Graduate
174,0.11470285394223209,0,Low,Continue routine monitoring and reinforce the student's current supports.,Graduate
175,0.8669061314749663,1,High,"Start proactive outreach within 72 hours and connect the student to academic, advising, and financial support.",Dropout
176,0.2025383829256336,0,Low,Continue routine monitoring and reinforce the student's current supports.,Enrolled
177,0.3194898092163073,0,Low,Continue routine monitoring and reinforce the student's current supports.,Graduate
178,0.9267479213705814,1,High,"Start proactive outreach within 72 hours and connect the student to academic, advising, and financial support.",Dropout
179,0.36767386807094193,0,Medium,"Schedule a check-in within two weeks and review attendance, coursework, and advising needs.",Dropout
180,0.5195558404870264,1,Medium,"Schedule a check-in within two weeks and review attendance, coursework, and advising needs.",Dropout
181,0.06387640196407934,0,Low,Continue routine monitoring and reinforce the student's current supports.,Graduate
182,0.050905420958638294,0,Low,Continue routine monitoring and reinforce the student's current supports.,Enrolled
183,0.9976939966133688,1,High,"Start proactive outreach within 72 hours and connect the student to academic, advising, and financial support.",Dropout
184,0.9870160166100159,1,High,"Start proactive outreach within 72 hours and connect the student to academic, advising, and financial support.",Dropout
185,0.9585872713646377,1,High,"Start proactive outreach within 72 hours and connect the student to academic, advising, and financial support.",Dropout
186,0.9501797552336116,1,High,"Start proactive outreach within 72 hours and connect the student to academic, advising, and financial support.",Dropout
187,0.7118408156846997,1,High,"Start proactive outreach within 72 hours and connect the student to academic, advising, and financial support.",Enrolled
188,0.08979789748437166,0,Low,Continue routine monitoring and reinforce the student's current supports.,Graduate
189,0.9499158771353178,1,High,"Start proactive outreach within 72 hours and connect the student to academic, advising, and financial support.",Dropout
190,0.18850357663035178,0,Low,Continue routine monitoring and reinforce the student's current supports.,Graduate
191,0.03913976396317872,0,Low,Continue routine monitoring and reinforce the student's current supports.,Graduate
192,0.46181960904172176,0,Medium,"Schedule a check-in within two weeks and review attendance, coursework, and advising needs.",Enrolled
193,0.9663419323487077,1,High,"Start proactive outreach within 72 hours and connect the student to academic, advising, and financial support.",Dropout
194,0.9927743030579409,1,High,"Start proactive outreach within 72 hours and connect the student to academic, advising, and financial support.",Dropout
195,0.06314727128777636,0,Low,Continue routine monitoring and reinforce the student's current supports.,Graduate
196,0.9791746661634159,1,High,"Start proactive outreach within 72 hours and connect the student to academic, advising, and financial support.",Dropout
197,0.06108267527752036,0,Low,Continue routine monitoring and reinforce the student's current supports.,Graduate
198,0.9871967970454897,1,High,"Start proactive outreach within 72 hours and connect the student to academic, advising, and financial support.",Dropout
199,0.05871897108799827,0,Low,Continue routine monitoring and reinforce the student's current supports.,Graduate
200,0.14255040550807996,0,Low,Continue routine monitoring and reinforce the student's current supports.,Enrolled
201,0.10884258707683019,0,Low,Continue routine monitoring and reinforce the student's current supports.,Graduate
202,0.021418964204049127,0,Low,Continue routine monitoring and reinforce the student's current supports.,Graduate
203,0.0789906827021992,0,Low,Continue routine monitoring and reinforce the student's current supports.,Graduate
204,0.1422715300440585,0,Low,Continue routine monitoring and reinforce the student's current supports.,Graduate
205,0.10649809827811908,0,Low,Continue routine monitoring and reinforce the student's current supports.,Graduate
206,0.6885677285583885,1,High,"Start proactive outreach within 72 hours and connect the student to academic, advising, and financial support.",Graduate
207,0.06264623940880552,0,Low,Continue routine monitoring and reinforce the student's current supports.,Graduate
208,0.1925860524451622,0,Low,Continue routine monitoring and reinforce the student's current supports.,Graduate
209,0.2083947129533271,0,Low,Continue routine monitoring and reinforce the student's current supports.,Graduate
210,0.39107950535799935,0,Medium,"Schedule a check-in within two weeks and review attendance, coursework, and advising needs.",Dropout
211,0.08586582043193773,0,Low,Continue routine monitoring and reinforce the student's current supports.,Graduate
212,0.04544767023933493,0,Low,Continue routine monitoring and reinforce the student's current supports.,Graduate
213,0.07857789556133046,0,Low,Continue routine monitoring and reinforce the student's current supports.,Graduate
214,0.9782886062067657,1,High,"Start proactive outreach within 72 hours and connect the student to academic, advising, and financial support.",Dropout
215,0.03375406372896415,0,Low,Continue routine monitoring and reinforce the student's current supports.,Graduate
216,0.12119714976035195,0,Low,Continue routine monitoring and reinforce the student's current supports.,Enrolled
217,0.06954357677729404,0,Low,Continue routine monitoring and reinforce the student's current supports.,Graduate
218,0.8997392637298208,1,High,"Start proactive outreach within 72 hours and connect the student to academic, advising, and financial support.",Dropout
219,0.8885528142807554,1,High,"Start proactive outreach within 72 hours and connect the student to academic, advising, and financial support.",Dropout
220,0.3820531990356546,0,Medium,"Schedule a check-in within two weeks and review attendance, coursework, and advising needs.",Dropout
221,0.162150149109872,0,Low,Continue routine monitoring and reinforce the student's current supports.,Graduate
222,0.1687283758452478,0,Low,Continue routine monitoring and reinforce the student's current supports.,Graduate
223,0.6452813307927221,1,Medium,"Schedule a check-in within two weeks and review attendance, coursework, and advising needs.",Dropout
224,0.12634743354350808,0,Low,Continue routine monitoring and reinforce the student's current supports.,Graduate
225,0.09011330410174333,0,Low,Continue routine monitoring and reinforce the student's current supports.,Graduate
226,0.38912948783943246,0,Medium,"Schedule a check-in within two weeks and review attendance, coursework, and advising needs.",Graduate
227,0.3594328302772817,0,Medium,"Schedule a check-in within two weeks and review attendance, coursework, and advising needs.",Graduate
228,0.024882847822137327,0,Low,Continue routine monitoring and reinforce the student's current supports.,Graduate
229,0.9971644580747122,1,High,"Start proactive outreach within 72 hours and connect the student to academic, advising, and financial support.",Dropout
230,0.030750977646613827,0,Low,Continue routine monitoring and reinforce the student's current supports.,Graduate
231,0.32007860615726336,0,Low,Continue routine monitoring and reinforce the student's current supports.,Graduate
232,0.9862500160343228,1,High,"Start proactive outreach within 72 hours and connect the student to academic, advising, and financial support.",Dropout
233,0.074799151601902,0,Low,Continue routine monitoring and reinforce the student's current supports.,Graduate
234,0.14997593960954236,0,Low,Continue routine monitoring and reinforce the student's current supports.,Graduate
235,0.642274380945112,1,Medium,"Schedule a check-in within two weeks and review attendance, coursework, and advising needs.",Dropout
236,0.03564735209074454,0,Low,Continue routine monitoring and reinforce the student's current supports.,Graduate
237,0.0968272114898145,0,Low,Continue routine monitoring and reinforce the student's current supports.,Graduate
238,0.09812501546668609,0,Low,Continue routine monitoring and reinforce the student's current supports.,Graduate
239,0.8428593521102398,1,High,"Start proactive outreach within 72 hours and connect the student to academic, advising, and financial support.",Dropout
240,0.9799078519583811,1,High,"Start proactive outreach within 72 hours and connect the student to academic, advising, and financial support.",Dropout
241,0.09889775061601891,0,Low,Continue routine monitoring and reinforce the student's current supports.,Enrolled
242,0.5848250459907021,1,Medium,"Schedule a check-in within two weeks and review attendance, coursework, and advising needs.",Enrolled
243,0.08650587466840072,0,Low,Continue routine monitoring and reinforce the student's current supports.,Graduate
244,0.9952694540076078,1,High,"Start proactive outreach within 72 hours and connect the student to academic, advising, and financial support.",Dropout
245,0.017305904757600184,0,Low,Continue routine monitoring and reinforce the student's current supports.,Graduate
246,0.036383382855652284,0,Low,Continue routine monitoring and reinforce the student's current supports.,Graduate
247,0.030992166013447453,0,Low,Continue routine monitoring and reinforce the student's current supports.,Graduate
248,0.9447778531058438,1,High,"Start proactive outreach within 72 hours and connect the student to academic, advising, and financial support.",Dropout
249,0.24592839064364472,0,Low,Continue routine monitoring and reinforce the student's current supports.,Graduate
250,0.05170431693904466,0,Low,Continue routine monitoring and reinforce the student's current supports.,Graduate
251,0.10801423748021793,0,Low,Continue routine monitoring and reinforce the student's current supports.,Enrolled
252,0.08498629616173439,0,Low,Continue routine monitoring and reinforce the student's current supports.,Dropout
253,0.06260820140007334,0,Low,Continue routine monitoring and reinforce the student's current supports.,Graduate
254,0.9556161503609706,1,High,"Start proactive outreach within 72 hours and connect the student to academic, advising, and financial support.",Enrolled
255,0.10130889888135142,0,Low,Continue routine monitoring and reinforce the student's current supports.,Graduate
256,0.9994408368838714,1,High,"Start proactive outreach within 72 hours and connect the student to academic, advising, and financial support.",Dropout
257,0.12865159516093366,0,Low,Continue routine monitoring and reinforce the student's current supports.,Graduate
258,0.06283127845370018,0,Low,Continue routine monitoring and reinforce the student's current supports.,Enrolled
259,0.051702258149954806,0,Low,Continue routine monitoring and reinforce the student's current supports.,Graduate
260,0.9898358611504819,1,High,"Start proactive outreach within 72 hours and connect the student to academic, advising, and financial support.",Dropout
261,0.1274323670947322,0,Low,Continue routine monitoring and reinforce the student's current supports.,Graduate
262,0.9137496538170821,1,High,"Start proactive outreach within 72 hours and connect the student to academic, advising, and financial support.",Dropout
263,0.9772357544284317,1,High,"Start proactive outreach within 72 hours and connect the student to academic, advising, and financial support.",Dropout
264,0.037772996642959786,0,Low,Continue routine monitoring and reinforce the student's current supports.,Graduate
265,0.0259390331672721,0,Low,Continue routine monitoring and reinforce the student's current supports.,Graduate
266,0.5446093900522528,1,Medium,"Schedule a check-in within two weeks and review attendance, coursework, and advising needs.",Graduate
267,0.04901660108553104,0,Low,Continue routine monitoring and reinforce the student's current supports.,Graduate
268,0.19153355959596152,0,Low,Continue routine monitoring and reinforce the student's current supports.,Graduate
269,0.05433572649785817,0,Low,Continue routine monitoring and reinforce the student's current supports.,Graduate
270,0.05781911473869222,0,Low,Continue routine monitoring and reinforce the student's current supports.,Graduate
271,0.049958759492693884,0,Low,Continue routine monitoring and reinforce the student's current supports.,Graduate
272,0.9353487735801309,1,High,"Start proactive outreach within 72 hours and connect the student to academic, advising, and financial support.",Dropout
273,0.28379003873443176,0,Low,Continue routine monitoring and reinforce the student's current supports.,Graduate
274,0.02387154925108723,0,Low,Continue routine monitoring and reinforce the student's current supports.,Graduate
275,0.03565352507187683,0,Low,Continue routine monitoring and reinforce the student's current supports.,Graduate
276,0.18557208302161524,0,Low,Continue routine monitoring and reinforce the student's current supports.,Graduate
277,0.7196063989147488,1,High,"Start proactive outreach within 72 hours and connect the student to academic, advising, and financial support.",Dropout
278,0.9730526134694587,1,High,"Start proactive outreach within 72 hours and connect the student to academic, advising, and financial support.",Dropout
279,0.008292821146234827,0,Low,Continue routine monitoring and reinforce the student's current supports.,Enrolled
280,0.0357220140398596,0,Low,Continue routine monitoring and reinforce the student's current supports.,Graduate
281,0.23711444553177824,0,Low,Continue routine monitoring and reinforce the student's current supports.,Graduate
282,0.060985951273396184,0,Low,Continue routine monitoring and reinforce the student's current supports.,Graduate
283,0.40685549114264513,0,Medium,"Schedule a check-in within two weeks and review attendance, coursework, and advising needs.",Graduate
284,0.04809785204399755,0,Low,Continue routine monitoring and reinforce the student's current supports.,Graduate
285,0.04060495219523826,0,Low,Continue routine monitoring and reinforce the student's current supports.,Graduate
286,0.05739090697104076,0,Low,Continue routine monitoring and reinforce the student's current supports.,Graduate
287,0.034854474055048816,0,Low,Continue routine monitoring and reinforce the student's current supports.,Enrolled
288,0.4820954669609488,0,Medium,"Schedule a check-in within two weeks and review attendance, coursework, and advising needs.",Graduate
289,0.03819744624328615,0,Low,Continue routine monitoring and reinforce the student's current supports.,Graduate
290,0.047716203915471586,0,Low,Continue routine monitoring and reinforce the student's current supports.,Graduate
291,0.09148483394112253,0,Low,Continue routine monitoring and reinforce the student's current supports.,Graduate
292,0.015489081626600818,0,Low,Continue routine monitoring and reinforce the student's current supports.,Graduate
293,0.07252689463859811,0,Low,Continue routine monitoring and reinforce the student's current supports.,Enrolled
294,0.0015814261207482893,0,Low,Continue routine monitoring and reinforce the student's current supports.,Graduate
295,0.16408459318481536,0,Low,Continue routine monitoring and reinforce the student's current supports.,Dropout
296,0.023714648775479585,0,Low,Continue routine monitoring and reinforce the student's current supports.,Graduate
297,0.06893752726371892,0,Low,Continue routine monitoring and reinforce the student's current supports.,Graduate
298,0.04238767379725855,0,Low,Continue routine monitoring and reinforce the student's current supports.,Graduate
299,0.11720902263215956,0,Low,Continue routine monitoring and reinforce the student's current supports.,Graduate
300,0.00850118444172277,0,Low,Continue routine monitoring and reinforce the student's current supports.,Graduate
301,0.11383680244773439,0,Low,Continue routine monitoring and reinforce the student's current supports.,Graduate
302,0.08031036187593328,0,Low,Continue routine monitoring and reinforce the student's current supports.,Graduate
303,0.02367173436222837,0,Low,Continue routine monitoring and reinforce the student's current supports.,Graduate
304,0.909191951319905,1,High,"Start proactive outreach within 72 hours and connect the student to academic, advising, and financial support.",Dropout
305,0.9319049874645406,1,High,"Start proactive outreach within 72 hours and connect the student to academic, advising, and financial support.",Dropout
306,0.3204816941111579,0,Low,Continue routine monitoring and reinforce the student's current supports.,Enrolled
307,0.2710596040575546,0,Low,Continue routine monitoring and reinforce the student's current supports.,Graduate
308,0.9987561176957144,1,High,"Start proactive outreach within 72 hours and connect the student to academic, advising, and financial support.",Dropout
309,0.21786745548392797,0,Low,Continue routine monitoring and reinforce the student's current supports.,Graduate
310,0.9899270649927991,1,High,"Start proactive outreach within 72 hours and connect the student to academic, advising, and financial support.",Dropout
311,0.1409108137303065,0,Low,Continue routine monitoring and reinforce the student's current supports.,Graduate
312,0.9778016644853601,1,High,"Start proactive outreach within 72 hours and connect the student to academic, advising, and financial support.",Dropout
313,0.04975439424850313,0,Low,Continue routine monitoring and reinforce the student's current supports.,Graduate
314,0.38359510116246814,0,Medium,"Schedule a check-in within two weeks and review attendance, coursework, and advising needs.",Graduate
315,0.9416395525622151,1,High,"Start proactive outreach within 72 hours and connect the student to academic, advising, and financial support.",Dropout
316,0.059929070790437786,0,Low,Continue routine monitoring and reinforce the student's current supports.,Graduate
317,0.013536218553093228,0,Low,Continue routine monitoring and reinforce the student's current supports.,Graduate
318,0.021287881335665743,0,Low,Continue routine monitoring and reinforce the student's current supports.,Graduate
319,0.02266394906701076,0,Low,Continue routine monitoring and reinforce the student's current supports.,Graduate
320,0.21830047852485074,0,Low,Continue routine monitoring and reinforce the student's current supports.,Enrolled
321,0.994112610925692,1,High,"Start proactive outreach within 72 hours and connect the student to academic, advising, and financial support.",Dropout
322,0.12124096517471812,0,Low,Continue routine monitoring and reinforce the student's current supports.,Graduate
323,0.06272851432252485,0,Low,Continue routine monitoring and reinforce the student's current supports.,Graduate
324,0.274288998143124,0,Low,Continue routine monitoring and reinforce the student's current supports.,Graduate
325,0.1450889731271412,0,Low,Continue routine monitoring and reinforce the student's current supports.,Enrolled
326,0.4504403185782054,0,Medium,"Schedule a check-in within two weeks and review attendance, coursework, and advising needs.",Graduate
327,0.054112812828434644,0,Low,Continue routine monitoring and reinforce the student's current supports.,Graduate
328,0.06100411181427419,0,Low,Continue routine monitoring and reinforce the student's current supports.,Graduate
329,0.31357287474438056,0,Low,Continue routine monitoring and reinforce the student's current supports.,Enrolled
330,0.023899062126840637,0,Low,Continue routine monitoring and reinforce the student's current supports.,Enrolled
331,0.1263710551529126,0,Low,Continue routine monitoring and reinforce the student's current supports.,Enrolled
332,0.9536259575884243,1,High,"Start proactive outreach within 72 hours and connect the student to academic, advising, and financial support.",Dropout
333,0.05411469657798701,0,Low,Continue routine monitoring and reinforce the student's current supports.,Graduate
334,0.026351891861755513,0,Low,Continue routine monitoring and reinforce the student's current supports.,Graduate
335,0.06910884825029631,0,Low,Continue routine monitoring and reinforce the student's current supports.,Graduate
336,0.07404747000116992,0,Low,Continue routine monitoring and reinforce the student's current supports.,Graduate
337,0.5378836435578418,1,Medium,"Schedule a check-in within two weeks and review attendance, coursework, and advising needs.",Graduate
338,0.022784424865646434,0,Low,Continue routine monitoring and reinforce the student's current supports.,Graduate
339,0.07035743640539584,0,Low,Continue routine monitoring and reinforce the student's current supports.,Graduate
340,0.20037075250083997,0,Low,Continue routine monitoring and reinforce the student's current supports.,Graduate
341,0.3295165195042947,0,Low,Continue routine monitoring and reinforce the student's current supports.,Enrolled
342,0.37210520304216504,0,Medium,"Schedule a check-in within two weeks and review attendance, coursework, and advising needs.",Dropout
343,0.09571348365876085,0,Low,Continue routine monitoring and reinforce the student's current supports.,Graduate
344,0.13451948497135527,0,Low,Continue routine monitoring and reinforce the student's current supports.,Graduate
345,0.7234562478301513,1,High,"Start proactive outreach within 72 hours and connect the student to academic, advising, and financial support.",Enrolled
346,0.06308099312175383,0,Low,Continue routine monitoring and reinforce the student's current supports.,Graduate
347,0.42727269871692186,0,Medium,"Schedule a check-in within two weeks and review attendance, coursework, and advising needs.",Enrolled
348,0.06789784596095985,0,Low,Continue routine monitoring and reinforce the student's current supports.,Graduate
349,0.10755851930541949,0,Low,Continue routine monitoring and reinforce the student's current supports.,Graduate
350,0.10514604267676844,0,Low,Continue routine monitoring and reinforce the student's current supports.,Enrolled
351,0.4346234757357214,0,Medium,"Schedule a check-in within two weeks and review attendance, coursework, and advising needs.",Dropout
352,0.03308243970340711,0,Low,Continue routine monitoring and reinforce the student's current supports.,Graduate
353,0.8041874686799286,1,High,"Start proactive outreach within 72 hours and connect the student to academic, advising, and financial support.",Dropout
354,0.046686854979342204,0,Low,Continue routine monitoring and reinforce the student's current supports.,Graduate
355,0.97799085305711,1,High,"Start proactive outreach within 72 hours and connect the student to academic, advising, and financial support.",Dropout
356,0.04622205561188681,0,Low,Continue routine monitoring and reinforce the student's current supports.,Graduate
357,0.21097160589532796,0,Low,Continue routine monitoring and reinforce the student's current supports.,Graduate
358,0.989665555668489,1,High,"Start proactive outreach within 72 hours and connect the student to academic, advising, and financial support.",Dropout
359,0.9728425608586377,1,High,"Start proactive outreach within 72 hours and connect the student to academic, advising, and financial support.",Enrolled
360,0.9365314011736191,1,High,"Start proactive outreach within 72 hours and connect the student to academic, advising, and financial support.",Dropout
361,0.24240852943424798,0,Low,Continue routine monitoring and reinforce the student's current supports.,Graduate
362,0.83517272552817,1,High,"Start proactive outreach within 72 hours and connect the student to academic, advising, and financial support.",Dropout
363,0.3084246957928392,0,Low,Continue routine monitoring and reinforce the student's current supports.,Enrolled
364,0.04921232404120837,0,Low,Continue routine monitoring and reinforce the student's current supports.,Graduate
365,0.1739067702120257,0,Low,Continue routine monitoring and reinforce the student's current supports.,Enrolled
366,0.048563183360524356,0,Low,Continue routine monitoring and reinforce the student's current supports.,Graduate
367,0.03448526405893392,0,Low,Continue routine monitoring and reinforce the student's current supports.,Graduate
368,0.11846287989850034,0,Low,Continue routine monitoring and reinforce the student's current supports.,Enrolled
369,0.009229922097743598,0,Low,Continue routine monitoring and reinforce the student's current supports.,Graduate
370,0.05248680755994247,0,Low,Continue routine monitoring and reinforce the student's current supports.,Dropout
371,0.08918756041996034,0,Low,Continue routine monitoring and reinforce the student's current supports.,Graduate
372,0.17862236841380733,0,Low,Continue routine monitoring and reinforce the student's current supports.,Enrolled
373,0.10411498390918042,0,Low,Continue routine monitoring and reinforce the student's current supports.,Graduate
374,0.039932321576850435,0,Low,Continue routine monitoring and reinforce the student's current supports.,Graduate
375,0.9690016324974247,1,High,"Start proactive outreach within 72 hours and connect the student to academic, advising, and financial support.",Dropout
376,0.20822787017393551,0,Low,Continue routine monitoring and reinforce the student's current supports.,Enrolled
377,0.9979616551572006,1,High,"Start proactive outreach within 72 hours and connect the student to academic, advising, and financial support.",Dropout
378,0.035593309683129924,0,Low,Continue routine monitoring and reinforce the student's current supports.,Graduate
379,0.5964541934941864,1,Medium,"Schedule a check-in within two weeks and review attendance, coursework, and advising needs.",Enrolled
380,0.4621206849823822,0,Medium,"Schedule a check-in within two weeks and review attendance, coursework, and advising needs.",Enrolled
381,0.19867651110512066,0,Low,Continue routine monitoring and reinforce the student's current supports.,Dropout
382,0.0690744605649347,0,Low,Continue routine monitoring and reinforce the student's current supports.,Enrolled
383,0.22370869544963407,0,Low,Continue routine monitoring and reinforce the student's current supports.,Enrolled
384,0.09038242444636757,0,Low,Continue routine monitoring and reinforce the student's current supports.,Graduate
385,0.08513382049882795,0,Low,Continue routine monitoring and reinforce the student's current supports.,Graduate
386,0.21026622233548203,0,Low,Continue routine monitoring and reinforce the student's current supports.,Graduate
387,0.1324125741348377,0,Low,Continue routine monitoring and reinforce the student's current supports.,Graduate
388,0.43086650972215845,0,Medium,"Schedule a check-in within two weeks and review attendance, coursework, and advising needs.",Graduate
389,0.46757741246202705,0,Medium,"Schedule a check-in within two weeks and review attendance, coursework, and advising needs.",Enrolled
390,0.05691060602830521,0,Low,Continue routine monitoring and reinforce the student's current supports.,Graduate
391,0.2568015509754241,0,Low,Continue routine monitoring and reinforce the student's current supports.,Enrolled
392,0.6102621069692387,1,Medium,"Schedule a check-in within two weeks and review attendance, coursework, and advising needs.",Enrolled
393,0.8864515755670689,1,High,"Start proactive outreach within 72 hours and connect the student to academic, advising, and financial support.",Dropout
394,0.8714512753233972,1,High,"Start proactive outreach within 72 hours and connect the student to academic, advising, and financial support.",Dropout
395,0.0622461764752076,0,Low,Continue routine monitoring and reinforce the student's current supports.,Graduate
396,0.07329593636667045,0,Low,Continue routine monitoring and reinforce the student's current supports.,Graduate
397,0.03594969759661212,0,Low,Continue routine monitoring and reinforce the student's current supports.,Graduate
398,0.17675203948930776,0,Low,Continue routine monitoring and reinforce the student's current supports.,Graduate
399,0.5965953634569123,1,Medium,"Schedule a check-in within two weeks and review attendance, coursework, and advising needs.",Dropout
400,0.9040597620122206,1,High,"Start proactive outreach within 72 hours and connect the student to academic, advising, and financial support.",Dropout
401,0.13221648012943873,0,Low,Continue routine monitoring and reinforce the student's current supports.,Enrolled
402,0.7849785527504951,1,High,"Start proactive outreach within 72 hours and connect the student to academic, advising, and financial support.",Enrolled
403,0.5431671880472322,1,Medium,"Schedule a check-in within two weeks and review attendance, coursework, and advising needs.",Enrolled
404,0.21130909885657612,0,Low,Continue routine monitoring and reinforce the student's current supports.,Enrolled
405,0.10556559522124909,0,Low,Continue routine monitoring and reinforce the student's current supports.,Graduate
406,0.4353837943414885,0,Medium,"Schedule a check-in within two weeks and review attendance, coursework, and advising needs.",Graduate
407,0.08720134622058323,0,Low,Continue routine monitoring and reinforce the student's current supports.,Graduate
408,0.22014091249694492,0,Low,Continue routine monitoring and reinforce the student's current supports.,Graduate
409,0.07604218032530269,0,Low,Continue routine monitoring and reinforce the student's current supports.,Graduate
410,0.9799720648383498,1,High,"Start proactive outreach within 72 hours and connect the student to academic, advising, and financial support.",Dropout
411,0.042974089426433146,0,Low,Continue routine monitoring and reinforce the student's current supports.,Graduate
412,0.09947398434544939,0,Low,Continue routine monitoring and reinforce the student's current supports.,Graduate
413,0.0958676180346188,0,Low,Continue routine monitoring and reinforce the student's current supports.,Graduate
414,0.23018825426771483,0,Low,Continue routine monitoring and reinforce the student's current supports.,Graduate
415,0.015172799046148181,0,Low,Continue routine monitoring and reinforce the student's current supports.,Graduate
416,0.15322858829747513,0,Low,Continue routine monitoring and reinforce the student's current supports.,Graduate
417,0.077521525895605,0,Low,Continue routine monitoring and reinforce the student's current supports.,Graduate
418,0.6550918966952791,1,Medium,"Schedule a check-in within two weeks and review attendance, coursework, and advising needs.",Dropout
419,0.07672585788863265,0,Low,Continue routine monitoring and reinforce the student's current supports.,Graduate
420,0.9751060647621642,1,High,"Start proactive outreach within 72 hours and connect the student to academic, advising, and financial support.",Dropout
421,0.0124492453360563,0,Low,Continue routine monitoring and reinforce the student's current supports.,Graduate
422,0.2458564815717502,0,Low,Continue routine monitoring and reinforce the student's current supports.,Graduate
423,0.959507960098295,1,High,"Start proactive outreach within 72 hours and connect the student to academic, advising, and financial support.",Dropout
424,0.03596095505519187,0,Low,Continue routine monitoring and reinforce the student's current supports.,Graduate
425,0.21898165135673048,0,Low,Continue routine monitoring and reinforce the student's current supports.,Graduate
426,0.051934791560322734,0,Low,Continue routine monitoring and reinforce the student's current supports.,Graduate
427,0.09991634264865194,0,Low,Continue routine monitoring and reinforce the student's current supports.,Graduate
428,0.6426285171997156,1,Medium,"Schedule a check-in within two weeks and review attendance, coursework, and advising needs.",Enrolled
429,0.6455944891988227,1,Medium,"Schedule a check-in within two weeks and review attendance, coursework, and advising needs.",Dropout
430,0.20731703244324912,0,Low,Continue routine monitoring and reinforce the student's current supports.,Graduate
431,0.07192744763578363,0,Low,Continue routine monitoring and reinforce the student's current supports.,Graduate
432,0.0917708996481234,0,Low,Continue routine monitoring and reinforce the student's current supports.,Graduate
433,0.08849481095386547,0,Low,Continue routine monitoring and reinforce the student's current supports.,Graduate
434,0.9241863477644422,1,High,"Start proactive outreach within 72 hours and connect the student to academic, advising, and financial support.",Dropout
435,0.15404409788401988,0,Low,Continue routine monitoring and reinforce the student's current supports.,Graduate
436,0.047262779189906824,0,Low,Continue routine monitoring and reinforce the student's current supports.,Graduate
437,0.10946516983243487,0,Low,Continue routine monitoring and reinforce the student's current supports.,Enrolled
438,0.022262146353026382,0,Low,Continue routine monitoring and reinforce the student's current supports.,Graduate
439,0.986903523532037,1,High,"Start proactive outreach within 72 hours and connect the student to academic, advising, and financial support.",Dropout
440,0.21089486755306464,0,Low,Continue routine monitoring and reinforce the student's current supports.,Graduate
441,0.6514198934275763,1,Medium,"Schedule a check-in within two weeks and review attendance, coursework, and advising needs.",Enrolled
442,0.7553768372318019,1,High,"Start proactive outreach within 72 hours and connect the student to academic, advising, and financial support.",Enrolled
443,0.08949147911730235,0,Low,Continue routine monitoring and reinforce the student's current supports.,Graduate
444,0.046782008276800256,0,Low,Continue routine monitoring and reinforce the student's current supports.,Graduate
445,0.22714723654208335,0,Low,Continue routine monitoring and reinforce the student's current supports.,Graduate
446,0.03692352291677875,0,Low,Continue routine monitoring and reinforce the student's current supports.,Graduate
447,0.024923819267520173,0,Low,Continue routine monitoring and reinforce the student's current supports.,Graduate
448,0.054241707223573236,0,Low,Continue routine monitoring and reinforce the student's current supports.,Dropout
449,0.15379429365458985,0,Low,Continue routine monitoring and reinforce the student's current supports.,Graduate
450,0.14899866687221588,0,Low,Continue routine monitoring and reinforce the student's current supports.,Enrolled
451,0.08867793150512374,0,Low,Continue routine monitoring and reinforce the student's current supports.,Graduate
452,0.05029708330653896,0,Low,Continue routine monitoring and reinforce the student's current supports.,Graduate
453,0.03542601697736612,0,Low,Continue routine monitoring and reinforce the student's current supports.,Graduate
454,0.054490670014521084,0,Low,Continue routine monitoring and reinforce the student's current supports.,Graduate
455,0.09336948493515246,0,Low,Continue routine monitoring and reinforce the student's current supports.,Enrolled
456,0.47767501943681084,0,Medium,"Schedule a check-in within two weeks and review attendance, coursework, and advising needs.",Graduate
457,0.9593858618139571,1,High,"Start proactive outreach within 72 hours and connect the student to academic, advising, and financial support.",Dropout
458,0.30507691357646183,0,Low,Continue routine monitoring and reinforce the student's current supports.,Dropout
459,0.04475748100312625,0,Low,Continue routine monitoring and reinforce the student's current supports.,Graduate
460,0.16958947616963396,0,Low,Continue routine monitoring and reinforce the student's current supports.,Graduate
461,0.182525133442534,0,Low,Continue routine monitoring and reinforce the student's current supports.,Graduate
462,0.02288529327202908,0,Low,Continue routine monitoring and reinforce the student's current supports.,Graduate
463,0.23172495173428798,0,Low,Continue routine monitoring and reinforce the student's current supports.,Graduate
464,0.2892116569849685,0,Low,Continue routine monitoring and reinforce the student's current supports.,Graduate
465,0.3003567898443046,0,Low,Continue routine monitoring and reinforce the student's current supports.,Enrolled
466,0.41370304839550426,0,Medium,"Schedule a check-in within two weeks and review attendance, coursework, and advising needs.",Dropout
467,0.39104558385513594,0,Medium,"Schedule a check-in within two weeks and review attendance, coursework, and advising needs.",Enrolled
468,0.2318794135779593,0,Low,Continue routine monitoring and reinforce the student's current supports.,Graduate
469,0.010158010594475094,0,Low,Continue routine monitoring and reinforce the student's current supports.,Graduate
470,0.13055993651228137,0,Low,Continue routine monitoring and reinforce the student's current supports.,Graduate
471,0.07674078044063282,0,Low,Continue routine monitoring and reinforce the student's current supports.,Graduate
472,0.04735719089278646,0,Low,Continue routine monitoring and reinforce the student's current supports.,Graduate
473,0.14278876193452064,0,Low,Continue routine monitoring and reinforce the student's current supports.,Dropout
474,0.06319192641247856,0,Low,Continue routine monitoring and reinforce the student's current supports.,Graduate
475,0.9997423297321197,1,High,"Start proactive outreach within 72 hours and connect the student to academic, advising, and financial support.",Dropout
476,0.06803538154836536,0,Low,Continue routine monitoring and reinforce the student's current supports.,Graduate
477,0.9718712252623896,1,High,"Start proactive outreach within 72 hours and connect the student to academic, advising, and financial support.",Dropout
478,0.9992002159404478,1,High,"Start proactive outreach within 72 hours and connect the student to academic, advising, and financial support.",Dropout
479,0.11834365591643159,0,Low,Continue routine monitoring and reinforce the student's current supports.,Graduate
480,0.005625931781392514,0,Low,Continue routine monitoring and reinforce the student's current supports.,Enrolled
481,0.05751868222036636,0,Low,Continue routine monitoring and reinforce the student's current supports.,Graduate
482,0.12058566568588149,0,Low,Continue routine monitoring and reinforce the student's current supports.,Graduate
483,0.958390696971738,1,High,"Start proactive outreach within 72 hours and connect the student to academic, advising, and financial support.",Dropout
484,0.33769312436459337,0,Medium,"Schedule a check-in within two weeks and review attendance, coursework, and advising needs.",Enrolled
485,0.04075811026089226,0,Low,Continue routine monitoring and reinforce the student's current supports.,Graduate
486,0.27398139341380967,0,Low,Continue routine monitoring and reinforce the student's current supports.,Graduate
487,0.3071733432330218,0,Low,Continue routine monitoring and reinforce the student's current supports.,Dropout
488,0.5812514902932666,1,Medium,"Schedule a check-in within two weeks and review attendance, coursework, and advising needs.",Dropout
489,0.05900034924597115,0,Low,Continue routine monitoring and reinforce the student's current supports.,Graduate
490,0.07008717524802896,0,Low,Continue routine monitoring and reinforce the student's current supports.,Graduate
491,0.05056479936568619,0,Low,Continue routine monitoring and reinforce the student's current supports.,Graduate
492,0.08665948143371832,0,Low,Continue routine monitoring and reinforce the student's current supports.,Graduate
493,0.05938127527212713,0,Low,Continue routine monitoring and reinforce the student's current supports.,Graduate
494,0.4227658076957056,0,Medium,"Schedule a check-in within two weeks and review attendance, coursework, and advising needs.",Enrolled
495,0.3184556738171317,0,Low,Continue routine monitoring and reinforce the student's current supports.,Enrolled
496,0.9984561472567218,1,High,"Start proactive outreach within 72 hours and connect the student to academic, advising, and financial support.",Dropout
497,0.9942002490145039,1,High,"Start proactive outreach within 72 hours and connect the student to academic, advising, and financial support.",Dropout
498,0.25267328903559777,0,Low,Continue routine monitoring and reinforce the student's current supports.,Graduate
499,0.08436338703892965,0,Low,Continue routine monitoring and reinforce the student's current supports.,Graduate
500,0.028190993270341764,0,Low,Continue routine monitoring and reinforce the student's current supports.,Graduate
501,0.21031728352323176,0,Low,Continue routine monitoring and reinforce the student's current supports.,Enrolled
502,0.2664508458424265,0,Low,Continue routine monitoring and reinforce the student's current supports.,Graduate
503,0.7820009595721801,1,High,"Start proactive outreach within 72 hours and connect the student to academic, advising, and financial support.",Enrolled
504,0.9869691276188606,1,High,"Start proactive outreach within 72 hours and connect the student to academic, advising, and financial support.",Dropout
505,0.07792870431789517,0,Low,Continue routine monitoring and reinforce the student's current supports.,Graduate
506,0.451805628506127,0,Medium,"Schedule a check-in within two weeks and review attendance, coursework, and advising needs.",Enrolled
507,0.29571993119097406,0,Low,Continue routine monitoring and reinforce the student's current supports.,Enrolled
508,0.0834302319627103,0,Low,Continue routine monitoring and reinforce the student's current supports.,Graduate
509,0.16674509386839195,0,Low,Continue routine monitoring and reinforce the student's current supports.,Dropout
510,0.887707390494037,1,High,"Start proactive outreach within 72 hours and connect the student to academic, advising, and financial support.",Dropout
511,0.6558257750229343,1,Medium,"Schedule a check-in within two weeks and review attendance, coursework, and advising needs.",Enrolled
512,0.9935355146545025,1,High,"Start proactive outreach within 72 hours and connect the student to academic, advising, and financial support.",Dropout
513,0.8561483672089288,1,High,"Start proactive outreach within 72 hours and connect the student to academic, advising, and financial support.",Graduate
514,0.9966216952656213,1,High,"Start proactive outreach within 72 hours and connect the student to academic, advising, and financial support.",Dropout
515,0.9913218614916958,1,High,"Start proactive outreach within 72 hours and connect the student to academic, advising, and financial support.",Dropout
516,0.9979023072984203,1,High,"Start proactive outreach within 72 hours and connect the student to academic, advising, and financial support.",Dropout
517,0.17012169376025163,0,Low,Continue routine monitoring and reinforce the student's current supports.,Graduate
518,0.784004725223992,1,High,"Start proactive outreach within 72 hours and connect the student to academic, advising, and financial support.",Dropout
519,0.9818445835221316,1,High,"Start proactive outreach within 72 hours and connect the student to academic, advising, and financial support.",Dropout
520,0.5403519370270958,1,Medium,"Schedule a check-in within two weeks and review attendance, coursework, and advising needs.",Dropout
521,0.08582668829463563,0,Low,Continue routine monitoring and reinforce the student's current supports.,Graduate
522,0.4164674534432133,0,Medium,"Schedule a check-in within two weeks and review attendance, coursework, and advising needs.",Graduate
523,0.0758356234978082,0,Low,Continue routine monitoring and reinforce the student's current supports.,Graduate
524,0.0760564823684239,0,Low,Continue routine monitoring and reinforce the student's current supports.,Graduate
525,0.9693518532408959,1,High,"Start proactive outreach within 72 hours and connect the student to academic, advising, and financial support.",Dropout
526,0.8036364253594789,1,High,"Start proactive outreach within 72 hours and connect the student to academic, advising, and financial support.",Dropout
527,0.7977346719383285,1,High,"Start proactive outreach within 72 hours and connect the student to academic, advising, and financial support.",Enrolled
528,0.6147538909523347,1,Medium,"Schedule a check-in within two weeks and review attendance, coursework, and advising needs.",Graduate
529,0.9983629386339133,1,High,"Start proactive outreach within 72 hours and connect the student to academic, advising, and financial support.",Dropout
530,0.747868033668506,1,High,"Start proactive outreach within 72 hours and connect the student to academic, advising, and financial support.",Dropout
531,0.4078072539086844,0,Medium,"Schedule a check-in within two weeks and review attendance, coursework, and advising needs.",Enrolled
532,0.9825735956144765,1,High,"Start proactive outreach within 72 hours and connect the student to academic, advising, and financial support.",Dropout
533,0.06484896035420011,0,Low,Continue routine monitoring and reinforce the student's current supports.,Graduate
534,0.976762600034829,1,High,"Start proactive outreach within 72 hours and connect the student to academic, advising, and financial support.",Dropout
535,0.2792163036808098,0,Low,Continue routine monitoring and reinforce the student's current supports.,Graduate
536,0.325833142901595,0,Low,Continue routine monitoring and reinforce the student's current supports.,Graduate
537,0.9759369533509973,1,High,"Start proactive outreach within 72 hours and connect the student to academic, advising, and financial support.",Dropout
538,0.4290615309403651,0,Medium,"Schedule a check-in within two weeks and review attendance, coursework, and advising needs.",Graduate
539,0.06040569714632769,0,Low,Continue routine monitoring and reinforce the student's current supports.,Graduate
540,0.3857562268141007,0,Medium,"Schedule a check-in within two weeks and review attendance, coursework, and advising needs.",Dropout
541,0.08519972978992726,0,Low,Continue routine monitoring and reinforce the student's current supports.,Graduate
542,0.21270126450353094,0,Low,Continue routine monitoring and reinforce the student's current supports.,Enrolled
543,0.03225220559001015,0,Low,Continue routine monitoring and reinforce the student's current supports.,Graduate
544,0.050420211981659004,0,Low,Continue routine monitoring and reinforce the student's current supports.,Graduate
545,0.07448558052013826,0,Low,Continue routine monitoring and reinforce the student's current supports.,Enrolled
546,0.4138439030748358,0,Medium,"Schedule a check-in within two weeks and review attendance, coursework, and advising needs.",Enrolled
547,0.8359923032610566,1,High,"Start proactive outreach within 72 hours and connect the student to academic, advising, and financial support.",Enrolled
548,0.5473948882641948,1,Medium,"Schedule a check-in within two weeks and review attendance, coursework, and advising needs.",Enrolled
549,0.15134748167947965,0,Low,Continue routine monitoring and reinforce the student's current supports.,Enrolled
550,0.16592717123707926,0,Low,Continue routine monitoring and reinforce the student's current supports.,Graduate
551,0.6904506244317088,1,High,"Start proactive outreach within 72 hours and connect the student to academic, advising, and financial support.",Dropout
552,0.9868902008707746,1,High,"Start proactive outreach within 72 hours and connect the student to academic, advising, and financial support.",Dropout
553,0.8886308863586768,1,High,"Start proactive outreach within 72 hours and connect the student to academic, advising, and financial support.",Dropout
554,0.9726838603434892,1,High,"Start proactive outreach within 72 hours and connect the student to academic, advising, and financial support.",Dropout
555,0.9576909755218287,1,High,"Start proactive outreach within 72 hours and connect the student to academic, advising, and financial support.",Dropout
556,0.1611327985835503,0,Low,Continue routine monitoring and reinforce the student's current supports.,Dropout
557,0.6019413349405769,1,Medium,"Schedule a check-in within two weeks and review attendance, coursework, and advising needs.",Enrolled
558,0.46170409088581654,0,Medium,"Schedule a check-in within two weeks and review attendance, coursework, and advising needs.",Graduate
559,0.3880368839127949,0,Medium,"Schedule a check-in within two weeks and review attendance, coursework, and advising needs.",Enrolled
560,0.03785109470873688,0,Low,Continue routine monitoring and reinforce the student's current supports.,Graduate
561,0.006307979154255874,0,Low,Continue routine monitoring and reinforce the student's current supports.,Graduate
562,0.691900353831996,1,High,"Start proactive outreach within 72 hours and connect the student to academic, advising, and financial support.",Enrolled
563,0.8886970573645173,1,High,"Start proactive outreach within 72 hours and connect the student to academic, advising, and financial support.",Dropout
564,0.24588964461294424,0,Low,Continue routine monitoring and reinforce the student's current supports.,Graduate
565,0.14143702334784738,0,Low,Continue routine monitoring and reinforce the student's current supports.,Graduate
566,0.14592119855772714,0,Low,Continue routine monitoring and reinforce the student's current supports.,Graduate
567,0.8713877945363362,1,High,"Start proactive outreach within 72 hours and connect the student to academic, advising, and financial support.",Dropout
568,0.7932067697113772,1,High,"Start proactive outreach within 72 hours and connect the student to academic, advising, and financial support.",Dropout
569,0.2112526584586824,0,Low,Continue routine monitoring and reinforce the student's current supports.,Graduate
570,0.37147715696226474,0,Medium,"Schedule a check-in within two weeks and review attendance, coursework, and advising needs.",Graduate
571,0.023224415267980213,0,Low,Continue routine monitoring and reinforce the student's current supports.,Graduate
572,0.7801459091118786,1,High,"Start proactive outreach within 72 hours and connect the student to academic, advising, and financial support.",Dropout
573,0.6378341303376547,1,Medium,"Schedule a check-in within two weeks and review attendance, coursework, and advising needs.",Dropout
574,0.21790285998355743,0,Low,Continue routine monitoring and reinforce the student's current supports.,Enrolled
575,0.26846736323527365,0,Low,Continue routine monitoring and reinforce the student's current supports.,Graduate
576,0.9941955276283043,1,High,"Start proactive outreach within 72 hours and connect the student to academic, advising, and financial support.",Dropout
577,0.09467291309742376,0,Low,Continue routine monitoring and reinforce the student's current supports.,Graduate
578,0.1052931074536539,0,Low,Continue routine monitoring and reinforce the student's current supports.,Enrolled
579,0.015471742216633222,0,Low,Continue routine monitoring and reinforce the student's current supports.,Graduate
580,0.12279908869178283,0,Low,Continue routine monitoring and reinforce the student's current supports.,Graduate
581,0.9953442602415642,1,High,"Start proactive outreach within 72 hours and connect the student to academic, advising, and financial support.",Dropout
582,0.3028325765322433,0,Low,Continue routine monitoring and reinforce the student's current supports.,Graduate
583,0.1960644366083426,0,Low,Continue routine monitoring and reinforce the student's current supports.,Enrolled
584,0.22493669113023154,0,Low,Continue routine monitoring and reinforce the student's current supports.,Graduate
585,0.3008976431111193,0,Low,Continue routine monitoring and reinforce the student's current supports.,Graduate
586,0.040206294304784486,0,Low,Continue routine monitoring and reinforce the student's current supports.,Graduate
587,0.29318956501642457,0,Low,Continue routine monitoring and reinforce the student's current supports.,Graduate
588,0.09713927770592065,0,Low,Continue routine monitoring and reinforce the student's current supports.,Graduate
589,0.2931010070308716,0,Low,Continue routine monitoring and reinforce the student's current supports.,Graduate
590,0.14226047055032798,0,Low,Continue routine monitoring and reinforce the student's current supports.,Graduate
591,0.055939487385658175,0,Low,Continue routine monitoring and reinforce the student's current supports.,Graduate
592,0.2622312369440706,0,Low,Continue routine monitoring and reinforce the student's current supports.,Enrolled
593,0.07806400129819034,0,Low,Continue routine monitoring and reinforce the student's current supports.,Graduate
594,0.3455976440614394,0,Medium,"Schedule a check-in within two weeks and review attendance, coursework, and advising needs.",Enrolled
595,0.10530290198219616,0,Low,Continue routine monitoring and reinforce the student's current supports.,Enrolled
596,0.6648579414240381,1,High,"Start proactive outreach within 72 hours and connect the student to academic, advising, and financial support.",Dropout
597,0.9090680003231031,1,High,"Start proactive outreach within 72 hours and connect the student to academic, advising, and financial support.",Dropout
598,0.9146786549346452,1,High,"Start proactive outreach within 72 hours and connect the student to academic, advising, and financial support.",Dropout
599,0.131462681817051,0,Low,Continue routine monitoring and reinforce the student's current supports.,Graduate
600,0.04666876572694833,0,Low,Continue routine monitoring and reinforce the student's current supports.,Graduate
601,0.9951184566603613,1,High,"Start proactive outreach within 72 hours and connect the student to academic, advising, and financial support.",Dropout
602,0.91060026409043,1,High,"Start proactive outreach within 72 hours and connect the student to academic, advising, and financial support.",Dropout
603,0.2623247293666694,0,Low,Continue routine monitoring and reinforce the student's current supports.,Graduate
604,0.10612250347124157,0,Low,Continue routine monitoring and reinforce the student's current supports.,Graduate
605,0.01444946479274369,0,Low,Continue routine monitoring and reinforce the student's current supports.,Graduate
606,0.844197813404822,1,High,"Start proactive outreach within 72 hours and connect the student to academic, advising, and financial support.",Dropout
607,0.9480761156320617,1,High,"Start proactive outreach within 72 hours and connect the student to academic, advising, and financial support.",Dropout
608,0.08481507389333481,0,Low,Continue routine monitoring and reinforce the student's current supports.,Graduate
609,0.7413884507017181,1,High,"Start proactive outreach within 72 hours and connect the student to academic, advising, and financial support.",Dropout
610,0.06587886902053339,0,Low,Continue routine monitoring and reinforce the student's current supports.,Enrolled
611,0.01384091037903276,0,Low,Continue routine monitoring and reinforce the student's current supports.,Graduate
612,0.02443419022140248,0,Low,Continue routine monitoring and reinforce the student's current supports.,Graduate
613,0.08439882625346126,0,Low,Continue routine monitoring and reinforce the student's current supports.,Graduate
614,0.1562791338370543,0,Low,Continue routine monitoring and reinforce the student's current supports.,Enrolled
615,0.03697822732660206,0,Low,Continue routine monitoring and reinforce the student's current supports.,Graduate
616,0.0683969820088759,0,Low,Continue routine monitoring and reinforce the student's current supports.,Graduate
617,0.07309844406854124,0,Low,Continue routine monitoring and reinforce the student's current supports.,Graduate
618,0.08088064917827412,0,Low,Continue routine monitoring and reinforce the student's current supports.,Graduate
619,0.0344253078644726,0,Low,Continue routine monitoring and reinforce the student's current supports.,Graduate
620,0.15105836102486772,0,Low,Continue routine monitoring and reinforce the student's current supports.,Enrolled
621,0.08331084414123298,0,Low,Continue routine monitoring and reinforce the student's current supports.,Graduate
622,0.7080534024368738,1,High,"Start proactive outreach within 72 hours and connect the student to academic, advising, and financial support.",Dropout
623,0.6679881873402396,1,High,"Start proactive outreach within 72 hours and connect the student to academic, advising, and financial support.",Dropout
624,0.01916923838605854,0,Low,Continue routine monitoring and reinforce the student's current supports.,Graduate
625,0.3098695683097496,0,Low,Continue routine monitoring and reinforce the student's current supports.,Dropout
626,0.2522107078054089,0,Low,Continue routine monitoring and reinforce the student's current supports.,Dropout
627,0.04360813531636666,0,Low,Continue routine monitoring and reinforce the student's current supports.,Graduate
628,0.03123599937366483,0,Low,Continue routine monitoring and reinforce the student's current supports.,Graduate
629,0.08858788446144121,0,Low,Continue routine monitoring and reinforce the student's current supports.,Graduate
630,0.229633187159507,0,Low,Continue routine monitoring and reinforce the student's current supports.,Graduate
631,0.05634237790242398,0,Low,Continue routine monitoring and reinforce the student's current supports.,Graduate
632,0.47764942816157857,0,Medium,"Schedule a check-in within two weeks and review attendance, coursework, and advising needs.",Enrolled
633,0.022339375235887454,0,Low,Continue routine monitoring and reinforce the student's current supports.,Graduate
634,0.006017436027627135,0,Low,Continue routine monitoring and reinforce the student's current supports.,Graduate
635,0.07725914352963453,0,Low,Continue routine monitoring and reinforce the student's current supports.,Graduate
636,0.10867006750153298,0,Low,Continue routine monitoring and reinforce the student's current supports.,Graduate
637,0.0621852695096257,0,Low,Continue routine monitoring and reinforce the student's current supports.,Graduate
638,0.4922734889565983,0,Medium,"Schedule a check-in within two weeks and review attendance, coursework, and advising needs.",Enrolled
639,0.11198938864523032,0,Low,Continue routine monitoring and reinforce the student's current supports.,Graduate
640,0.08650416643837652,0,Low,Continue routine monitoring and reinforce the student's current supports.,Dropout
641,0.9912732926412441,1,High,"Start proactive outreach within 72 hours and connect the student to academic, advising, and financial support.",Dropout
642,0.4919621242089987,0,Medium,"Schedule a check-in within two weeks and review attendance, coursework, and advising needs.",Enrolled
643,0.4414986498633133,0,Medium,"Schedule a check-in within two weeks and review attendance, coursework, and advising needs.",Enrolled
644,0.04205847335915568,0,Low,Continue routine monitoring and reinforce the student's current supports.,Enrolled
645,0.9987294141269719,1,High,"Start proactive outreach within 72 hours and connect the student to academic, advising, and financial support.",Dropout
646,0.17538699717725867,0,Low,Continue routine monitoring and reinforce the student's current supports.,Enrolled
647,0.36009465148157327,0,Medium,"Schedule a check-in within two weeks and review attendance, coursework, and advising needs.",Enrolled
648,0.13026922399144703,0,Low,Continue routine monitoring and reinforce the student's current supports.,Graduate
649,0.044714698811592055,0,Low,Continue routine monitoring and reinforce the student's current supports.,Graduate
650,0.2449097694412699,0,Low,Continue routine monitoring and reinforce the student's current supports.,Graduate
651,0.08574812995646577,0,Low,Continue routine monitoring and reinforce the student's current supports.,Graduate
652,0.6813076730240196,1,High,"Start proactive outreach within 72 hours and connect the student to academic, advising, and financial support.",Enrolled
653,0.17037554446202238,0,Low,Continue routine monitoring and reinforce the student's current supports.,Graduate
654,0.09293555889160353,0,Low,Continue routine monitoring and reinforce the student's current supports.,Graduate
655,0.18438756403908238,0,Low,Continue routine monitoring and reinforce the student's current supports.,Graduate
656,0.11590790129777037,0,Low,Continue routine monitoring and reinforce the student's current supports.,Enrolled
657,0.4514824941613068,0,Medium,"Schedule a check-in within two weeks and review attendance, coursework, and advising needs.",Enrolled
658,0.4298875906469203,0,Medium,"Schedule a check-in within two weeks and review attendance, coursework, and advising needs.",Graduate
659,0.10064495390991919,0,Low,Continue routine monitoring and reinforce the student's current supports.,Graduate
660,0.9514291676035845,1,High,"Start proactive outreach within 72 hours and connect the student to academic, advising, and financial support.",Dropout
661,0.02655391573824578,0,Low,Continue routine monitoring and reinforce the student's current supports.,Graduate
662,0.017626851015393286,0,Low,Continue routine monitoring and reinforce the student's current supports.,Enrolled
663,0.25127315820155177,0,Low,Continue routine monitoring and reinforce the student's current supports.,Graduate
664,0.42908562490068475,0,Medium,"Schedule a check-in within two weeks and review attendance, coursework, and advising needs.",Graduate
665,0.08406189200344896,0,Low,Continue routine monitoring and reinforce the student's current supports.,Graduate
666,0.010702418743369985,0,Low,Continue routine monitoring and reinforce the student's current supports.,Graduate
667,0.9426145829255999,1,High,"Start proactive outreach within 72 hours and connect the student to academic, advising, and financial support.",Dropout
668,0.046151892766640244,0,Low,Continue routine monitoring and reinforce the student's current supports.,Graduate
669,0.9922553536104946,1,High,"Start proactive outreach within 72 hours and connect the student to academic, advising, and financial support.",Dropout
670,0.034753043161314626,0,Low,Continue routine monitoring and reinforce the student's current supports.,Graduate
671,0.05914267644198312,0,Low,Continue routine monitoring and reinforce the student's current supports.,Graduate
672,0.20965978415957962,0,Low,Continue routine monitoring and reinforce the student's current supports.,Dropout
673,0.02644708448465217,0,Low,Continue routine monitoring and reinforce the student's current supports.,Graduate
674,0.08284499322294035,0,Low,Continue routine monitoring and reinforce the student's current supports.,Graduate
675,0.09000821738598433,0,Low,Continue routine monitoring and reinforce the student's current supports.,Graduate
676,0.9200520374871552,1,High,"Start proactive outreach within 72 hours and connect the student to academic, advising, and financial support.",Dropout
677,0.11960725782402093,0,Low,Continue routine monitoring and reinforce the student's current supports.,Graduate
678,0.7096783385936215,1,High,"Start proactive outreach within 72 hours and connect the student to academic, advising, and financial support.",Enrolled
679,0.9998074676056902,1,High,"Start proactive outreach within 72 hours and connect the student to academic, advising, and financial support.",Dropout
680,0.37736610165701023,0,Medium,"Schedule a check-in within two weeks and review attendance, coursework, and advising needs.",Graduate
681,0.2779565704403943,0,Low,Continue routine monitoring and reinforce the student's current supports.,Graduate
682,0.056421092605698324,0,Low,Continue routine monitoring and reinforce the student's current supports.,Graduate
683,0.6210011268627847,1,Medium,"Schedule a check-in within two weeks and review attendance, coursework, and advising needs.",Dropout
684,0.9970930951638003,1,High,"Start proactive outreach within 72 hours and connect the student to academic, advising, and financial support.",Dropout
685,0.6172556857486425,1,Medium,"Schedule a check-in within two weeks and review attendance, coursework, and advising needs.",Graduate
686,0.09705826204381744,0,Low,Continue routine monitoring and reinforce the student's current supports.,Graduate
687,0.9824532073237349,1,High,"Start proactive outreach within 72 hours and connect the student to academic, advising, and financial support.",Dropout
688,0.08691864672596393,0,Low,Continue routine monitoring and reinforce the student's current supports.,Graduate
689,0.14129338202226788,0,Low,Continue routine monitoring and reinforce the student's current supports.,Graduate
690,0.999022330496433,1,High,"Start proactive outreach within 72 hours and connect the student to academic, advising, and financial support.",Dropout
691,0.9969448693848054,1,High,"Start proactive outreach within 72 hours and connect the student to academic, advising, and financial support.",Dropout
692,0.06533500307647891,0,Low,Continue routine monitoring and reinforce the student's current supports.,Graduate
693,0.20456060243475538,0,Low,Continue routine monitoring and reinforce the student's current supports.,Enrolled
694,0.9995078962932417,1,High,"Start proactive outreach within 72 hours and connect the student to academic, advising, and financial support.",Dropout
695,0.7497798630819043,1,High,"Start proactive outreach within 72 hours and connect the student to academic, advising, and financial support.",Graduate
696,0.7206952374655136,1,High,"Start proactive outreach within 72 hours and connect the student to academic, advising, and financial support.",Dropout
697,0.120352420149398,0,Low,Continue routine monitoring and reinforce the student's current supports.,Graduate
698,0.4767299656746156,0,Medium,"Schedule a check-in within two weeks and review attendance, coursework, and advising needs.",Enrolled
699,0.06251729957907849,0,Low,Continue routine monitoring and reinforce the student's current supports.,Graduate
700,0.8758059345054906,1,High,"Start proactive outreach within 72 hours and connect the student to academic, advising, and financial support.",Dropout
701,0.7576268369227858,1,High,"Start proactive outreach within 72 hours and connect the student to academic, advising, and financial support.",Enrolled
702,0.6880132378970005,1,High,"Start proactive outreach within 72 hours and connect the student to academic, advising, and financial support.",Dropout
703,0.9457064950303654,1,High,"Start proactive outreach within 72 hours and connect the student to academic, advising, and financial support.",Dropout
704,0.9754386628178257,1,High,"Start proactive outreach within 72 hours and connect the student to academic, advising, and financial support.",Dropout
705,0.1387796932881059,0,Low,Continue routine monitoring and reinforce the student's current supports.,Graduate
706,0.31325798009016165,0,Low,Continue routine monitoring and reinforce the student's current supports.,Dropout
707,0.058744986964988415,0,Low,Continue routine monitoring and reinforce the student's current supports.,Graduate
708,0.09932769527072781,0,Low,Continue routine monitoring and reinforce the student's current supports.,Graduate
709,0.24331969512056867,0,Low,Continue routine monitoring and reinforce the student's current supports.,Graduate
710,0.998571188232513,1,High,"Start proactive outreach within 72 hours and connect the student to academic, advising, and financial support.",Dropout
711,0.9953934057593191,1,High,"Start proactive outreach within 72 hours and connect the student to academic, advising, and financial support.",Dropout
712,0.9990296494545597,1,High,"Start proactive outreach within 72 hours and connect the student to academic, advising, and financial support.",Dropout
713,0.442570720386272,0,Medium,"Schedule a check-in within two weeks and review attendance, coursework, and advising needs.",Graduate
714,0.040259506515501885,0,Low,Continue routine monitoring and reinforce the student's current supports.,Graduate
715,0.07593196221004914,0,Low,Continue routine monitoring and reinforce the student's current supports.,Graduate
716,0.044031532975711905,0,Low,Continue routine monitoring and reinforce the student's current supports.,Graduate
717,0.9992712922909076,1,High,"Start proactive outreach within 72 hours and connect the student to academic, advising, and financial support.",Dropout
718,0.9987431921621187,1,High,"Start proactive outreach within 72 hours and connect the student to academic, advising, and financial support.",Dropout
719,0.24439440843955992,0,Low,Continue routine monitoring and reinforce the student's current supports.,Enrolled
720,0.5214605422546811,1,Medium,"Schedule a check-in within two weeks and review attendance, coursework, and advising needs.",Enrolled
721,0.9610437485474761,1,High,"Start proactive outreach within 72 hours and connect the student to academic, advising, and financial support.",Dropout
722,0.09683328122995266,0,Low,Continue routine monitoring and reinforce the student's current supports.,Enrolled
723,0.21122986908563343,0,Low,Continue routine monitoring and reinforce the student's current supports.,Graduate
724,0.9983525881201027,1,High,"Start proactive outreach within 72 hours and connect the student to academic, advising, and financial support.",Dropout
725,0.9996682988850696,1,High,"Start proactive outreach within 72 hours and connect the student to academic, advising, and financial support.",Dropout
726,0.40139585304241715,0,Medium,"Schedule a check-in within two weeks and review attendance, coursework, and advising needs.",Graduate
727,0.4464092082693589,0,Medium,"Schedule a check-in within two weeks and review attendance, coursework, and advising needs.",Graduate
728,0.9877541310252191,1,High,"Start proactive outreach within 72 hours and connect the student to academic, advising, and financial support.",Dropout
729,0.4491824838011089,0,Medium,"Schedule a check-in within two weeks and review attendance, coursework, and advising needs.",Graduate
730,0.42695504965801895,0,Medium,"Schedule a check-in within two weeks and review attendance, coursework, and advising needs.",Enrolled
731,0.9229965475254819,1,High,"Start proactive outreach within 72 hours and connect the student to academic, advising, and financial support.",Dropout
732,0.052570154364970756,0,Low,Continue routine monitoring and reinforce the student's current supports.,Graduate
733,0.14977540691754646,0,Low,Continue routine monitoring and reinforce the student's current supports.,Graduate
734,0.2737132566771795,0,Low,Continue routine monitoring and reinforce the student's current supports.,Graduate
735,0.9948829575122927,1,High,"Start proactive outreach within 72 hours and connect the student to academic, advising, and financial support.",Dropout
736,0.2416559471469116,0,Low,Continue routine monitoring and reinforce the student's current supports.,Graduate
737,0.5903570393781314,1,Medium,"Schedule a check-in within two weeks and review attendance, coursework, and advising needs.",Enrolled
738,0.8382935498002675,1,High,"Start proactive outreach within 72 hours and connect the student to academic, advising, and financial support.",Dropout
739,0.0727535288037696,0,Low,Continue routine monitoring and reinforce the student's current supports.,Enrolled
740,0.5626717226556264,1,Medium,"Schedule a check-in within two weeks and review attendance, coursework, and advising needs.",Dropout
741,0.9572433388822021,1,High,"Start proactive outreach within 72 hours and connect the student to academic, advising, and financial support.",Dropout
742,0.05713969168357006,0,Low,Continue routine monitoring and reinforce the student's current supports.,Graduate
743,0.2855955864183483,0,Low,Continue routine monitoring and reinforce the student's current supports.,Dropout
744,0.5784405585656538,1,Medium,"Schedule a check-in within two weeks and review attendance, coursework, and advising needs.",Dropout
745,0.405999890333103,0,Medium,"Schedule a check-in within two weeks and review attendance, coursework, and advising needs.",Graduate
746,0.9945152090725617,1,High,"Start proactive outreach within 72 hours and connect the student to academic, advising, and financial support.",Dropout
747,0.9848388416386037,1,High,"Start proactive outreach within 72 hours and connect the student to academic, advising, and financial support.",Dropout
748,0.0012794351431144107,0,Low,Continue routine monitoring and reinforce the student's current supports.,Graduate
749,0.9853706165512995,1,High,"Start proactive outreach within 72 hours and connect the student to academic, advising, and financial support.",Dropout
750,0.07267386973032648,0,Low,Continue routine monitoring and reinforce the student's current supports.,Graduate
751,0.33484546246256747,0,Medium,"Schedule a check-in within two weeks and review attendance, coursework, and advising needs.",Graduate
752,0.0985637533567387,0,Low,Continue routine monitoring and reinforce the student's current supports.,Graduate
753,0.029208970828487262,0,Low,Continue routine monitoring and reinforce the student's current supports.,Graduate
754,0.9984971428639251,1,High,"Start proactive outreach within 72 hours and connect the student to academic, advising, and financial support.",Dropout
755,0.12358533351104688,0,Low,Continue routine monitoring and reinforce the student's current supports.,Graduate
756,0.9575774894798894,1,High,"Start proactive outreach within 72 hours and connect the student to academic, advising, and financial support.",Dropout
757,0.8881935019523491,1,High,"Start proactive outreach within 72 hours and connect the student to academic, advising, and financial support.",Dropout
758,0.9239337704568098,1,High,"Start proactive outreach within 72 hours and connect the student to academic, advising, and financial support.",Dropout
759,0.35938171414260844,0,Medium,"Schedule a check-in within two weeks and review attendance, coursework, and advising needs.",Graduate
760,0.10454639034119646,0,Low,Continue routine monitoring and reinforce the student's current supports.,Graduate
761,0.035867746333583396,0,Low,Continue routine monitoring and reinforce the student's current supports.,Graduate
762,0.5308058601689242,1,Medium,"Schedule a check-in within two weeks and review attendance, coursework, and advising needs.",Enrolled
763,0.17121532347236576,0,Low,Continue routine monitoring and reinforce the student's current supports.,Graduate
764,0.6995588765734337,1,High,"Start proactive outreach within 72 hours and connect the student to academic, advising, and financial support.",Enrolled
765,0.02241093731265866,0,Low,Continue routine monitoring and reinforce the student's current supports.,Graduate
766,0.1431535790129308,0,Low,Continue routine monitoring and reinforce the student's current supports.,Enrolled
767,0.42747671463062104,0,Medium,"Schedule a check-in within two weeks and review attendance, coursework, and advising needs.",Enrolled
768,0.28733115437530665,0,Low,Continue routine monitoring and reinforce the student's current supports.,Graduate
769,0.08680215140966868,0,Low,Continue routine monitoring and reinforce the student's current supports.,Graduate
770,0.16326676792999234,0,Low,Continue routine monitoring and reinforce the student's current supports.,Graduate
771,0.03980008078206496,0,Low,Continue routine monitoring and reinforce the student's current supports.,Graduate
772,0.9888132157415893,1,High,"Start proactive outreach within 72 hours and connect the student to academic, advising, and financial support.",Dropout
773,0.15254506494371742,0,Low,Continue routine monitoring and reinforce the student's current supports.,Enrolled
774,0.044139757684945165,0,Low,Continue routine monitoring and reinforce the student's current supports.,Graduate
775,0.2018598555928664,0,Low,Continue routine monitoring and reinforce the student's current supports.,Enrolled
776,0.5149087751470997,1,Medium,"Schedule a check-in within two weeks and review attendance, coursework, and advising needs.",Dropout
777,0.047596452796347485,0,Low,Continue routine monitoring and reinforce the student's current supports.,Graduate
778,0.1665049198635638,0,Low,Continue routine monitoring and reinforce the student's current supports.,Dropout
779,0.10047333148234634,0,Low,Continue routine monitoring and reinforce the student's current supports.,Enrolled
780,0.15210826667487398,0,Low,Continue routine monitoring and reinforce the student's current supports.,Graduate
781,0.09710027471129212,0,Low,Continue routine monitoring and reinforce the student's current supports.,Graduate
782,0.8724093011574604,1,High,"Start proactive outreach within 72 hours and connect the student to academic, advising, and financial support.",Dropout
783,0.01322628050894802,0,Low,Continue routine monitoring and reinforce the student's current supports.,Graduate
784,0.09855631022376768,0,Low,Continue routine monitoring and reinforce the student's current supports.,Enrolled
785,0.2637899191684921,0,Low,Continue routine monitoring and reinforce the student's current supports.,Graduate
786,0.046317907292427025,0,Low,Continue routine monitoring and reinforce the student's current supports.,Graduate
787,0.06746639886568942,0,Low,Continue routine monitoring and reinforce the student's current supports.,Graduate
788,0.0373955201168896,0,Low,Continue routine monitoring and reinforce the student's current supports.,Graduate
789,0.2220210892587794,0,Low,Continue routine monitoring and reinforce the student's current supports.,Dropout
790,0.5036721810568076,1,Medium,"Schedule a check-in within two weeks and review attendance, coursework, and advising needs.",Graduate
791,0.08447293366492226,0,Low,Continue routine monitoring and reinforce the student's current supports.,Graduate
792,0.9976507485255227,1,High,"Start proactive outreach within 72 hours and connect the student to academic, advising, and financial support.",Dropout
793,0.046674099252757256,0,Low,Continue routine monitoring and reinforce the student's current supports.,Graduate
794,0.0709650444092164,0,Low,Continue routine monitoring and reinforce the student's current supports.,Graduate
795,0.056662016536207,0,Low,Continue routine monitoring and reinforce the student's current supports.,Graduate
796,0.06515702382108726,0,Low,Continue routine monitoring and reinforce the student's current supports.,Graduate
797,0.047585338169719896,0,Low,Continue routine monitoring and reinforce the student's current supports.,Graduate
798,0.060024219662060486,0,Low,Continue routine monitoring and reinforce the student's current supports.,Graduate
799,0.08811918015234194,0,Low,Continue routine monitoring and reinforce the student's current supports.,Graduate
800,0.38532043095686924,0,Medium,"Schedule a check-in within two weeks and review attendance, coursework, and advising needs.",Enrolled
801,0.5206546469435227,1,Medium,"Schedule a check-in within two weeks and review attendance, coursework, and advising needs.",Enrolled
802,0.9949021119145575,1,High,"Start proactive outreach within 72 hours and connect the student to academic, advising, and financial support.",Dropout
803,0.09265177885463292,0,Low,Continue routine monitoring and reinforce the student's current supports.,Graduate
804,0.13034052550298214,0,Low,Continue routine monitoring and reinforce the student's current supports.,Graduate
805,0.11438677088645645,0,Low,Continue routine monitoring and reinforce the student's current supports.,Graduate
806,0.6712061871497983,1,High,"Start proactive outreach within 72 hours and connect the student to academic, advising, and financial support.",Enrolled
807,0.07518108639765624,0,Low,Continue routine monitoring and reinforce the student's current supports.,Graduate
808,0.9022599527914208,1,High,"Start proactive outreach within 72 hours and connect the student to academic, advising, and financial support.",Enrolled
809,0.9656367476176485,1,High,"Start proactive outreach within 72 hours and connect the student to academic, advising, and financial support.",Dropout
810,0.07920504176365456,0,Low,Continue routine monitoring and reinforce the student's current supports.,Enrolled
811,0.9962411655262755,1,High,"Start proactive outreach within 72 hours and connect the student to academic, advising, and financial support.",Dropout
812,0.16525524393545035,0,Low,Continue routine monitoring and reinforce the student's current supports.,Graduate
813,0.019921410475544483,0,Low,Continue routine monitoring and reinforce the student's current supports.,Graduate
814,0.048012400298996484,0,Low,Continue routine monitoring and reinforce the student's current supports.,Graduate
815,0.0996197235903683,0,Low,Continue routine monitoring and reinforce the student's current supports.,Graduate
816,0.34432911505819386,0,Medium,"Schedule a check-in within two weeks and review attendance, coursework, and advising needs.",Enrolled
817,0.04088973076194717,0,Low,Continue routine monitoring and reinforce the student's current supports.,Enrolled
818,0.0984157396014333,0,Low,Continue routine monitoring and reinforce the student's current supports.,Graduate
819,0.2591143869168648,0,Low,Continue routine monitoring and reinforce the student's current supports.,Enrolled
820,0.09350272350180609,0,Low,Continue routine monitoring and reinforce the student's current supports.,Graduate
821,0.1219075121380873,0,Low,Continue routine monitoring and reinforce the student's current supports.,Graduate
822,0.6850828683416852,1,High,"Start proactive outreach within 72 hours and connect the student to academic, advising, and financial support.",Graduate
823,0.03796149424822727,0,Low,Continue routine monitoring and reinforce the student's current supports.,Enrolled
824,0.03239175737691682,0,Low,Continue routine monitoring and reinforce the student's current supports.,Graduate
825,0.17960752326706667,0,Low,Continue routine monitoring and reinforce the student's current supports.,Graduate
826,0.15306826771039772,0,Low,Continue routine monitoring and reinforce the student's current supports.,Graduate
827,0.3026736924098797,0,Low,Continue routine monitoring and reinforce the student's current supports.,Dropout
828,0.03387984418070632,0,Low,Continue routine monitoring and reinforce the student's current supports.,Graduate
829,0.017758529369753,0,Low,Continue routine monitoring and reinforce the student's current supports.,Graduate
830,0.9527921250966074,1,High,"Start proactive outreach within 72 hours and connect the student to academic, advising, and financial support.",Dropout
831,0.23686046996809793,0,Low,Continue routine monitoring and reinforce the student's current supports.,Dropout
832,0.9953818511197448,1,High,"Start proactive outreach within 72 hours and connect the student to academic, advising, and financial support.",Dropout
833,0.24771840297399958,0,Low,Continue routine monitoring and reinforce the student's current supports.,Enrolled
834,0.9642946324107645,1,High,"Start proactive outreach within 72 hours and connect the student to academic, advising, and financial support.",Dropout
835,0.9796908353719729,1,High,"Start proactive outreach within 72 hours and connect the student to academic, advising, and financial support.",Dropout
836,0.5646845317783588,1,Medium,"Schedule a check-in within two weeks and review attendance, coursework, and advising needs.",Enrolled
837,0.5198253393644304,1,Medium,"Schedule a check-in within two weeks and review attendance, coursework, and advising needs.",Dropout
838,0.43206471765660504,0,Medium,"Schedule a check-in within two weeks and review attendance, coursework, and advising needs.",Enrolled
839,0.9962074544946103,1,High,"Start proactive outreach within 72 hours and connect the student to academic, advising, and financial support.",Dropout
840,0.12368281417768648,0,Low,Continue routine monitoring and reinforce the student's current supports.,Graduate
841,0.993248578115555,1,High,"Start proactive outreach within 72 hours and connect the student to academic, advising, and financial support.",Dropout
842,0.7488129481805833,1,High,"Start proactive outreach within 72 hours and connect the student to academic, advising, and financial support.",Enrolled
843,0.9993292103162735,1,High,"Start proactive outreach within 72 hours and connect the student to academic, advising, and financial support.",Dropout
844,0.05990054640981897,0,Low,Continue routine monitoring and reinforce the student's current supports.,Graduate
845,0.2032560235595894,0,Low,Continue routine monitoring and reinforce the student's current supports.,Graduate
846,0.8640793299043021,1,High,"Start proactive outreach within 72 hours and connect the student to academic, advising, and financial support.",Dropout
847,0.06548574523534012,0,Low,Continue routine monitoring and reinforce the student's current supports.,Graduate
848,0.22830657507363972,0,Low,Continue routine monitoring and reinforce the student's current supports.,Graduate
849,0.0694074878758712,0,Low,Continue routine monitoring and reinforce the student's current supports.,Enrolled
850,0.14622370796346226,0,Low,Continue routine monitoring and reinforce the student's current supports.,Graduate
851,0.12647835606497457,0,Low,Continue routine monitoring and reinforce the student's current supports.,Graduate
852,0.31869322182347265,0,Low,Continue routine monitoring and reinforce the student's current supports.,Enrolled
853,0.028802639853251412,0,Low,Continue routine monitoring and reinforce the student's current supports.,Graduate
854,0.09300432723924854,0,Low,Continue routine monitoring and reinforce the student's current supports.,Graduate
855,0.9962468201391156,1,High,"Start proactive outreach within 72 hours and connect the student to academic, advising, and financial support.",Enrolled
856,0.9784647735570214,1,High,"Start proactive outreach within 72 hours and connect the student to academic, advising, and financial support.",Dropout
857,0.05369137306005129,0,Low,Continue routine monitoring and reinforce the student's current supports.,Dropout
858,0.9701508899939928,1,High,"Start proactive outreach within 72 hours and connect the student to academic, advising, and financial support.",Dropout
859,0.7464547633591112,1,High,"Start proactive outreach within 72 hours and connect the student to academic, advising, and financial support.",Dropout
860,0.898511766322437,1,High,"Start proactive outreach within 72 hours and connect the student to academic, advising, and financial support.",Dropout
861,0.7566107705951938,1,High,"Start proactive outreach within 72 hours and connect the student to academic, advising, and financial support.",Dropout
862,0.9972702209331731,1,High,"Start proactive outreach within 72 hours and connect the student to academic, advising, and financial support.",Dropout
863,0.543015430674073,1,Medium,"Schedule a check-in within two weeks and review attendance, coursework, and advising needs.",Dropout
864,0.992202991449201,1,High,"Start proactive outreach within 72 hours and connect the student to academic, advising, and financial support.",Dropout
865,0.682678761601188,1,High,"Start proactive outreach within 72 hours and connect the student to academic, advising, and financial support.",Dropout
866,0.047146466579892625,0,Low,Continue routine monitoring and reinforce the student's current supports.,Graduate
867,0.9906616245254862,1,High,"Start proactive outreach within 72 hours and connect the student to academic, advising, and financial support.",Dropout
868,0.970319006984922,1,High,"Start proactive outreach within 72 hours and connect the student to academic, advising, and financial support.",Dropout
869,0.29631765083183514,0,Low,Continue routine monitoring and reinforce the student's current supports.,Graduate
870,0.2938763923896066,0,Low,Continue routine monitoring and reinforce the student's current supports.,Graduate
871,0.003917837939949341,0,Low,Continue routine monitoring and reinforce the student's current supports.,Graduate
872,0.9858987712026621,1,High,"Start proactive outreach within 72 hours and connect the student to academic, advising, and financial support.",Dropout
873,0.2677872088033263,0,Low,Continue routine monitoring and reinforce the student's current supports.,Graduate
874,0.32866951466446975,0,Low,Continue routine monitoring and reinforce the student's current supports.,Enrolled
875,0.11912824154623311,0,Low,Continue routine monitoring and reinforce the student's current supports.,Graduate
876,0.03644076042707129,0,Low,Continue routine monitoring and reinforce the student's current supports.,Graduate
877,0.28007428873286017,0,Low,Continue routine monitoring and reinforce the student's current supports.,Dropout
878,0.9793245258267271,1,High,"Start proactive outreach within 72 hours and connect the student to academic, advising, and financial support.",Dropout
879,0.19868682448908348,0,Low,Continue routine monitoring and reinforce the student's current supports.,Graduate
880,0.3984862028848094,0,Medium,"Schedule a check-in within two weeks and review attendance, coursework, and advising needs.",Dropout
881,0.12305204013188517,0,Low,Continue routine monitoring and reinforce the student's current supports.,Graduate
882,0.5099758100565732,1,Medium,"Schedule a check-in within two weeks and review attendance, coursework, and advising needs.",Graduate
883,0.996710963154916,1,High,"Start proactive outreach within 72 hours and connect the student to academic, advising, and financial support.",Dropout
884,0.99429308962603,1,High,"Start proactive outreach within 72 hours and connect the student to academic, advising, and financial support.",Dropout
885,0.042169384854214474,0,Low,Continue routine monitoring and reinforce the student's current supports.,Graduate
886,0.801610711079253,1,High,"Start proactive outreach within 72 hours and connect the student to academic, advising, and financial support.",Graduate
887,0.21571223035623818,0,Low,Continue routine monitoring and reinforce the student's current supports.,Graduate
888,0.09302941977745331,0,Low,Continue routine monitoring and reinforce the student's current supports.,Graduate
889,0.017862775808196507,0,Low,Continue routine monitoring and reinforce the student's current supports.,Graduate
890,0.1951992757310552,0,Low,Continue routine monitoring and reinforce the student's current supports.,Graduate
891,0.12081228904543473,0,Low,Continue routine monitoring and reinforce the student's current supports.,Graduate
892,0.8727538548291537,1,High,"Start proactive outreach within 72 hours and connect the student to academic, advising, and financial support.",Dropout
893,0.06688705468456779,0,Low,Continue routine monitoring and reinforce the student's current supports.,Graduate
894,0.9916640740843654,1,High,"Start proactive outreach within 72 hours and connect the student to academic, advising, and financial support.",Dropout
895,0.006379843695500479,0,Low,Continue routine monitoring and reinforce the student's current supports.,Graduate
896,0.9448433830303998,1,High,"Start proactive outreach within 72 hours and connect the student to academic, advising, and financial support.",Dropout
897,0.0669860473496601,0,Low,Continue routine monitoring and reinforce the student's current supports.,Graduate
898,0.03486483364583263,0,Low,Continue routine monitoring and reinforce the student's current supports.,Graduate
899,0.1197021761190528,0,Low,Continue routine monitoring and reinforce the student's current supports.,Enrolled
900,0.08054753416899708,0,Low,Continue routine monitoring and reinforce the student's current supports.,Graduate
901,0.4386530095865541,0,Medium,"Schedule a check-in within two weeks and review attendance, coursework, and advising needs.",Dropout
902,0.02511579054819163,0,Low,Continue routine monitoring and reinforce the student's current supports.,Graduate
903,0.10318801363791126,0,Low,Continue routine monitoring and reinforce the student's current supports.,Graduate
904,0.07359664583646246,0,Low,Continue routine monitoring and reinforce the student's current supports.,Graduate
905,0.9050574785952484,1,High,"Start proactive outreach within 72 hours and connect the student to academic, advising, and financial support.",Dropout
906,0.027138368282112267,0,Low,Continue routine monitoring and reinforce the student's current supports.,Graduate
907,0.9874481135053769,1,High,"Start proactive outreach within 72 hours and connect the student to academic, advising, and financial support.",Dropout
908,0.022772156723418095,0,Low,Continue routine monitoring and reinforce the student's current supports.,Graduate
909,0.3825388464311658,0,Medium,"Schedule a check-in within two weeks and review attendance, coursework, and advising needs.",Enrolled
910,0.48424425987089986,0,Medium,"Schedule a check-in within two weeks and review attendance, coursework, and advising needs.",Dropout
911,0.0754890520113262,0,Low,Continue routine monitoring and reinforce the student's current supports.,Graduate
912,0.11916906821900981,0,Low,Continue routine monitoring and reinforce the student's current supports.,Graduate
913,0.9567535814511262,1,High,"Start proactive outreach within 72 hours and connect the student to academic, advising, and financial support.",Dropout
914,0.036660209361365576,0,Low,Continue routine monitoring and reinforce the student's current supports.,Graduate
915,0.9885751363342845,1,High,"Start proactive outreach within 72 hours and connect the student to academic, advising, and financial support.",Dropout
916,0.011182848681033338,0,Low,Continue routine monitoring and reinforce the student's current supports.,Graduate
917,0.9978163230539905,1,High,"Start proactive outreach within 72 hours and connect the student to academic, advising, and financial support.",Dropout
918,0.9864939833632983,1,High,"Start proactive outreach within 72 hours and connect the student to academic, advising, and financial support.",Dropout
919,0.06946140502598717,0,Low,Continue routine monitoring and reinforce the student's current supports.,Graduate
920,0.09525594400335781,0,Low,Continue routine monitoring and reinforce the student's current supports.,Graduate
921,0.060901575621256795,0,Low,Continue routine monitoring and reinforce the student's current supports.,Graduate
922,0.05634739494164904,0,Low,Continue routine monitoring and reinforce the student's current supports.,Graduate
923,0.22767307209604715,0,Low,Continue routine monitoring and reinforce the student's current supports.,Dropout
924,0.9809245271819265,1,High,"Start proactive outreach within 72 hours and connect the student to academic, advising, and financial support.",Dropout
925,0.599987302886774,1,Medium,"Schedule a check-in within two weeks and review attendance, coursework, and advising needs.",Enrolled
926,0.08948890175176552,0,Low,Continue routine monitoring and reinforce the student's current supports.,Graduate
927,0.9738302525423792,1,High,"Start proactive outreach within 72 hours and connect the student to academic, advising, and financial support.",Dropout
928,0.2575043495144208,0,Low,Continue routine monitoring and reinforce the student's current supports.,Enrolled
929,0.6367010028945738,1,Medium,"Schedule a check-in within two weeks and review attendance, coursework, and advising needs.",Enrolled
930,0.9099844903457239,1,High,"Start proactive outreach within 72 hours and connect the student to academic, advising, and financial support.",Dropout
931,0.7062173010796914,1,High,"Start proactive outreach within 72 hours and connect the student to academic, advising, and financial support.",Enrolled
932,0.07935343159511275,0,Low,Continue routine monitoring and reinforce the student's current supports.,Graduate
933,0.2961750956477695,0,Low,Continue routine monitoring and reinforce the student's current supports.,Graduate
934,0.631433146533407,1,Medium,"Schedule a check-in within two weeks and review attendance, coursework, and advising needs.",Dropout
935,0.10374783236149779,0,Low,Continue routine monitoring and reinforce the student's current supports.,Enrolled
936,0.015084667457664768,0,Low,Continue routine monitoring and reinforce the student's current supports.,Graduate
937,0.9728037122556191,1,High,"Start proactive outreach within 72 hours and connect the student to academic, advising, and financial support.",Dropout
938,0.04717005333386641,0,Low,Continue routine monitoring and reinforce the student's current supports.,Enrolled
939,0.14132257113710578,0,Low,Continue routine monitoring and reinforce the student's current supports.,Enrolled
940,0.8451335362413466,1,High,"Start proactive outreach within 72 hours and connect the student to academic, advising, and financial support.",Dropout
941,0.1645246554442344,0,Low,Continue routine monitoring and reinforce the student's current supports.,Graduate
942,0.07351336015158834,0,Low,Continue routine monitoring and reinforce the student's current supports.,Graduate
943,0.9512957741175219,1,High,"Start proactive outreach within 72 hours and connect the student to academic, advising, and financial support.",Enrolled
944,0.9830750096728037,1,High,"Start proactive outreach within 72 hours and connect the student to academic, advising, and financial support.",Dropout
945,0.046396434385725153,0,Low,Continue routine monitoring and reinforce the student's current supports.,Graduate
946,0.23686186190047265,0,Low,Continue routine monitoring and reinforce the student's current supports.,Graduate
947,0.13033658463039136,0,Low,Continue routine monitoring and reinforce the student's current supports.,Graduate
948,0.9965935525210013,1,High,"Start proactive outreach within 72 hours and connect the student to academic, advising, and financial support.",Dropout
949,0.9216939239240945,1,High,"Start proactive outreach within 72 hours and connect the student to academic, advising, and financial support.",Graduate
950,0.9895189561471012,1,High,"Start proactive outreach within 72 hours and connect the student to academic, advising, and financial support.",Dropout
951,0.3240579721759063,0,Low,Continue routine monitoring and reinforce the student's current supports.,Graduate
952,0.9993318526907459,1,High,"Start proactive outreach within 72 hours and connect the student to academic, advising, and financial support.",Dropout
953,0.03821543621009255,0,Low,Continue routine monitoring and reinforce the student's current supports.,Graduate
954,0.9876117841824433,1,High,"Start proactive outreach within 72 hours and connect the student to academic, advising, and financial support.",Dropout
955,0.9681574877865692,1,High,"Start proactive outreach within 72 hours and connect the student to academic, advising, and financial support.",Dropout
956,0.9220724414650433,1,High,"Start proactive outreach within 72 hours and connect the student to academic, advising, and financial support.",Dropout
957,0.15356149130471053,0,Low,Continue routine monitoring and reinforce the student's current supports.,Graduate
958,0.3535588733013905,0,Medium,"Schedule a check-in within two weeks and review attendance, coursework, and advising needs.",Graduate
959,0.12156986188668512,0,Low,Continue routine monitoring and reinforce the student's current supports.,Graduate
960,0.9953262737764272,1,High,"Start proactive outreach within 72 hours and connect the student to academic, advising, and financial support.",Dropout
961,0.9972023600263247,1,High,"Start proactive outreach within 72 hours and connect the student to academic, advising, and financial support.",Dropout
962,0.036477304640406105,0,Low,Continue routine monitoring and reinforce the student's current supports.,Graduate
963,0.326374637054198,0,Low,Continue routine monitoring and reinforce the student's current supports.,Graduate
964,0.3732104407512046,0,Medium,"Schedule a check-in within two weeks and review attendance, coursework, and advising needs.",Enrolled
965,0.15297951946199448,0,Low,Continue routine monitoring and reinforce the student's current supports.,Graduate
966,0.021953045681071308,0,Low,Continue routine monitoring and reinforce the student's current supports.,Graduate
967,0.9936912616381666,1,High,"Start proactive outreach within 72 hours and connect the student to academic, advising, and financial support.",Dropout
968,0.9898444848284048,1,High,"Start proactive outreach within 72 hours and connect the student to academic, advising, and financial support.",Dropout
969,0.9998452282311829,1,High,"Start proactive outreach within 72 hours and connect the student to academic, advising, and financial support.",Dropout
970,0.6832222324148066,1,High,"Start proactive outreach within 72 hours and connect the student to academic, advising, and financial support.",Enrolled
971,0.7738826448894323,1,High,"Start proactive outreach within 72 hours and connect the student to academic, advising, and financial support.",Graduate
972,0.9376613114956376,1,High,"Start proactive outreach within 72 hours and connect the student to academic, advising, and financial support.",Dropout
973,0.9971576383648714,1,High,"Start proactive outreach within 72 hours and connect the student to academic, advising, and financial support.",Dropout
974,0.757856656921449,1,High,"Start proactive outreach within 72 hours and connect the student to academic, advising, and financial support.",Graduate
975,0.5325264701643458,1,Medium,"Schedule a check-in within two weeks and review attendance, coursework, and advising needs.",Graduate
976,0.9453584328364919,1,High,"Start proactive outreach within 72 hours and connect the student to academic, advising, and financial support.",Enrolled
977,0.12362275744173372,0,Low,Continue routine monitoring and reinforce the student's current supports.,Graduate
978,0.009550797939795887,0,Low,Continue routine monitoring and reinforce the student's current supports.,Graduate
979,0.9003251859466401,1,High,"Start proactive outreach within 72 hours and connect the student to academic, advising, and financial support.",Dropout
980,0.058907884014988456,0,Low,Continue routine monitoring and reinforce the student's current supports.,Graduate
981,0.6575401656944608,1,Medium,"Schedule a check-in within two weeks and review attendance, coursework, and advising needs.",Dropout
982,0.18755070888844408,0,Low,Continue routine monitoring and reinforce the student's current supports.,Enrolled
983,0.06998466036140542,0,Low,Continue routine monitoring and reinforce the student's current supports.,Graduate
984,0.46152556431980746,0,Medium,"Schedule a check-in within two weeks and review attendance, coursework, and advising needs.",Enrolled
985,0.5730496590489326,1,Medium,"Schedule a check-in within two weeks and review attendance, coursework, and advising needs.",Dropout
986,0.05733645257162494,0,Low,Continue routine monitoring and reinforce the student's current supports.,Graduate
987,0.22657291198495266,0,Low,Continue routine monitoring and reinforce the student's current supports.,Graduate
988,0.8522003822093807,1,High,"Start proactive outreach within 72 hours and connect the student to academic, advising, and financial support.",Dropout
989,0.7760219119250328,1,High,"Start proactive outreach within 72 hours and connect the student to academic, advising, and financial support.",Dropout
990,0.9575879492745332,1,High,"Start proactive outreach within 72 hours and connect the student to academic, advising, and financial support.",Dropout
991,0.03908340175757988,0,Low,Continue routine monitoring and reinforce the student's current supports.,Graduate
992,0.1800211751658376,0,Low,Continue routine monitoring and reinforce the student's current supports.,Graduate
993,0.09026547514048096,0,Low,Continue routine monitoring and reinforce the student's current supports.,Dropout
994,0.1036481812460368,0,Low,Continue routine monitoring and reinforce the student's current supports.,Graduate
995,0.015387934140315692,0,Low,Continue routine monitoring and reinforce the student's current supports.,Graduate
996,0.03728454058089154,0,Low,Continue routine monitoring and reinforce the student's current supports.,Graduate
997,0.029698879065376375,0,Low,Continue routine monitoring and reinforce the student's current supports.,Enrolled
998,0.17804013867314614,0,Low,Continue routine monitoring and reinforce the student's current supports.,Enrolled
999,0.20250833929920256,0,Low,Continue routine monitoring and reinforce the student's current supports.,Graduate
1000,0.390944011178938,0,Medium,"Schedule a check-in within two weeks and review attendance, coursework, and advising needs.",Dropout
1001,0.9828758151520856,1,High,"Start proactive outreach within 72 hours and connect the student to academic, advising, and financial support.",Dropout
1002,0.9962298602707618,1,High,"Start proactive outreach within 72 hours and connect the student to academic, advising, and financial support.",Dropout
1003,0.4854352205228687,0,Medium,"Schedule a check-in within two weeks and review attendance, coursework, and advising needs.",Graduate
1004,0.27405377710522927,0,Low,Continue routine monitoring and reinforce the student's current supports.,Graduate
1005,0.07050528402539903,0,Low,Continue routine monitoring and reinforce the student's current supports.,Dropout
1006,0.15375312106205094,0,Low,Continue routine monitoring and reinforce the student's current supports.,Graduate
1007,0.05361823561741378,0,Low,Continue routine monitoring and reinforce the student's current supports.,Graduate
1008,0.024717025999980265,0,Low,Continue routine monitoring and reinforce the student's current supports.,Graduate
1009,0.021662697204690017,0,Low,Continue routine monitoring and reinforce the student's current supports.,Graduate
1010,0.11161064892116314,0,Low,Continue routine monitoring and reinforce the student's current supports.,Graduate
1011,0.09176745702916574,0,Low,Continue routine monitoring and reinforce the student's current supports.,Graduate
1012,0.16423146613749207,0,Low,Continue routine monitoring and reinforce the student's current supports.,Graduate
1013,0.043825994027736126,0,Low,Continue routine monitoring and reinforce the student's current supports.,Graduate
1014,0.9661430775134253,1,High,"Start proactive outreach within 72 hours and connect the student to academic, advising, and financial support.",Dropout
1015,0.007676513172482726,0,Low,Continue routine monitoring and reinforce the student's current supports.,Graduate
1016,0.1042650162255362,0,Low,Continue routine monitoring and reinforce the student's current supports.,Graduate
1017,0.9459301615620581,1,High,"Start proactive outreach within 72 hours and connect the student to academic, advising, and financial support.",Dropout
1018,0.018597832819229197,0,Low,Continue routine monitoring and reinforce the student's current supports.,Graduate
1019,0.9970147680614049,1,High,"Start proactive outreach within 72 hours and connect the student to academic, advising, and financial support.",Dropout
1020,0.3599522085050061,0,Medium,"Schedule a check-in within two weeks and review attendance, coursework, and advising needs.",Graduate
1021,0.013526513984992584,0,Low,Continue routine monitoring and reinforce the student's current supports.,Graduate
1022,0.12224702232906982,0,Low,Continue routine monitoring and reinforce the student's current supports.,Graduate
1023,0.07409964731887184,0,Low,Continue routine monitoring and reinforce the student's current supports.,Graduate
1024,0.07400658891189811,0,Low,Continue routine monitoring and reinforce the student's current supports.,Graduate
1025,0.006813716773105863,0,Low,Continue routine monitoring and reinforce the student's current supports.,Graduate
1026,0.9519421696732265,1,High,"Start proactive outreach within 72 hours and connect the student to academic, advising, and financial support.",Dropout
1027,0.0837193221890187,0,Low,Continue routine monitoring and reinforce the student's current supports.,Graduate
1028,0.10900618650240006,0,Low,Continue routine monitoring and reinforce the student's current supports.,Graduate
1029,0.05994821128080414,0,Low,Continue routine monitoring and reinforce the student's current supports.,Graduate
1030,0.06978328741934615,0,Low,Continue routine monitoring and reinforce the student's current supports.,Graduate
1031,0.3133735085684233,0,Low,Continue routine monitoring and reinforce the student's current supports.,Graduate
1032,0.4149573682969222,0,Medium,"Schedule a check-in within two weeks and review attendance, coursework, and advising needs.",Enrolled
1033,0.23626821842970774,0,Low,Continue routine monitoring and reinforce the student's current supports.,Graduate
1034,0.07631458767738598,0,Low,Continue routine monitoring and reinforce the student's current supports.,Graduate
1035,0.9723592520544974,1,High,"Start proactive outreach within 72 hours and connect the student to academic, advising, and financial support.",Dropout
1036,0.0230348842147211,0,Low,Continue routine monitoring and reinforce the student's current supports.,Enrolled
1037,0.9188354640516722,1,High,"Start proactive outreach within 72 hours and connect the student to academic, advising, and financial support.",Dropout
1038,0.019309453063710857,0,Low,Continue routine monitoring and reinforce the student's current supports.,Graduate
1039,0.1959391020431375,0,Low,Continue routine monitoring and reinforce the student's current supports.,Graduate
1040,0.293752862586957,0,Low,Continue routine monitoring and reinforce the student's current supports.,Enrolled
1041,0.24391362531539804,0,Low,Continue routine monitoring and reinforce the student's current supports.,Graduate
1042,0.0713271125907565,0,Low,Continue routine monitoring and reinforce the student's current supports.,Graduate
1043,0.08121462828679092,0,Low,Continue routine monitoring and reinforce the student's current supports.,Graduate
1044,0.11059910082622948,0,Low,Continue routine monitoring and reinforce the student's current supports.,Graduate
1045,0.29293721364818137,0,Low,Continue routine monitoring and reinforce the student's current supports.,Graduate
1046,0.9777444190716205,1,High,"Start proactive outreach within 72 hours and connect the student to academic, advising, and financial support.",Dropout
1047,0.10908293111133477,0,Low,Continue routine monitoring and reinforce the student's current supports.,Dropout
1048,0.11394134370025683,0,Low,Continue routine monitoring and reinforce the student's current supports.,Graduate
1049,0.020294481112658955,0,Low,Continue routine monitoring and reinforce the student's current supports.,Graduate
1050,0.02422532480569907,0,Low,Continue routine monitoring and reinforce the student's current supports.,Graduate
1051,0.29389721461567453,0,Low,Continue routine monitoring and reinforce the student's current supports.,Graduate
1052,0.05486187123603586,0,Low,Continue routine monitoring and reinforce the student's current supports.,Graduate
1053,0.054056314986087706,0,Low,Continue routine monitoring and reinforce the student's current supports.,Dropout
1054,0.037526791530677325,0,Low,Continue routine monitoring and reinforce the student's current supports.,Graduate
1055,0.03717463361049174,0,Low,Continue routine monitoring and reinforce the student's current supports.,Graduate
1056,0.028566454546490046,0,Low,Continue routine monitoring and reinforce the student's current supports.,Graduate
1057,0.04764767076309952,0,Low,Continue routine monitoring and reinforce the student's current supports.,Dropout
1058,0.04036799989032073,0,Low,Continue routine monitoring and reinforce the student's current supports.,Graduate
1059,0.8226577921000578,1,High,"Start proactive outreach within 72 hours and connect the student to academic, advising, and financial support.",Dropout
1060,0.04117883997424375,0,Low,Continue routine monitoring and reinforce the student's current supports.,Graduate
1061,0.9057243290955231,1,High,"Start proactive outreach within 72 hours and connect the student to academic, advising, and financial support.",Dropout
1062,0.9555274298889381,1,High,"Start proactive outreach within 72 hours and connect the student to academic, advising, and financial support.",Dropout
1063,0.06997863979042254,0,Low,Continue routine monitoring and reinforce the student's current supports.,Graduate
1064,0.019098363951838723,0,Low,Continue routine monitoring and reinforce the student's current supports.,Graduate
1065,0.6461513041713137,1,Medium,"Schedule a check-in within two weeks and review attendance, coursework, and advising needs.",Enrolled
1066,0.8215402151209416,1,High,"Start proactive outreach within 72 hours and connect the student to academic, advising, and financial support.",Dropout
1067,0.03621463330154183,0,Low,Continue routine monitoring and reinforce the student's current supports.,Graduate
1068,0.09948856357156198,0,Low,Continue routine monitoring and reinforce the student's current supports.,Graduate
1069,0.02792112484176007,0,Low,Continue routine monitoring and reinforce the student's current supports.,Graduate
1070,0.244740375124174,0,Low,Continue routine monitoring and reinforce the student's current supports.,Graduate
1071,0.019762760851726652,0,Low,Continue routine monitoring and reinforce the student's current supports.,Graduate
1072,0.06507116963000535,0,Low,Continue routine monitoring and reinforce the student's current supports.,Graduate
1073,0.2784708282710652,0,Low,Continue routine monitoring and reinforce the student's current supports.,Enrolled
1074,0.0786583601526919,0,Low,Continue routine monitoring and reinforce the student's current supports.,Graduate
1075,0.024749686993232295,0,Low,Continue routine monitoring and reinforce the student's current supports.,Graduate
1076,0.09479177238090998,0,Low,Continue routine monitoring and reinforce the student's current supports.,Graduate
1077,0.8950941842631149,1,High,"Start proactive outreach within 72 hours and connect the student to academic, advising, and financial support.",Dropout
1078,0.886836847351598,1,High,"Start proactive outreach within 72 hours and connect the student to academic, advising, and financial support.",Dropout
1079,0.6257282591486985,1,Medium,"Schedule a check-in within two weeks and review attendance, coursework, and advising needs.",Dropout
1080,0.07483037262920332,0,Low,Continue routine monitoring and reinforce the student's current supports.,Graduate
1081,0.03227759096254765,0,Low,Continue routine monitoring and reinforce the student's current supports.,Graduate
1082,0.1818826060699802,0,Low,Continue routine monitoring and reinforce the student's current supports.,Graduate
1083,0.24980644467064925,0,Low,Continue routine monitoring and reinforce the student's current supports.,Enrolled
1084,0.08981526202669765,0,Low,Continue routine monitoring and reinforce the student's current supports.,Graduate
1085,0.04110955841859916,0,Low,Continue routine monitoring and reinforce the student's current supports.,Graduate
1086,0.992982923541845,1,High,"Start proactive outreach within 72 hours and connect the student to academic, advising, and financial support.",Dropout
1087,0.05723086811580737,0,Low,Continue routine monitoring and reinforce the student's current supports.,Graduate
1088,0.2016609858219797,0,Low,Continue routine monitoring and reinforce the student's current supports.,Graduate
1089,0.4562832830741239,0,Medium,"Schedule a check-in within two weeks and review attendance, coursework, and advising needs.",Enrolled
1090,0.3379619582793034,0,Medium,"Schedule a check-in within two weeks and review attendance, coursework, and advising needs.",Enrolled
1091,0.17070743186495224,0,Low,Continue routine monitoring and reinforce the student's current supports.,Graduate
1092,0.9649330635977633,1,High,"Start proactive outreach within 72 hours and connect the student to academic, advising, and financial support.",Dropout
1093,0.16532725356742872,0,Low,Continue routine monitoring and reinforce the student's current supports.,Graduate
1094,0.32008872843396163,0,Low,Continue routine monitoring and reinforce the student's current supports.,Dropout
1095,0.04791864379951375,0,Low,Continue routine monitoring and reinforce the student's current supports.,Graduate
1096,0.9945030477191742,1,High,"Start proactive outreach within 72 hours and connect the student to academic, advising, and financial support.",Dropout
1097,0.9995155970019316,1,High,"Start proactive outreach within 72 hours and connect the student to academic, advising, and financial support.",Dropout
1098,0.3759982751703777,0,Medium,"Schedule a check-in within two weeks and review attendance, coursework, and advising needs.",Graduate
1099,0.1046310565873798,0,Low,Continue routine monitoring and reinforce the student's current supports.,Graduate
1100,0.016901353448544664,0,Low,Continue routine monitoring and reinforce the student's current supports.,Graduate
1101,0.03345729612956194,0,Low,Continue routine monitoring and reinforce the student's current supports.,Dropout
1102,0.9909412690673484,1,High,"Start proactive outreach within 72 hours and connect the student to academic, advising, and financial support.",Dropout
1103,0.63403010962178,1,Medium,"Schedule a check-in within two weeks and review attendance, coursework, and advising needs.",Enrolled
1104,0.19469936271812066,0,Low,Continue routine monitoring and reinforce the student's current supports.,Enrolled
1105,0.20336048393655826,0,Low,Continue routine monitoring and reinforce the student's current supports.,Graduate
1106,0.5471779737138627,1,Medium,"Schedule a check-in within two weeks and review attendance, coursework, and advising needs.",Dropout
1107,0.3309732560650107,0,Medium,"Schedule a check-in within two weeks and review attendance, coursework, and advising needs.",Dropout
1108,0.135776458967618,0,Low,Continue routine monitoring and reinforce the student's current supports.,Graduate
1109,0.9042805317325582,1,High,"Start proactive outreach within 72 hours and connect the student to academic, advising, and financial support.",Dropout
1110,0.21857001301685863,0,Low,Continue routine monitoring and reinforce the student's current supports.,Graduate
1111,0.012946555455656813,0,Low,Continue routine monitoring and reinforce the student's current supports.,Graduate
1112,0.05068505646815434,0,Low,Continue routine monitoring and reinforce the student's current supports.,Graduate
1113,0.08383804270659159,0,Low,Continue routine monitoring and reinforce the student's current supports.,Enrolled
1114,0.6161301583320291,1,Medium,"Schedule a check-in within two weeks and review attendance, coursework, and advising needs.",Enrolled
1115,0.03366673047735333,0,Low,Continue routine monitoring and reinforce the student's current supports.,Graduate
1116,0.0302057836604842,0,Low,Continue routine monitoring and reinforce the student's current supports.,Graduate
1117,0.9951393144947559,1,High,"Start proactive outreach within 72 hours and connect the student to academic, advising, and financial support.",Dropout
1118,0.05930082527330185,0,Low,Continue routine monitoring and reinforce the student's current supports.,Graduate
1119,0.5143860672135508,1,Medium,"Schedule a check-in within two weeks and review attendance, coursework, and advising needs.",Enrolled
1120,0.06655018666810729,0,Low,Continue routine monitoring and reinforce the student's current supports.,Graduate
1121,0.24243777221509344,0,Low,Continue routine monitoring and reinforce the student's current supports.,Enrolled
1122,0.05877804722939731,0,Low,Continue routine monitoring and reinforce the student's current supports.,Graduate
1123,0.1771512109630283,0,Low,Continue routine monitoring and reinforce the student's current supports.,Graduate
1124,0.1160348498412292,0,Low,Continue routine monitoring and reinforce the student's current supports.,Graduate
1125,0.11045350520381694,0,Low,Continue routine monitoring and reinforce the student's current supports.,Graduate
1126,0.1554598374205701,0,Low,Continue routine monitoring and reinforce the student's current supports.,Graduate
1127,0.10714901368754844,0,Low,Continue routine monitoring and reinforce the student's current supports.,Graduate
1128,0.6461572721635493,1,Medium,"Schedule a check-in within two weeks and review attendance, coursework, and advising needs.",Graduate
1129,0.02908325745807326,0,Low,Continue routine monitoring and reinforce the student's current supports.,Graduate
1130,0.05687423200468973,0,Low,Continue routine monitoring and reinforce the student's current supports.,Graduate
1131,0.015350742078930581,0,Low,Continue routine monitoring and reinforce the student's current supports.,Graduate
1132,0.35785399950340285,0,Medium,"Schedule a check-in within two weeks and review attendance, coursework, and advising needs.",Graduate
1133,0.09243703151821515,0,Low,Continue routine monitoring and reinforce the student's current supports.,Enrolled
1134,0.012423470201576487,0,Low,Continue routine monitoring and reinforce the student's current supports.,Graduate
1135,0.997683555347872,1,High,"Start proactive outreach within 72 hours and connect the student to academic, advising, and financial support.",Dropout
1136,0.9800422299444269,1,High,"Start proactive outreach within 72 hours and connect the student to academic, advising, and financial support.",Dropout
1137,0.06148710479698633,0,Low,Continue routine monitoring and reinforce the student's current supports.,Graduate
1138,0.3372083957901643,0,Medium,"Schedule a check-in within two weeks and review attendance, coursework, and advising needs.",Dropout
1139,0.11549535634797299,0,Low,Continue routine monitoring and reinforce the student's current supports.,Graduate
1140,0.024280905917599828,0,Low,Continue routine monitoring and reinforce the student's current supports.,Graduate
1141,0.06725869057718233,0,Low,Continue routine monitoring and reinforce the student's current supports.,Graduate
1142,0.30615465133374975,0,Low,Continue routine monitoring and reinforce the student's current supports.,Enrolled
1143,0.14048211162078217,0,Low,Continue routine monitoring and reinforce the student's current supports.,Dropout
1144,0.1003813193369296,0,Low,Continue routine monitoring and reinforce the student's current supports.,Graduate
1145,0.2568166058833486,0,Low,Continue routine monitoring and reinforce the student's current supports.,Enrolled
1146,0.07522080505182009,0,Low,Continue routine monitoring and reinforce the student's current supports.,Graduate
1147,0.157451634482553,0,Low,Continue routine monitoring and reinforce the student's current supports.,Enrolled
1148,0.1975795931782884,0,Low,Continue routine monitoring and reinforce the student's current supports.,Graduate
1149,0.29532718678268816,0,Low,Continue routine monitoring and reinforce the student's current supports.,Enrolled
1150,0.05164811065012653,0,Low,Continue routine monitoring and reinforce the student's current supports.,Graduate
1151,0.0502786312113962,0,Low,Continue routine monitoring and reinforce the student's current supports.,Graduate
1152,0.6323586867136333,1,Medium,"Schedule a check-in within two weeks and review attendance, coursework, and advising needs.",Dropout
1153,0.3386970517464978,0,Medium,"Schedule a check-in within two weeks and review attendance, coursework, and advising needs.",Enrolled
1154,0.3848455761420386,0,Medium,"Schedule a check-in within two weeks and review attendance, coursework, and advising needs.",Enrolled
1155,0.07139506827985574,0,Low,Continue routine monitoring and reinforce the student's current supports.,Graduate
1156,0.13868769666189715,0,Low,Continue routine monitoring and reinforce the student's current supports.,Enrolled
1157,0.9843091657464562,1,High,"Start proactive outreach within 72 hours and connect the student to academic, advising, and financial support.",Dropout
1158,0.07013968978527263,0,Low,Continue routine monitoring and reinforce the student's current supports.,Graduate
1159,0.1921008177553635,0,Low,Continue routine monitoring and reinforce the student's current supports.,Graduate
1160,0.0633824627632407,0,Low,Continue routine monitoring and reinforce the student's current supports.,Graduate
1161,0.2653345431280832,0,Low,Continue routine monitoring and reinforce the student's current supports.,Graduate
1162,0.15603157700487316,0,Low,Continue routine monitoring and reinforce the student's current supports.,Enrolled
1163,0.08474760864824113,0,Low,Continue routine monitoring and reinforce the student's current supports.,Graduate
1164,0.0419589409171439,0,Low,Continue routine monitoring and reinforce the student's current supports.,Graduate
1165,0.999202721935216,1,High,"Start proactive outreach within 72 hours and connect the student to academic, advising, and financial support.",Dropout
1166,0.09554256234183411,0,Low,Continue routine monitoring and reinforce the student's current supports.,Graduate
1167,0.23434085141371938,0,Low,Continue routine monitoring and reinforce the student's current supports.,Dropout
1168,0.1806932427690869,0,Low,Continue routine monitoring and reinforce the student's current supports.,Graduate
1169,0.16120599983351852,0,Low,Continue routine monitoring and reinforce the student's current supports.,Dropout
1170,0.20540978462236797,0,Low,Continue routine monitoring and reinforce the student's current supports.,Graduate
1171,0.12147701647771698,0,Low,Continue routine monitoring and reinforce the student's current supports.,Graduate
1172,0.10052687344889252,0,Low,Continue routine monitoring and reinforce the student's current supports.,Graduate
1173,0.9884887761187466,1,High,"Start proactive outreach within 72 hours and connect the student to academic, advising, and financial support.",Dropout
1174,0.36437939228190686,0,Medium,"Schedule a check-in within two weeks and review attendance, coursework, and advising needs.",Enrolled
1175,0.5742984937753294,1,Medium,"Schedule a check-in within two weeks and review attendance, coursework, and advising needs.",Graduate
1176,0.8333785966543881,1,High,"Start proactive outreach within 72 hours and connect the student to academic, advising, and financial support.",Dropout
1177,0.04805239159844726,0,Low,Continue routine monitoring and reinforce the student's current supports.,Graduate
1178,0.28362956882220847,0,Low,Continue routine monitoring and reinforce the student's current supports.,Graduate
1179,0.9370506416763035,1,High,"Start proactive outreach within 72 hours and connect the student to academic, advising, and financial support.",Dropout
1180,0.044100050627247124,0,Low,Continue routine monitoring and reinforce the student's current supports.,Graduate
1181,0.8225050555544192,1,High,"Start proactive outreach within 72 hours and connect the student to academic, advising, and financial support.",Dropout
1182,0.20530632690817327,0,Low,Continue routine monitoring and reinforce the student's current supports.,Graduate
1183,0.09585712810296008,0,Low,Continue routine monitoring and reinforce the student's current supports.,Graduate
1184,0.8517163180722462,1,High,"Start proactive outreach within 72 hours and connect the student to academic, advising, and financial support.",Dropout
1185,0.029682282547829567,0,Low,Continue routine monitoring and reinforce the student's current supports.,Enrolled
1186,0.038328375456207,0,Low,Continue routine monitoring and reinforce the student's current supports.,Graduate
1187,0.2650588464013977,0,Low,Continue routine monitoring and reinforce the student's current supports.,Enrolled
1188,0.7793752585536916,1,High,"Start proactive outreach within 72 hours and connect the student to academic, advising, and financial support.",Dropout
1189,0.6094847267124074,1,Medium,"Schedule a check-in within two weeks and review attendance, coursework, and advising needs.",Graduate
1190,0.04993488126836126,0,Low,Continue routine monitoring and reinforce the student's current supports.,Graduate
1191,0.998175200954855,1,High,"Start proactive outreach within 72 hours and connect the student to academic, advising, and financial support.",Dropout
1192,0.1261050529853919,0,Low,Continue routine monitoring and reinforce the student's current supports.,Graduate
1193,0.3577077147479076,0,Medium,"Schedule a check-in within two weeks and review attendance, coursework, and advising needs.",Graduate
1194,0.1655820478844216,0,Low,Continue routine monitoring and reinforce the student's current supports.,Graduate
1195,0.04150442768278325,0,Low,Continue routine monitoring and reinforce the student's current supports.,Graduate
1196,0.23859546263273818,0,Low,Continue routine monitoring and reinforce the student's current supports.,Enrolled
1197,0.997953253229085,1,High,"Start proactive outreach within 72 hours and connect the student to academic, advising, and financial support.",Dropout
1198,0.7459056528498937,1,High,"Start proactive outreach within 72 hours and connect the student to academic, advising, and financial support.",Dropout
1199,0.26088017438959815,0,Low,Continue routine monitoring and reinforce the student's current supports.,Graduate
1200,0.09920781306654321,0,Low,Continue routine monitoring and reinforce the student's current supports.,Graduate
1201,0.1660917660458534,0,Low,Continue routine monitoring and reinforce the student's current supports.,Graduate
1202,0.0692240849574491,0,Low,Continue routine monitoring and reinforce the student's current supports.,Graduate
1203,0.9289482841477716,1,High,"Start proactive outreach within 72 hours and connect the student to academic, advising, and financial support.",Dropout
1204,0.02852823009011159,0,Low,Continue routine monitoring and reinforce the student's current supports.,Graduate
1205,0.9997007399846815,1,High,"Start proactive outreach within 72 hours and connect the student to academic, advising, and financial support.",Dropout
1206,0.4709143733139095,0,Medium,"Schedule a check-in within two weeks and review attendance, coursework, and advising needs.",Graduate
1207,0.5147595776482216,1,Medium,"Schedule a check-in within two weeks and review attendance, coursework, and advising needs.",Graduate
1208,0.15923529717500665,0,Low,Continue routine monitoring and reinforce the student's current supports.,Enrolled
1209,0.9983679559936981,1,High,"Start proactive outreach within 72 hours and connect the student to academic, advising, and financial support.",Dropout
1210,0.9239017779808175,1,High,"Start proactive outreach within 72 hours and connect the student to academic, advising, and financial support.",Dropout
1211,0.9970911779089505,1,High,"Start proactive outreach within 72 hours and connect the student to academic, advising, and financial support.",Dropout
1212,0.1290057316330159,0,Low,Continue routine monitoring and reinforce the student's current supports.,Enrolled
1213,0.016393675512515596,0,Low,Continue routine monitoring and reinforce the student's current supports.,Graduate
1214,0.43354608878798334,0,Medium,"Schedule a check-in within two weeks and review attendance, coursework, and advising needs.",Graduate
1215,0.07279370240936583,0,Low,Continue routine monitoring and reinforce the student's current supports.,Enrolled
1216,0.026091431630999428,0,Low,Continue routine monitoring and reinforce the student's current supports.,Graduate
1217,0.3185661986292446,0,Low,Continue routine monitoring and reinforce the student's current supports.,Graduate
1218,0.022440541287531687,0,Low,Continue routine monitoring and reinforce the student's current supports.,Graduate
1219,0.07444101911398186,0,Low,Continue routine monitoring and reinforce the student's current supports.,Graduate
1220,0.09169837403412735,0,Low,Continue routine monitoring and reinforce the student's current supports.,Graduate
1221,0.7644676657822363,1,High,"Start proactive outreach within 72 hours and connect the student to academic, advising, and financial support.",Dropout
1222,0.008247694821523913,0,Low,Continue routine monitoring and reinforce the student's current supports.,Graduate
1223,0.9987049053762406,1,High,"Start proactive outreach within 72 hours and connect the student to academic, advising, and financial support.",Dropout
1224,0.05260227713736743,0,Low,Continue routine monitoring and reinforce the student's current supports.,Graduate
1225,0.01521932560129155,0,Low,Continue routine monitoring and reinforce the student's current supports.,Graduate
1226,0.04819839487007518,0,Low,Continue routine monitoring and reinforce the student's current supports.,Graduate
1227,0.14398417307814826,0,Low,Continue routine monitoring and reinforce the student's current supports.,Graduate
1228,0.07532699157128728,0,Low,Continue routine monitoring and reinforce the student's current supports.,Graduate
1229,0.02713715082642842,0,Low,Continue routine monitoring and reinforce the student's current supports.,Graduate
1230,0.5146538230438347,1,Medium,"Schedule a check-in within two weeks and review attendance, coursework, and advising needs.",Enrolled
1231,0.01721894320768295,0,Low,Continue routine monitoring and reinforce the student's current supports.,Graduate
1232,0.08110655935607797,0,Low,Continue routine monitoring and reinforce the student's current supports.,Graduate
1233,0.14139182124965433,0,Low,Continue routine monitoring and reinforce the student's current supports.,Graduate
1234,0.2201471844065012,0,Low,Continue routine monitoring and reinforce the student's current supports.,Graduate
1235,0.15127878535841435,0,Low,Continue routine monitoring and reinforce the student's current supports.,Graduate
1236,0.6826995660828448,1,High,"Start proactive outreach within 72 hours and connect the student to academic, advising, and financial support.",Dropout
1237,0.07749276243272823,0,Low,Continue routine monitoring and reinforce the student's current supports.,Graduate
1238,0.9683941812918042,1,High,"Start proactive outreach within 72 hours and connect the student to academic, advising, and financial support.",Dropout
1239,0.09910182958064563,0,Low,Continue routine monitoring and reinforce the student's current supports.,Graduate
1240,0.9803916453741113,1,High,"Start proactive outreach within 72 hours and connect the student to academic, advising, and financial support.",Dropout
1241,0.9518828260028661,1,High,"Start proactive outreach within 72 hours and connect the student to academic, advising, and financial support.",Dropout
1242,0.9671613018279888,1,High,"Start proactive outreach within 72 hours and connect the student to academic, advising, and financial support.",Dropout
1243,0.9087432728163863,1,High,"Start proactive outreach within 72 hours and connect the student to academic, advising, and financial support.",Enrolled
1244,0.31878670989228597,0,Low,Continue routine monitoring and reinforce the student's current supports.,Graduate
1245,0.9763926457553028,1,High,"Start proactive outreach within 72 hours and connect the student to academic, advising, and financial support.",Dropout
1246,0.9900153001575954,1,High,"Start proactive outreach within 72 hours and connect the student to academic, advising, and financial support.",Dropout
1247,0.01726693880473421,0,Low,Continue routine monitoring and reinforce the student's current supports.,Graduate
1248,0.9749372547455513,1,High,"Start proactive outreach within 72 hours and connect the student to academic, advising, and financial support.",Dropout
1249,0.7635336082650194,1,High,"Start proactive outreach within 72 hours and connect the student to academic, advising, and financial support.",Enrolled
1250,0.904011296069496,1,High,"Start proactive outreach within 72 hours and connect the student to academic, advising, and financial support.",Dropout
1251,0.06970925139857645,0,Low,Continue routine monitoring and reinforce the student's current supports.,Graduate
1252,0.08563259888088971,0,Low,Continue routine monitoring and reinforce the student's current supports.,Graduate
1253,0.24702370333322854,0,Low,Continue routine monitoring and reinforce the student's current supports.,Graduate
1254,0.04624028694134508,0,Low,Continue routine monitoring and reinforce the student's current supports.,Graduate
1255,0.2330865690492882,0,Low,Continue routine monitoring and reinforce the student's current supports.,Enrolled
1256,0.9068318475526109,1,High,"Start proactive outreach within 72 hours and connect the student to academic, advising, and financial support.",Dropout
1257,0.03587088691722481,0,Low,Continue routine monitoring and reinforce the student's current supports.,Graduate
1258,0.06853979566467146,0,Low,Continue routine monitoring and reinforce the student's current supports.,Graduate
1259,0.04980290733801466,0,Low,Continue routine monitoring and reinforce the student's current supports.,Graduate
1260,0.05010172566782698,0,Low,Continue routine monitoring and reinforce the student's current supports.,Graduate
1261,0.04185627850033847,0,Low,Continue routine monitoring and reinforce the student's current supports.,Graduate
1262,0.9300870068205437,1,High,"Start proactive outreach within 72 hours and connect the student to academic, advising, and financial support.",Dropout
1263,0.9801806496436393,1,High,"Start proactive outreach within 72 hours and connect the student to academic, advising, and financial support.",Dropout
1264,0.35217488582454504,0,Medium,"Schedule a check-in within two weeks and review attendance, coursework, and advising needs.",Graduate
1265,0.04853067689272401,0,Low,Continue routine monitoring and reinforce the student's current supports.,Graduate
1266,0.017608419901042942,0,Low,Continue routine monitoring and reinforce the student's current supports.,Graduate
1267,0.07693620061014074,0,Low,Continue routine monitoring and reinforce the student's current supports.,Graduate
1268,0.041864583540006634,0,Low,Continue routine monitoring and reinforce the student's current supports.,Graduate
1269,0.04873579271983742,0,Low,Continue routine monitoring and reinforce the student's current supports.,Enrolled
1270,0.9588162598284439,1,High,"Start proactive outreach within 72 hours and connect the student to academic, advising, and financial support.",Dropout
1271,0.2094134461367089,0,Low,Continue routine monitoring and reinforce the student's current supports.,Enrolled
1272,0.19763827045160834,0,Low,Continue routine monitoring and reinforce the student's current supports.,Graduate
1273,0.17761091655239564,0,Low,Continue routine monitoring and reinforce the student's current supports.,Dropout
1274,0.9918945609347825,1,High,"Start proactive outreach within 72 hours and connect the student to academic, advising, and financial support.",Dropout
1275,0.2860321064436219,0,Low,Continue routine monitoring and reinforce the student's current supports.,Graduate
1276,0.12747603230539234,0,Low,Continue routine monitoring and reinforce the student's current supports.,Graduate
1277,0.3413550613330929,0,Medium,"Schedule a check-in within two weeks and review attendance, coursework, and advising needs.",Graduate
1278,0.6893147264022702,1,High,"Start proactive outreach within 72 hours and connect the student to academic, advising, and financial support.",Dropout
1279,0.17687528315036358,0,Low,Continue routine monitoring and reinforce the student's current supports.,Enrolled
1280,0.04556244924167738,0,Low,Continue routine monitoring and reinforce the student's current supports.,Graduate
1281,0.10520725558564942,0,Low,Continue routine monitoring and reinforce the student's current supports.,Graduate
1282,0.12613394703405548,0,Low,Continue routine monitoring and reinforce the student's current supports.,Graduate
1283,0.9985532226964142,1,High,"Start proactive outreach within 72 hours and connect the student to academic, advising, and financial support.",Dropout
1284,0.07280726915377987,0,Low,Continue routine monitoring and reinforce the student's current supports.,Graduate
1285,0.13066853763798456,0,Low,Continue routine monitoring and reinforce the student's current supports.,Graduate
1286,0.41073293302402863,0,Medium,"Schedule a check-in within two weeks and review attendance, coursework, and advising needs.",Dropout
1287,0.07842087183070849,0,Low,Continue routine monitoring and reinforce the student's current supports.,Enrolled
1288,0.044212791670894834,0,Low,Continue routine monitoring and reinforce the student's current supports.,Graduate
1289,0.4471126275837282,0,Medium,"Schedule a check-in within two weeks and review attendance, coursework, and advising needs.",Graduate
1290,0.07966905321028467,0,Low,Continue routine monitoring and reinforce the student's current supports.,Graduate
1291,0.06581291375996119,0,Low,Continue routine monitoring and reinforce the student's current supports.,Enrolled
1292,0.08201816650872369,0,Low,Continue routine monitoring and reinforce the student's current supports.,Graduate
1293,0.577277733011507,1,Medium,"Schedule a check-in within two weeks and review attendance, coursework, and advising needs.",Dropout
1294,0.03950984443719931,0,Low,Continue routine monitoring and reinforce the student's current supports.,Graduate
1295,0.9980175826582081,1,High,"Start proactive outreach within 72 hours and connect the student to academic, advising, and financial support.",Dropout
1296,0.9642693352067979,1,High,"Start proactive outreach within 72 hours and connect the student to academic, advising, and financial support.",Dropout
1297,0.9979512397498534,1,High,"Start proactive outreach within 72 hours and connect the student to academic, advising, and financial support.",Dropout
1298,0.4030205216932664,0,Medium,"Schedule a check-in within two weeks and review attendance, coursework, and advising needs.",Dropout
1299,0.12337325570694894,0,Low,Continue routine monitoring and reinforce the student's current supports.,Graduate
1300,0.6745588734930139,1,High,"Start proactive outreach within 72 hours and connect the student to academic, advising, and financial support.",Enrolled
1301,0.8982611345528737,1,High,"Start proactive outreach within 72 hours and connect the student to academic, advising, and financial support.",Dropout
1302,0.9986757858869986,1,High,"Start proactive outreach within 72 hours and connect the student to academic, advising, and financial support.",Dropout
1303,0.46106618980425174,0,Medium,"Schedule a check-in within two weeks and review attendance, coursework, and advising needs.",Graduate
1304,0.18288441155478893,0,Low,Continue routine monitoring and reinforce the student's current supports.,Graduate
1305,0.12058793290134905,0,Low,Continue routine monitoring and reinforce the student's current supports.,Graduate
1306,0.1112641494360836,0,Low,Continue routine monitoring and reinforce the student's current supports.,Graduate
1307,0.012934968140106737,0,Low,Continue routine monitoring and reinforce the student's current supports.,Graduate
1308,0.09114062228436999,0,Low,Continue routine monitoring and reinforce the student's current supports.,Graduate
1309,0.1511259289078884,0,Low,Continue routine monitoring and reinforce the student's current supports.,Graduate
1310,0.0864338799381007,0,Low,Continue routine monitoring and reinforce the student's current supports.,Graduate
1311,0.007905860588031154,0,Low,Continue routine monitoring and reinforce the student's current supports.,Graduate
1312,0.022592977160453807,0,Low,Continue routine monitoring and reinforce the student's current supports.,Graduate
1313,0.05339375352432873,0,Low,Continue routine monitoring and reinforce the student's current supports.,Graduate
1314,0.060673243245983395,0,Low,Continue routine monitoring and reinforce the student's current supports.,Dropout
1315,0.43210104805544236,0,Medium,"Schedule a check-in within two weeks and review attendance, coursework, and advising needs.",Enrolled
1316,0.09223649352666598,0,Low,Continue routine monitoring and reinforce the student's current supports.,Graduate
1317,0.27596539798545133,0,Low,Continue routine monitoring and reinforce the student's current supports.,Enrolled
1318,0.9798456384880684,1,High,"Start proactive outreach within 72 hours and connect the student to academic, advising, and financial support.",Dropout
1319,0.32654662652206057,0,Low,Continue routine monitoring and reinforce the student's current supports.,Dropout
1320,0.3880052384813883,0,Medium,"Schedule a check-in within two weeks and review attendance, coursework, and advising needs.",Graduate
1321,0.08391619941187417,0,Low,Continue routine monitoring and reinforce the student's current supports.,Graduate
1322,0.13979040698625364,0,Low,Continue routine monitoring and reinforce the student's current supports.,Enrolled
1323,0.024220518969958374,0,Low,Continue routine monitoring and reinforce the student's current supports.,Graduate
1324,0.16554691583857636,0,Low,Continue routine monitoring and reinforce the student's current supports.,Graduate
1325,0.5536704228987888,1,Medium,"Schedule a check-in within two weeks and review attendance, coursework, and advising needs.",Enrolled
1326,0.10130299486961054,0,Low,Continue routine monitoring and reinforce the student's current supports.,Graduate
1327,0.5208051586220429,1,Medium,"Schedule a check-in within two weeks and review attendance, coursework, and advising needs.",Enrolled
1328,0.9996973915586488,1,High,"Start proactive outreach within 72 hours and connect the student to academic, advising, and financial support.",Dropout
1329,0.0529946167483019,0,Low,Continue routine monitoring and reinforce the student's current supports.,Graduate
1330,0.1274626073280459,0,Low,Continue routine monitoring and reinforce the student's current supports.,Enrolled
1331,0.024442152784354867,0,Low,Continue routine monitoring and reinforce the student's current supports.,Graduate
1332,0.025161650758154578,0,Low,Continue routine monitoring and reinforce the student's current supports.,Graduate
1333,0.9820754780271204,1,High,"Start proactive outreach within 72 hours and connect the student to academic, advising, and financial support.",Dropout
1334,0.3305336419610747,0,Medium,"Schedule a check-in within two weeks and review attendance, coursework, and advising needs.",Enrolled
1335,0.03643756014807917,0,Low,Continue routine monitoring and reinforce the student's current supports.,Graduate
1336,0.3470573269881508,0,Medium,"Schedule a check-in within two weeks and review attendance, coursework, and advising needs.",Enrolled
1337,0.10001993691104241,0,Low,Continue routine monitoring and reinforce the student's current supports.,Enrolled
1338,0.6658857594552683,1,High,"Start proactive outreach within 72 hours and connect the student to academic, advising, and financial support.",Enrolled
1339,0.3243358866928077,0,Low,Continue routine monitoring and reinforce the student's current supports.,Dropout
1340,0.0877133682902606,0,Low,Continue routine monitoring and reinforce the student's current supports.,Graduate
1341,0.06377716766999315,0,Low,Continue routine monitoring and reinforce the student's current supports.,Graduate
1342,0.3927467204403935,0,Medium,"Schedule a check-in within two weeks and review attendance, coursework, and advising needs.",Graduate
1343,0.07639576783721193,0,Low,Continue routine monitoring and reinforce the student's current supports.,Graduate
1344,0.22669268001419432,0,Low,Continue routine monitoring and reinforce the student's current supports.,Graduate
1345,0.49562554063425146,0,Medium,"Schedule a check-in within two weeks and review attendance, coursework, and advising needs.",Dropout
1346,0.05051061216914744,0,Low,Continue routine monitoring and reinforce the student's current supports.,Graduate
1347,0.20686306126206183,0,Low,Continue routine monitoring and reinforce the student's current supports.,Graduate
1348,0.08550663036774245,0,Low,Continue routine monitoring and reinforce the student's current supports.,Enrolled
1349,0.5998187888263409,1,Medium,"Schedule a check-in within two weeks and review attendance, coursework, and advising needs.",Enrolled
1350,0.06982379834211402,0,Low,Continue routine monitoring and reinforce the student's current supports.,Graduate
1351,0.3784504044179583,0,Medium,"Schedule a check-in within two weeks and review attendance, coursework, and advising needs.",Graduate
1352,0.07334500276296443,0,Low,Continue routine monitoring and reinforce the student's current supports.,Graduate
1353,0.04727843265124695,0,Low,Continue routine monitoring and reinforce the student's current supports.,Graduate
1354,0.9949456364413177,1,High,"Start proactive outreach within 72 hours and connect the student to academic, advising, and financial support.",Dropout
1355,0.03476337512612759,0,Low,Continue routine monitoring and reinforce the student's current supports.,Enrolled
1356,0.05822621797274536,0,Low,Continue routine monitoring and reinforce the student's current supports.,Enrolled
1357,0.9858495371776467,1,High,"Start proactive outreach within 72 hours and connect the student to academic, advising, and financial support.",Dropout
1358,0.9990581293650116,1,High,"Start proactive outreach within 72 hours and connect the student to academic, advising, and financial support.",Dropout
1359,0.9024542774448596,1,High,"Start proactive outreach within 72 hours and connect the student to academic, advising, and financial support.",Dropout
1360,0.996723803650378,1,High,"Start proactive outreach within 72 hours and connect the student to academic, advising, and financial support.",Dropout
1361,0.9104575781174813,1,High,"Start proactive outreach within 72 hours and connect the student to academic, advising, and financial support.",Dropout
1362,0.10976295636297083,0,Low,Continue routine monitoring and reinforce the student's current supports.,Graduate
1363,0.9812595388086723,1,High,"Start proactive outreach within 72 hours and connect the student to academic, advising, and financial support.",Dropout
1364,0.47431094249189687,0,Medium,"Schedule a check-in within two weeks and review attendance, coursework, and advising needs.",Graduate
1365,0.06475173891262416,0,Low,Continue routine monitoring and reinforce the student's current supports.,Graduate
1366,0.9987558157011718,1,High,"Start proactive outreach within 72 hours and connect the student to academic, advising, and financial support.",Dropout
1367,0.14812036377625648,0,Low,Continue routine monitoring and reinforce the student's current supports.,Dropout
1368,0.16071880611944275,0,Low,Continue routine monitoring and reinforce the student's current supports.,Graduate
1369,0.3034356110499408,0,Low,Continue routine monitoring and reinforce the student's current supports.,Dropout
1370,0.048083519331394854,0,Low,Continue routine monitoring and reinforce the student's current supports.,Graduate
1371,0.046029700705099895,0,Low,Continue routine monitoring and reinforce the student's current supports.,Graduate
1372,0.08526237380929368,0,Low,Continue routine monitoring and reinforce the student's current supports.,Graduate
1373,0.0801546159546878,0,Low,Continue routine monitoring and reinforce the student's current supports.,Graduate
1374,0.16199078938242772,0,Low,Continue routine monitoring and reinforce the student's current supports.,Graduate
1375,0.9911231674170912,1,High,"Start proactive outreach within 72 hours and connect the student to academic, advising, and financial support.",Dropout
1376,0.6107196667245308,1,Medium,"Schedule a check-in within two weeks and review attendance, coursework, and advising needs.",Dropout
1377,0.30398290556318897,0,Low,Continue routine monitoring and reinforce the student's current supports.,Enrolled
1378,0.490121037204969,0,Medium,"Schedule a check-in within two weeks and review attendance, coursework, and advising needs.",Graduate
1379,0.9930207963531078,1,High,"Start proactive outreach within 72 hours and connect the student to academic, advising, and financial support.",Dropout
1380,0.9768177680945029,1,High,"Start proactive outreach within 72 hours and connect the student to academic, advising, and financial support.",Dropout
1381,0.24267667952237576,0,Low,Continue routine monitoring and reinforce the student's current supports.,Graduate
1382,0.9997967106073764,1,High,"Start proactive outreach within 72 hours and connect the student to academic, advising, and financial support.",Dropout
1383,0.09386685488459297,0,Low,Continue routine monitoring and reinforce the student's current supports.,Graduate
1384,0.045242395285097894,0,Low,Continue routine monitoring and reinforce the student's current supports.,Graduate
1385,0.6718057852748677,1,High,"Start proactive outreach within 72 hours and connect the student to academic, advising, and financial support.",Graduate
1386,0.9764069623102859,1,High,"Start proactive outreach within 72 hours and connect the student to academic, advising, and financial support.",Dropout
1387,0.9921539044730129,1,High,"Start proactive outreach within 72 hours and connect the student to academic, advising, and financial support.",Dropout
1388,0.17110630035228447,0,Low,Continue routine monitoring and reinforce the student's current supports.,Graduate
1389,0.9875666630095441,1,High,"Start proactive outreach within 72 hours and connect the student to academic, advising, and financial support.",Dropout
1390,0.18830003660046024,0,Low,Continue routine monitoring and reinforce the student's current supports.,Enrolled
1391,0.016419962927471075,0,Low,Continue routine monitoring and reinforce the student's current supports.,Graduate
1392,0.12691730157318717,0,Low,Continue routine monitoring and reinforce the student's current supports.,Graduate
1393,0.6842848493448639,1,High,"Start proactive outreach within 72 hours and connect the student to academic, advising, and financial support.",Dropout
1394,0.10660761647195456,0,Low,Continue routine monitoring and reinforce the student's current supports.,Graduate
1395,0.029123295723581178,0,Low,Continue routine monitoring and reinforce the student's current supports.,Graduate
1396,0.2599986196970843,0,Low,Continue routine monitoring and reinforce the student's current supports.,Graduate
1397,0.3260716503618987,0,Low,Continue routine monitoring and reinforce the student's current supports.,Enrolled
1398,0.18387149666473093,0,Low,Continue routine monitoring and reinforce the student's current supports.,Graduate
1399,0.2018303417578744,0,Low,Continue routine monitoring and reinforce the student's current supports.,Graduate
1400,0.10092419754996847,0,Low,Continue routine monitoring and reinforce the student's current supports.,Graduate
1401,0.4055842805381555,0,Medium,"Schedule a check-in within two weeks and review attendance, coursework, and advising needs.",Enrolled
1402,0.0799777268181228,0,Low,Continue routine monitoring and reinforce the student's current supports.,Graduate
1403,0.1789682130071868,0,Low,Continue routine monitoring and reinforce the student's current supports.,Graduate
1404,0.0621929583971014,0,Low,Continue routine monitoring and reinforce the student's current supports.,Graduate
1405,0.9834518136634386,1,High,"Start proactive outreach within 72 hours and connect the student to academic, advising, and financial support.",Dropout
1406,0.9601558592644972,1,High,"Start proactive outreach within 72 hours and connect the student to academic, advising, and financial support.",Dropout
1407,0.06277244386481179,0,Low,Continue routine monitoring and reinforce the student's current supports.,Graduate
1408,0.3216140079958644,0,Low,Continue routine monitoring and reinforce the student's current supports.,Enrolled
1409,0.9210674706870573,1,High,"Start proactive outreach within 72 hours and connect the student to academic, advising, and financial support.",Dropout
1410,0.06564548889155392,0,Low,Continue routine monitoring and reinforce the student's current supports.,Graduate
1411,0.9756488884691921,1,High,"Start proactive outreach within 72 hours and connect the student to academic, advising, and financial support.",Dropout
1412,0.032449933831632465,0,Low,Continue routine monitoring and reinforce the student's current supports.,Graduate
1413,0.08423957982840187,0,Low,Continue routine monitoring and reinforce the student's current supports.,Graduate
1414,0.4924905610144031,0,Medium,"Schedule a check-in within two weeks and review attendance, coursework, and advising needs.",Enrolled
1415,0.077934256014044,0,Low,Continue routine monitoring and reinforce the student's current supports.,Graduate
1416,0.1894627563028461,0,Low,Continue routine monitoring and reinforce the student's current supports.,Graduate
1417,0.997807945134863,1,High,"Start proactive outreach within 72 hours and connect the student to academic, advising, and financial support.",Dropout
1418,0.09646184224998527,0,Low,Continue routine monitoring and reinforce the student's current supports.,Graduate
1419,0.184263092565109,0,Low,Continue routine monitoring and reinforce the student's current supports.,Graduate
1420,0.2862622958082479,0,Low,Continue routine monitoring and reinforce the student's current supports.,Dropout
1421,0.4716350825004016,0,Medium,"Schedule a check-in within two weeks and review attendance, coursework, and advising needs.",Dropout
1422,0.14649937349463865,0,Low,Continue routine monitoring and reinforce the student's current supports.,Enrolled
1423,0.02256459760141043,0,Low,Continue routine monitoring and reinforce the student's current supports.,Graduate
1424,0.026606908857943336,0,Low,Continue routine monitoring and reinforce the student's current supports.,Graduate
1425,0.26558129528274294,0,Low,Continue routine monitoring and reinforce the student's current supports.,Enrolled
1426,0.20313756404044628,0,Low,Continue routine monitoring and reinforce the student's current supports.,Graduate
1427,0.060931868158626064,0,Low,Continue routine monitoring and reinforce the student's current supports.,Graduate
1428,0.5557278056350408,1,Medium,"Schedule a check-in within two weeks and review attendance, coursework, and advising needs.",Enrolled
1429,0.1750793060552275,0,Low,Continue routine monitoring and reinforce the student's current supports.,Enrolled
1430,0.06902807943481444,0,Low,Continue routine monitoring and reinforce the student's current supports.,Graduate
1431,0.051184074846177936,0,Low,Continue routine monitoring and reinforce the student's current supports.,Graduate
1432,0.9311787489332356,1,High,"Start proactive outreach within 72 hours and connect the student to academic, advising, and financial support.",Dropout
1433,0.11982160379294074,0,Low,Continue routine monitoring and reinforce the student's current supports.,Enrolled
1434,0.053471773191513236,0,Low,Continue routine monitoring and reinforce the student's current supports.,Graduate
1435,0.09076609257049716,0,Low,Continue routine monitoring and reinforce the student's current supports.,Enrolled
1436,0.9843323328345899,1,High,"Start proactive outreach within 72 hours and connect the student to academic, advising, and financial support.",Dropout
1437,0.17417389387383925,0,Low,Continue routine monitoring and reinforce the student's current supports.,Enrolled
1438,0.09872071947086518,0,Low,Continue routine monitoring and reinforce the student's current supports.,Graduate
1439,0.11849796629846047,0,Low,Continue routine monitoring and reinforce the student's current supports.,Graduate
1440,0.043288068796230476,0,Low,Continue routine monitoring and reinforce the student's current supports.,Graduate
1441,0.22820412225749834,0,Low,Continue routine monitoring and reinforce the student's current supports.,Graduate
1442,0.05107552534773606,0,Low,Continue routine monitoring and reinforce the student's current supports.,Graduate
1443,0.28360168602974645,0,Low,Continue routine monitoring and reinforce the student's current supports.,Graduate
1444,0.9993567777382802,1,High,"Start proactive outreach within 72 hours and connect the student to academic, advising, and financial support.",Dropout
1445,0.07991710926383723,0,Low,Continue routine monitoring and reinforce the student's current supports.,Graduate
1446,0.9882184147567805,1,High,"Start proactive outreach within 72 hours and connect the student to academic, advising, and financial support.",Dropout
1447,0.8377487718075562,1,High,"Start proactive outreach within 72 hours and connect the student to academic, advising, and financial support.",Dropout
1448,0.3239600721773784,0,Low,Continue routine monitoring and reinforce the student's current supports.,Dropout
1449,0.45394886440561316,0,Medium,"Schedule a check-in within two weeks and review attendance, coursework, and advising needs.",Dropout
1450,0.1849914480011531,0,Low,Continue routine monitoring and reinforce the student's current supports.,Graduate
1451,0.3507132925425172,0,Medium,"Schedule a check-in within two weeks and review attendance, coursework, and advising needs.",Dropout
1452,0.029115920214571166,0,Low,Continue routine monitoring and reinforce the student's current supports.,Graduate
1453,0.5099572355071831,1,Medium,"Schedule a check-in within two weeks and review attendance, coursework, and advising needs.",Dropout
1454,0.09449752163375263,0,Low,Continue routine monitoring and reinforce the student's current supports.,Graduate
1455,0.09409201072063388,0,Low,Continue routine monitoring and reinforce the student's current supports.,Enrolled
1456,0.9272760005919954,1,High,"Start proactive outreach within 72 hours and connect the student to academic, advising, and financial support.",Dropout
1457,0.0790409372864432,0,Low,Continue routine monitoring and reinforce the student's current supports.,Enrolled
1458,0.23641605348881298,0,Low,Continue routine monitoring and reinforce the student's current supports.,Enrolled
1459,0.34355037931547533,0,Medium,"Schedule a check-in within two weeks and review attendance, coursework, and advising needs.",Enrolled
1460,0.9971520599164145,1,High,"Start proactive outreach within 72 hours and connect the student to academic, advising, and financial support.",Dropout
1461,0.5820280139299295,1,Medium,"Schedule a check-in within two weeks and review attendance, coursework, and advising needs.",Dropout
1462,0.08471644611753221,0,Low,Continue routine monitoring and reinforce the student's current supports.,Graduate
1463,0.3372147629706862,0,Medium,"Schedule a check-in within two weeks and review attendance, coursework, and advising needs.",Enrolled
1464,0.8544289438611662,1,High,"Start proactive outreach within 72 hours and connect the student to academic, advising, and financial support.",Dropout
1465,0.1908796629139072,0,Low,Continue routine monitoring and reinforce the student's current supports.,Enrolled
1466,0.5609136054054751,1,Medium,"Schedule a check-in within two weeks and review attendance, coursework, and advising needs.",Graduate
1467,0.9618749232313681,1,High,"Start proactive outreach within 72 hours and connect the student to academic, advising, and financial support.",Dropout
1468,0.26785119320049616,0,Low,Continue routine monitoring and reinforce the student's current supports.,Enrolled
1469,0.06813978850133896,0,Low,Continue routine monitoring and reinforce the student's current supports.,Graduate
1470,0.1563749069681691,0,Low,Continue routine monitoring and reinforce the student's current supports.,Graduate
1471,0.2648162763229993,0,Low,Continue routine monitoring and reinforce the student's current supports.,Enrolled
1472,0.20946491270743772,0,Low,Continue routine monitoring and reinforce the student's current supports.,Enrolled
1473,0.1607892536656475,0,Low,Continue routine monitoring and reinforce the student's current supports.,Graduate
1474,0.9958229155648294,1,High,"Start proactive outreach within 72 hours and connect the student to academic, advising, and financial support.",Dropout
1475,0.5421481445442076,1,Medium,"Schedule a check-in within two weeks and review attendance, coursework, and advising needs.",Enrolled
1476,0.2398918052917891,0,Low,Continue routine monitoring and reinforce the student's current supports.,Graduate
1477,0.9255601441925762,1,High,"Start proactive outreach within 72 hours and connect the student to academic, advising, and financial support.",Dropout
1478,0.02690119739762825,0,Low,Continue routine monitoring and reinforce the student's current supports.,Graduate
1479,0.9973800561624754,1,High,"Start proactive outreach within 72 hours and connect the student to academic, advising, and financial support.",Dropout
1480,0.9078363735369066,1,High,"Start proactive outreach within 72 hours and connect the student to academic, advising, and financial support.",Dropout
1481,0.2670138350374731,0,Low,Continue routine monitoring and reinforce the student's current supports.,Dropout
1482,0.23943962536138602,0,Low,Continue routine monitoring and reinforce the student's current supports.,Graduate
1483,0.03608921124251644,0,Low,Continue routine monitoring and reinforce the student's current supports.,Graduate
1484,0.3420914864921828,0,Medium,"Schedule a check-in within two weeks and review attendance, coursework, and advising needs.",Graduate
1485,0.0829654898963286,0,Low,Continue routine monitoring and reinforce the student's current supports.,Graduate
1486,0.15700370494252858,0,Low,Continue routine monitoring and reinforce the student's current supports.,Graduate
1487,0.20305295230531534,0,Low,Continue routine monitoring and reinforce the student's current supports.,Graduate
1488,0.22549440398766538,0,Low,Continue routine monitoring and reinforce the student's current supports.,Enrolled
1489,0.9442696845197838,1,High,"Start proactive outreach within 72 hours and connect the student to academic, advising, and financial support.",Dropout
1490,0.0877326180152346,0,Low,Continue routine monitoring and reinforce the student's current supports.,Graduate
1491,0.16442842031641955,0,Low,Continue routine monitoring and reinforce the student's current supports.,Graduate
1492,0.1868027596095929,0,Low,Continue routine monitoring and reinforce the student's current supports.,Graduate
1493,0.8706779181409499,1,High,"Start proactive outreach within 72 hours and connect the student to academic, advising, and financial support.",Dropout
1494,0.37408499430552233,0,Medium,"Schedule a check-in within two weeks and review attendance, coursework, and advising needs.",Graduate
1495,0.9920759765772716,1,High,"Start proactive outreach within 72 hours and connect the student to academic, advising, and financial support.",Dropout
1496,0.15691408061151957,0,Low,Continue routine monitoring and reinforce the student's current supports.,Graduate
1497,0.06585823369582808,0,Low,Continue routine monitoring and reinforce the student's current supports.,Graduate
1498,0.3504912847441157,0,Medium,"Schedule a check-in within two weeks and review attendance, coursework, and advising needs.",Graduate
1499,0.05219505585049398,0,Low,Continue routine monitoring and reinforce the student's current supports.,Enrolled
1500,0.0920790090989948,0,Low,Continue routine monitoring and reinforce the student's current supports.,Graduate
1501,0.04507291008676852,0,Low,Continue routine monitoring and reinforce the student's current supports.,Graduate
1502,0.9973041335212309,1,High,"Start proactive outreach within 72 hours and connect the student to academic, advising, and financial support.",Dropout
1503,0.3914979204899139,0,Medium,"Schedule a check-in within two weeks and review attendance, coursework, and advising needs.",Graduate
1504,0.04228426681184901,0,Low,Continue routine monitoring and reinforce the student's current supports.,Enrolled
1505,0.23718361835865553,0,Low,Continue routine monitoring and reinforce the student's current supports.,Enrolled
1506,0.9680498375768907,1,High,"Start proactive outreach within 72 hours and connect the student to academic, advising, and financial support.",Dropout
1507,0.6018521606832266,1,Medium,"Schedule a check-in within two weeks and review attendance, coursework, and advising needs.",Enrolled
1508,0.38807465454095774,0,Medium,"Schedule a check-in within two weeks and review attendance, coursework, and advising needs.",Graduate
1509,0.05534920185730702,0,Low,Continue routine monitoring and reinforce the student's current supports.,Graduate
1510,0.9639150237025014,1,High,"Start proactive outreach within 72 hours and connect the student to academic, advising, and financial support.",Dropout
1511,0.9979696043670405,1,High,"Start proactive outreach within 72 hours and connect the student to academic, advising, and financial support.",Dropout
1512,0.49495979271448026,0,Medium,"Schedule a check-in within two weeks and review attendance, coursework, and advising needs.",Enrolled
1513,0.5080040773115364,1,Medium,"Schedule a check-in within two weeks and review attendance, coursework, and advising needs.",Graduate
1514,0.05260187217634717,0,Low,Continue routine monitoring and reinforce the student's current supports.,Graduate
1515,0.9903966078309903,1,High,"Start proactive outreach within 72 hours and connect the student to academic, advising, and financial support.",Dropout
1516,0.01132445154353687,0,Low,Continue routine monitoring and reinforce the student's current supports.,Graduate
1517,0.999606821814331,1,High,"Start proactive outreach within 72 hours and connect the student to academic, advising, and financial support.",Dropout
1518,0.027286956066229197,0,Low,Continue routine monitoring and reinforce the student's current supports.,Graduate
1519,0.39188862931836344,0,Medium,"Schedule a check-in within two weeks and review attendance, coursework, and advising needs.",Enrolled
1520,0.9979705899779436,1,High,"Start proactive outreach within 72 hours and connect the student to academic, advising, and financial support.",Dropout
1521,0.9800288199181134,1,High,"Start proactive outreach within 72 hours and connect the student to academic, advising, and financial support.",Dropout
1522,0.30619134705538764,0,Low,Continue routine monitoring and reinforce the student's current supports.,Graduate
1523,0.9252485125282431,1,High,"Start proactive outreach within 72 hours and connect the student to academic, advising, and financial support.",Dropout
1524,0.23601964470637507,0,Low,Continue routine monitoring and reinforce the student's current supports.,Dropout
1525,0.3930624104740594,0,Medium,"Schedule a check-in within two weeks and review attendance, coursework, and advising needs.",Enrolled
1526,0.07395100039694223,0,Low,Continue routine monitoring and reinforce the student's current supports.,Graduate
1527,0.954284011587168,1,High,"Start proactive outreach within 72 hours and connect the student to academic, advising, and financial support.",Dropout
1528,0.5699496433079537,1,Medium,"Schedule a check-in within two weeks and review attendance, coursework, and advising needs.",Graduate
1529,0.337547823314377,0,Medium,"Schedule a check-in within two weeks and review attendance, coursework, and advising needs.",Graduate
1530,0.38635128920015044,0,Medium,"Schedule a check-in within two weeks and review attendance, coursework, and advising needs.",Dropout
1531,0.4354637851023536,0,Medium,"Schedule a check-in within two weeks and review attendance, coursework, and advising needs.",Enrolled
1532,0.08230756767792057,0,Low,Continue routine monitoring and reinforce the student's current supports.,Graduate
1533,0.217025779295582,0,Low,Continue routine monitoring and reinforce the student's current supports.,Graduate
1534,0.7838987452113262,1,High,"Start proactive outreach within 72 hours and connect the student to academic, advising, and financial support.",Enrolled
1535,0.07108334929517002,0,Low,Continue routine monitoring and reinforce the student's current supports.,Graduate
1536,0.3488598721809627,0,Medium,"Schedule a check-in within two weeks and review attendance, coursework, and advising needs.",Enrolled
1537,0.9818839938046917,1,High,"Start proactive outreach within 72 hours and connect the student to academic, advising, and financial support.",Dropout
1538,0.02139664994562736,0,Low,Continue routine monitoring and reinforce the student's current supports.,Graduate
1539,0.9958160412993141,1,High,"Start proactive outreach within 72 hours and connect the student to academic, advising, and financial support.",Dropout
1540,0.9963503641343103,1,High,"Start proactive outreach within 72 hours and connect the student to academic, advising, and financial support.",Dropout
1541,0.22726323631550163,0,Low,Continue routine monitoring and reinforce the student's current supports.,Dropout
1542,0.9960277367219723,1,High,"Start proactive outreach within 72 hours and connect the student to academic, advising, and financial support.",Dropout
1543,0.9396999397184689,1,High,"Start proactive outreach within 72 hours and connect the student to academic, advising, and financial support.",Dropout
1544,0.9948769893264495,1,High,"Start proactive outreach within 72 hours and connect the student to academic, advising, and financial support.",Dropout
1545,0.8547754735825704,1,High,"Start proactive outreach within 72 hours and connect the student to academic, advising, and financial support.",Dropout
1546,0.10110528125439239,0,Low,Continue routine monitoring and reinforce the student's current supports.,Graduate
1547,0.6098922021634446,1,Medium,"Schedule a check-in within two weeks and review attendance, coursework, and advising needs.",Enrolled
1548,0.9996676024956881,1,High,"Start proactive outreach within 72 hours and connect the student to academic, advising, and financial support.",Dropout
1549,0.9988933460647906,1,High,"Start proactive outreach within 72 hours and connect the student to academic, advising, and financial support.",Dropout
1550,0.9977369226909831,1,High,"Start proactive outreach within 72 hours and connect the student to academic, advising, and financial support.",Dropout
1551,0.10225554998088739,0,Low,Continue routine monitoring and reinforce the student's current supports.,Graduate
1552,0.5152661557386944,1,Medium,"Schedule a check-in within two weeks and review attendance, coursework, and advising needs.",Graduate
1553,0.25724101308909114,0,Low,Continue routine monitoring and reinforce the student's current supports.,Graduate
1554,0.03543788190014676,0,Low,Continue routine monitoring and reinforce the student's current supports.,Graduate
1555,0.05585175900643894,0,Low,Continue routine monitoring and reinforce the student's current supports.,Graduate
1556,0.03208765825204119,0,Low,Continue routine monitoring and reinforce the student's current supports.,Graduate
1557,0.9269368586620924,1,High,"Start proactive outreach within 72 hours and connect the student to academic, advising, and financial support.",Dropout
1558,0.9002868217151396,1,High,"Start proactive outreach within 72 hours and connect the student to academic, advising, and financial support.",Enrolled
1559,0.47973932923102636,0,Medium,"Schedule a check-in within two weeks and review attendance, coursework, and advising needs.",Dropout
1560,0.035086072140554765,0,Low,Continue routine monitoring and reinforce the student's current supports.,Graduate
1561,0.1694855366096672,0,Low,Continue routine monitoring and reinforce the student's current supports.,Enrolled
1562,0.6606654856092474,1,High,"Start proactive outreach within 72 hours and connect the student to academic, advising, and financial support.",Enrolled
1563,0.18508398620118138,0,Low,Continue routine monitoring and reinforce the student's current supports.,Graduate
1564,0.9865874565230999,1,High,"Start proactive outreach within 72 hours and connect the student to academic, advising, and financial support.",Enrolled
1565,0.41891983994669507,0,Medium,"Schedule a check-in within two weeks and review attendance, coursework, and advising needs.",Enrolled
1566,0.07328052207835822,0,Low,Continue routine monitoring and reinforce the student's current supports.,Graduate
1567,0.02862552311257751,0,Low,Continue routine monitoring and reinforce the student's current supports.,Graduate
1568,0.1912635255403419,0,Low,Continue routine monitoring and reinforce the student's current supports.,Graduate
1569,0.4813460079370549,0,Medium,"Schedule a check-in within two weeks and review attendance, coursework, and advising needs.",Enrolled
1570,0.9562997025322426,1,High,"Start proactive outreach within 72 hours and connect the student to academic, advising, and financial support.",Dropout
1571,0.025825944225235854,0,Low,Continue routine monitoring and reinforce the student's current supports.,Enrolled
1572,0.999511186023061,1,High,"Start proactive outreach within 72 hours and connect the student to academic, advising, and financial support.",Dropout
1573,0.9995486101072062,1,High,"Start proactive outreach within 72 hours and connect the student to academic, advising, and financial support.",Dropout
1574,0.8232109551146579,1,High,"Start proactive outreach within 72 hours and connect the student to academic, advising, and financial support.",Dropout
1575,0.6581824200784676,1,Medium,"Schedule a check-in within two weeks and review attendance, coursework, and advising needs.",Graduate
1576,0.706153024037668,1,High,"Start proactive outreach within 72 hours and connect the student to academic, advising, and financial support.",Graduate
1577,0.6508263298139848,1,Medium,"Schedule a check-in within two weeks and review attendance, coursework, and advising needs.",Dropout
1578,0.15766406641431954,0,Low,Continue routine monitoring and reinforce the student's current supports.,Enrolled
1579,0.8764615747508442,1,High,"Start proactive outreach within 72 hours and connect the student to academic, advising, and financial support.",Dropout
1580,0.4141905639224469,0,Medium,"Schedule a check-in within two weeks and review attendance, coursework, and advising needs.",Enrolled
1581,0.11549969368965354,0,Low,Continue routine monitoring and reinforce the student's current supports.,Graduate
1582,0.15587554410013585,0,Low,Continue routine monitoring and reinforce the student's current supports.,Enrolled
1583,0.8789960204099486,1,High,"Start proactive outreach within 72 hours and connect the student to academic, advising, and financial support.",Dropout
1584,0.4365610146657676,0,Medium,"Schedule a check-in within two weeks and review attendance, coursework, and advising needs.",Dropout
1585,0.1877725361470968,0,Low,Continue routine monitoring and reinforce the student's current supports.,Graduate
1586,0.26805856980457643,0,Low,Continue routine monitoring and reinforce the student's current supports.,Graduate
1587,0.17925968062245992,0,Low,Continue routine monitoring and reinforce the student's current supports.,Enrolled
1588,0.6136492225383753,1,Medium,"Schedule a check-in within two weeks and review attendance, coursework, and advising needs.",Enrolled
1589,0.9625486874673748,1,High,"Start proactive outreach within 72 hours and connect the student to academic, advising, and financial support.",Dropout
1590,0.02440600603002405,0,Low,Continue routine monitoring and reinforce the student's current supports.,Graduate
1591,0.9475853535275651,1,High,"Start proactive outreach within 72 hours and connect the student to academic, advising, and financial support.",Dropout
1592,0.6262936751391317,1,Medium,"Schedule a check-in within two weeks and review attendance, coursework, and advising needs.",Dropout
1593,0.4393645099572062,0,Medium,"Schedule a check-in within two weeks and review attendance, coursework, and advising needs.",Enrolled
1594,0.8996665522939533,1,High,"Start proactive outreach within 72 hours and connect the student to academic, advising, and financial support.",Dropout
1595,0.505440981235951,1,Medium,"Schedule a check-in within two weeks and review attendance, coursework, and advising needs.",Enrolled
1596,0.20710874813296906,0,Low,Continue routine monitoring and reinforce the student's current supports.,Enrolled
1597,0.42061526789721415,0,Medium,"Schedule a check-in within two weeks and review attendance, coursework, and advising needs.",Enrolled
1598,0.10746317982097835,0,Low,Continue routine monitoring and reinforce the student's current supports.,Graduate
1599,0.28415279304795943,0,Low,Continue routine monitoring and reinforce the student's current supports.,Dropout
1600,0.9006993716782882,1,High,"Start proactive outreach within 72 hours and connect the student to academic, advising, and financial support.",Dropout
1601,0.7634599249741841,1,High,"Start proactive outreach within 72 hours and connect the student to academic, advising, and financial support.",Graduate
1602,0.44724721618387164,0,Medium,"Schedule a check-in within two weeks and review attendance, coursework, and advising needs.",Enrolled
1603,0.5209637747451166,1,Medium,"Schedule a check-in within two weeks and review attendance, coursework, and advising needs.",Enrolled
1604,0.027097267865417655,0,Low,Continue routine monitoring and reinforce the student's current supports.,Graduate
1605,0.9967535728558374,1,High,"Start proactive outreach within 72 hours and connect the student to academic, advising, and financial support.",Dropout
1606,0.18208923951439918,0,Low,Continue routine monitoring and reinforce the student's current supports.,Enrolled
1607,0.3823886160536093,0,Medium,"Schedule a check-in within two weeks and review attendance, coursework, and advising needs.",Graduate
1608,0.014041991630039675,0,Low,Continue routine monitoring and reinforce the student's current supports.,Graduate
1609,0.3193674843414145,0,Low,Continue routine monitoring and reinforce the student's current supports.,Enrolled
1610,0.09025838831806139,0,Low,Continue routine monitoring and reinforce the student's current supports.,Graduate
1611,0.4724046015220765,0,Medium,"Schedule a check-in within two weeks and review attendance, coursework, and advising needs.",Dropout
1612,0.14435233731445318,0,Low,Continue routine monitoring and reinforce the student's current supports.,Enrolled
1613,0.07399934313660977,0,Low,Continue routine monitoring and reinforce the student's current supports.,Graduate
1614,0.9985449371270457,1,High,"Start proactive outreach within 72 hours and connect the student to academic, advising, and financial support.",Dropout
1615,0.032977732067749455,0,Low,Continue routine monitoring and reinforce the student's current supports.,Graduate
1616,0.605957307388788,1,Medium,"Schedule a check-in within two weeks and review attendance, coursework, and advising needs.",Dropout
1617,0.10585027794564043,0,Low,Continue routine monitoring and reinforce the student's current supports.,Graduate
1618,0.3515438141593276,0,Medium,"Schedule a check-in within two weeks and review attendance, coursework, and advising needs.",Dropout
1619,0.1449974724066429,0,Low,Continue routine monitoring and reinforce the student's current supports.,Dropout
1620,0.4181056502304049,0,Medium,"Schedule a check-in within two weeks and review attendance, coursework, and advising needs.",Graduate
1621,0.13508929911756198,0,Low,Continue routine monitoring and reinforce the student's current supports.,Graduate
1622,0.1378928999298115,0,Low,Continue routine monitoring and reinforce the student's current supports.,Graduate
1623,0.9249469764277961,1,High,"Start proactive outreach within 72 hours and connect the student to academic, advising, and financial support.",Dropout
1624,0.5890660762492882,1,Medium,"Schedule a check-in within two weeks and review attendance, coursework, and advising needs.",Dropout
1625,0.8537475317737702,1,High,"Start proactive outreach within 72 hours and connect the student to academic, advising, and financial support.",Dropout
1626,0.999146481528815,1,High,"Start proactive outreach within 72 hours and connect the student to academic, advising, and financial support.",Dropout
1627,0.1714993176057719,0,Low,Continue routine monitoring and reinforce the student's current supports.,Graduate
1628,0.7516595618233161,1,High,"Start proactive outreach within 72 hours and connect the student to academic, advising, and financial support.",Dropout
1629,0.7152478959642409,1,High,"Start proactive outreach within 72 hours and connect the student to academic, advising, and financial support.",Dropout
1630,0.9859303109972464,1,High,"Start proactive outreach within 72 hours and connect the student to academic, advising, and financial support.",Dropout
1631,0.7965660154032521,1,High,"Start proactive outreach within 72 hours and connect the student to academic, advising, and financial support.",Graduate
1632,0.9989426661354335,1,High,"Start proactive outreach within 72 hours and connect the student to academic, advising, and financial support.",Dropout
1633,0.32841384222281567,0,Low,Continue routine monitoring and reinforce the student's current supports.,Graduate
1634,0.021421614801134612,0,Low,Continue routine monitoring and reinforce the student's current supports.,Enrolled
1635,0.41059730153345536,0,Medium,"Schedule a check-in within two weeks and review attendance, coursework, and advising needs.",Graduate
1636,0.10425454778864454,0,Low,Continue routine monitoring and reinforce the student's current supports.,Graduate
1637,0.5157216584225764,1,Medium,"Schedule a check-in within two weeks and review attendance, coursework, and advising needs.",Graduate
1638,0.08958509595676725,0,Low,Continue routine monitoring and reinforce the student's current supports.,Graduate
1639,0.9907600382953827,1,High,"Start proactive outreach within 72 hours and connect the student to academic, advising, and financial support.",Dropout
1640,0.12092562655638647,0,Low,Continue routine monitoring and reinforce the student's current supports.,Graduate
1641,0.02657218970584446,0,Low,Continue routine monitoring and reinforce the student's current supports.,Graduate
1642,0.04330243962314529,0,Low,Continue routine monitoring and reinforce the student's current supports.,Graduate
1643,0.1024712102052812,0,Low,Continue routine monitoring and reinforce the student's current supports.,Graduate
1644,0.07838158929969392,0,Low,Continue routine monitoring and reinforce the student's current supports.,Graduate
1645,0.8139111158245607,1,High,"Start proactive outreach within 72 hours and connect the student to academic, advising, and financial support.",Dropout
1646,0.3348668798469093,0,Medium,"Schedule a check-in within two weeks and review attendance, coursework, and advising needs.",Dropout
1647,0.011308518882115192,0,Low,Continue routine monitoring and reinforce the student's current supports.,Graduate
1648,0.017182540213107944,0,Low,Continue routine monitoring and reinforce the student's current supports.,Graduate
1649,0.06182564785582615,0,Low,Continue routine monitoring and reinforce the student's current supports.,Dropout
1650,0.049043967941379,0,Low,Continue routine monitoring and reinforce the student's current supports.,Graduate
1651,0.06114270132933866,0,Low,Continue routine monitoring and reinforce the student's current supports.,Enrolled
1652,0.07922903197194064,0,Low,Continue routine monitoring and reinforce the student's current supports.,Graduate
1653,0.23869670011827093,0,Low,Continue routine monitoring and reinforce the student's current supports.,Enrolled
1654,0.035158110255130354,0,Low,Continue routine monitoring and reinforce the student's current supports.,Graduate
1655,0.961873841996217,1,High,"Start proactive outreach within 72 hours and connect the student to academic, advising, and financial support.",Dropout
1656,0.055922788658445695,0,Low,Continue routine monitoring and reinforce the student's current supports.,Graduate
1657,0.14216156537138075,0,Low,Continue routine monitoring and reinforce the student's current supports.,Graduate
1658,0.25030558240716466,0,Low,Continue routine monitoring and reinforce the student's current supports.,Enrolled
1659,0.2791182414211727,0,Low,Continue routine monitoring and reinforce the student's current supports.,Graduate
1660,0.37232781326452347,0,Medium,"Schedule a check-in within two weeks and review attendance, coursework, and advising needs.",Enrolled
1661,0.04122311925690091,0,Low,Continue routine monitoring and reinforce the student's current supports.,Graduate
1662,0.05930466920787581,0,Low,Continue routine monitoring and reinforce the student's current supports.,Graduate
1663,0.037420275089669726,0,Low,Continue routine monitoring and reinforce the student's current supports.,Graduate
1664,0.023800079050974227,0,Low,Continue routine monitoring and reinforce the student's current supports.,Graduate
1665,0.07256262822322804,0,Low,Continue routine monitoring and reinforce the student's current supports.,Graduate
1666,0.22741246171597534,0,Low,Continue routine monitoring and reinforce the student's current supports.,Enrolled
1667,0.016675800881477642,0,Low,Continue routine monitoring and reinforce the student's current supports.,Graduate
1668,0.02177300030560187,0,Low,Continue routine monitoring and reinforce the student's current supports.,Graduate
1669,0.9010987188501445,1,High,"Start proactive outreach within 72 hours and connect the student to academic, advising, and financial support.",Dropout
1670,0.3015056323289157,0,Low,Continue routine monitoring and reinforce the student's current supports.,Graduate
1671,0.3615508505746728,0,Medium,"Schedule a check-in within two weeks and review attendance, coursework, and advising needs.",Enrolled
1672,0.025559467046746595,0,Low,Continue routine monitoring and reinforce the student's current supports.,Graduate
1673,0.9387987905273026,1,High,"Start proactive outreach within 72 hours and connect the student to academic, advising, and financial support.",Dropout
1674,0.2314517816395511,0,Low,Continue routine monitoring and reinforce the student's current supports.,Graduate
1675,0.15620247792438952,0,Low,Continue routine monitoring and reinforce the student's current supports.,Graduate
1676,0.9913856590715706,1,High,"Start proactive outreach within 72 hours and connect the student to academic, advising, and financial support.",Dropout
1677,0.9922077954650876,1,High,"Start proactive outreach within 72 hours and connect the student to academic, advising, and financial support.",Dropout
1678,0.10577120920498928,0,Low,Continue routine monitoring and reinforce the student's current supports.,Graduate
1679,0.3261842715013012,0,Low,Continue routine monitoring and reinforce the student's current supports.,Graduate
1680,0.9835262467405947,1,High,"Start proactive outreach within 72 hours and connect the student to academic, advising, and financial support.",Dropout
1681,0.30970846130805496,0,Low,Continue routine monitoring and reinforce the student's current supports.,Enrolled
1682,0.4546585831742952,0,Medium,"Schedule a check-in within two weeks and review attendance, coursework, and advising needs.",Enrolled
1683,0.3288049552292282,0,Low,Continue routine monitoring and reinforce the student's current supports.,Dropout
1684,0.38110361832023343,0,Medium,"Schedule a check-in within two weeks and review attendance, coursework, and advising needs.",Dropout
1685,0.23177412102695252,0,Low,Continue routine monitoring and reinforce the student's current supports.,Graduate
1686,0.060338361755361954,0,Low,Continue routine monitoring and reinforce the student's current supports.,Graduate
1687,0.3963406895701774,0,Medium,"Schedule a check-in within two weeks and review attendance, coursework, and advising needs.",Graduate
1688,0.9990666995441368,1,High,"Start proactive outreach within 72 hours and connect the student to academic, advising, and financial support.",Dropout
1689,0.46467958552491634,0,Medium,"Schedule a check-in within two weeks and review attendance, coursework, and advising needs.",Enrolled
1690,0.4950093997606901,0,Medium,"Schedule a check-in within two weeks and review attendance, coursework, and advising needs.",Dropout
1691,0.9958711720920914,1,High,"Start proactive outreach within 72 hours and connect the student to academic, advising, and financial support.",Dropout
1692,0.9980575738720923,1,High,"Start proactive outreach within 72 hours and connect the student to academic, advising, and financial support.",Dropout
1693,0.07914087259218072,0,Low,Continue routine monitoring and reinforce the student's current supports.,Graduate
1694,0.17003099310122433,0,Low,Continue routine monitoring and reinforce the student's current supports.,Enrolled
1695,0.9761766015162514,1,High,"Start proactive outreach within 72 hours and connect the student to academic, advising, and financial support.",Dropout
1696,0.06343984399538043,0,Low,Continue routine monitoring and reinforce the student's current supports.,Graduate
1697,0.05768983421852626,0,Low,Continue routine monitoring and reinforce the student's current supports.,Graduate
1698,0.9857638144386618,1,High,"Start proactive outreach within 72 hours and connect the student to academic, advising, and financial support.",Dropout
1699,0.9549862407815037,1,High,"Start proactive outreach within 72 hours and connect the student to academic, advising, and financial support.",Dropout
1700,0.9957073138608699,1,High,"Start proactive outreach within 72 hours and connect the student to academic, advising, and financial support.",Dropout
1701,0.018200498498372217,0,Low,Continue routine monitoring and reinforce the student's current supports.,Graduate
1702,0.12690713137545154,0,Low,Continue routine monitoring and reinforce the student's current supports.,Graduate
1703,0.9988374594891277,1,High,"Start proactive outreach within 72 hours and connect the student to academic, advising, and financial support.",Dropout
1704,0.06458953591151383,0,Low,Continue routine monitoring and reinforce the student's current supports.,Graduate
1705,0.18481236285721472,0,Low,Continue routine monitoring and reinforce the student's current supports.,Graduate
1706,0.3548683096464059,0,Medium,"Schedule a check-in within two weeks and review attendance, coursework, and advising needs.",Enrolled
1707,0.5757522408850854,1,Medium,"Schedule a check-in within two weeks and review attendance, coursework, and advising needs.",Dropout
1708,0.5753003157125616,1,Medium,"Schedule a check-in within two weeks and review attendance, coursework, and advising needs.",Enrolled
1709,0.7634387135484134,1,High,"Start proactive outreach within 72 hours and connect the student to academic, advising, and financial support.",Dropout
1710,0.058674263636102925,0,Low,Continue routine monitoring and reinforce the student's current supports.,Graduate
1711,0.2253917597913364,0,Low,Continue routine monitoring and reinforce the student's current supports.,Enrolled
1712,0.020930238276336614,0,Low,Continue routine monitoring and reinforce the student's current supports.,Graduate
1713,0.8963617619606911,1,High,"Start proactive outreach within 72 hours and connect the student to academic, advising, and financial support.",Dropout
1714,0.948314118870879,1,High,"Start proactive outreach within 72 hours and connect the student to academic, advising, and financial support.",Enrolled
1715,0.041793553569086775,0,Low,Continue routine monitoring and reinforce the student's current supports.,Graduate
1716,0.03439112412642451,0,Low,Continue routine monitoring and reinforce the student's current supports.,Graduate
1717,0.13696379127380634,0,Low,Continue routine monitoring and reinforce the student's current supports.,Graduate
1718,0.9578009509874895,1,High,"Start proactive outreach within 72 hours and connect the student to academic, advising, and financial support.",Enrolled
1719,0.6592833568155958,1,Medium,"Schedule a check-in within two weeks and review attendance, coursework, and advising needs.",Dropout
1720,0.9893725727852424,1,High,"Start proactive outreach within 72 hours and connect the student to academic, advising, and financial support.",Dropout
1721,0.14964195524437807,0,Low,Continue routine monitoring and reinforce the student's current supports.,Graduate
1722,0.2609406670690731,0,Low,Continue routine monitoring and reinforce the student's current supports.,Graduate
1723,0.016455127514847488,0,Low,Continue routine monitoring and reinforce the student's current supports.,Graduate
1724,0.13651614255863762,0,Low,Continue routine monitoring and reinforce the student's current supports.,Graduate
1725,0.01564835348675882,0,Low,Continue routine monitoring and reinforce the student's current supports.,Graduate
1726,0.5720419956655542,1,Medium,"Schedule a check-in within two weeks and review attendance, coursework, and advising needs.",Dropout
1727,0.019933692411621816,0,Low,Continue routine monitoring and reinforce the student's current supports.,Graduate
1728,0.6063330155786399,1,Medium,"Schedule a check-in within two weeks and review attendance, coursework, and advising needs.",Enrolled
1729,0.9987455465017074,1,High,"Start proactive outreach within 72 hours and connect the student to academic, advising, and financial support.",Dropout
1730,0.06774715459000195,0,Low,Continue routine monitoring and reinforce the student's current supports.,Graduate
1731,0.12434447582894,0,Low,Continue routine monitoring and reinforce the student's current supports.,Graduate
1732,0.9488669298152085,1,High,"Start proactive outreach within 72 hours and connect the student to academic, advising, and financial support.",Dropout
1733,0.9051905105723806,1,High,"Start proactive outreach within 72 hours and connect the student to academic, advising, and financial support.",Dropout
1734,0.3553841171152013,0,Medium,"Schedule a check-in within two weeks and review attendance, coursework, and advising needs.",Enrolled
1735,0.9038744511585949,1,High,"Start proactive outreach within 72 hours and connect the student to academic, advising, and financial support.",Dropout
1736,0.16003376778464665,0,Low,Continue routine monitoring and reinforce the student's current supports.,Graduate
1737,0.0383602161201793,0,Low,Continue routine monitoring and reinforce the student's current supports.,Graduate
1738,0.14227524855379914,0,Low,Continue routine monitoring and reinforce the student's current supports.,Enrolled
1739,0.16856039079395999,0,Low,Continue routine monitoring and reinforce the student's current supports.,Graduate
1740,0.9979556220326172,1,High,"Start proactive outreach within 72 hours and connect the student to academic, advising, and financial support.",Dropout
1741,0.7216173073747483,1,High,"Start proactive outreach within 72 hours and connect the student to academic, advising, and financial support.",Dropout
1742,0.6552333052911492,1,Medium,"Schedule a check-in within two weeks and review attendance, coursework, and advising needs.",Enrolled
1743,0.4732593410343626,0,Medium,"Schedule a check-in within two weeks and review attendance, coursework, and advising needs.",Dropout
1744,0.9782010292775501,1,High,"Start proactive outreach within 72 hours and connect the student to academic, advising, and financial support.",Dropout
1745,0.9999265251879917,1,High,"Start proactive outreach within 72 hours and connect the student to academic, advising, and financial support.",Dropout
1746,0.7004344076376604,1,High,"Start proactive outreach within 72 hours and connect the student to academic, advising, and financial support.",Dropout
1747,0.9621700066210366,1,High,"Start proactive outreach within 72 hours and connect the student to academic, advising, and financial support.",Dropout
1748,0.9949673192962825,1,High,"Start proactive outreach within 72 hours and connect the student to academic, advising, and financial support.",Dropout
1749,0.9991636781529257,1,High,"Start proactive outreach within 72 hours and connect the student to academic, advising, and financial support.",Dropout
1750,0.6601547843882122,1,High,"Start proactive outreach within 72 hours and connect the student to academic, advising, and financial support.",Dropout
1751,0.32713237051466426,0,Low,Continue routine monitoring and reinforce the student's current supports.,Enrolled
1752,0.5296845738790382,1,Medium,"Schedule a check-in within two weeks and review attendance, coursework, and advising needs.",Graduate
1753,0.5309614061130992,1,Medium,"Schedule a check-in within two weeks and review attendance, coursework, and advising needs.",Enrolled
1754,0.42489249082593705,0,Medium,"Schedule a check-in within two weeks and review attendance, coursework, and advising needs.",Enrolled
1755,0.9986814725819806,1,High,"Start proactive outreach within 72 hours and connect the student to academic, advising, and financial support.",Dropout
1756,0.34504225172637465,0,Medium,"Schedule a check-in within two weeks and review attendance, coursework, and advising needs.",Enrolled
1757,0.07632126758066406,0,Low,Continue routine monitoring and reinforce the student's current supports.,Enrolled
1758,0.9967194513131107,1,High,"Start proactive outreach within 72 hours and connect the student to academic, advising, and financial support.",Dropout
1759,0.03449918044761583,0,Low,Continue routine monitoring and reinforce the student's current supports.,Graduate
1760,0.051747511015720955,0,Low,Continue routine monitoring and reinforce the student's current supports.,Graduate
1761,0.0021004005757339606,0,Low,Continue routine monitoring and reinforce the student's current supports.,Graduate
1762,0.5247170620762768,1,Medium,"Schedule a check-in within two weeks and review attendance, coursework, and advising needs.",Dropout
1763,0.2365084965852341,0,Low,Continue routine monitoring and reinforce the student's current supports.,Graduate
1764,0.24855993627777062,0,Low,Continue routine monitoring and reinforce the student's current supports.,Graduate
1765,0.005835110369649955,0,Low,Continue routine monitoring and reinforce the student's current supports.,Graduate
1766,0.944628178120309,1,High,"Start proactive outreach within 72 hours and connect the student to academic, advising, and financial support.",Dropout
1767,0.9988094886559228,1,High,"Start proactive outreach within 72 hours and connect the student to academic, advising, and financial support.",Dropout
1768,0.5648693340327493,1,Medium,"Schedule a check-in within two weeks and review attendance, coursework, and advising needs.",Enrolled
1769,0.990397963293101,1,High,"Start proactive outreach within 72 hours and connect the student to academic, advising, and financial support.",Dropout
1770,0.9213483013598808,1,High,"Start proactive outreach within 72 hours and connect the student to academic, advising, and financial support.",Enrolled
1771,0.2776254053380134,0,Low,Continue routine monitoring and reinforce the student's current supports.,Enrolled
1772,0.4716723541498987,0,Medium,"Schedule a check-in within two weeks and review attendance, coursework, and advising needs.",Enrolled
1773,0.15031554288096916,0,Low,Continue routine monitoring and reinforce the student's current supports.,Graduate
1774,0.4151016830296837,0,Medium,"Schedule a check-in within two weeks and review attendance, coursework, and advising needs.",Enrolled
1775,0.5938506323483175,1,Medium,"Schedule a check-in within two weeks and review attendance, coursework, and advising needs.",Enrolled
1776,0.9962349862573586,1,High,"Start proactive outreach within 72 hours and connect the student to academic, advising, and financial support.",Dropout
1777,0.07278241095558813,0,Low,Continue routine monitoring and reinforce the student's current supports.,Graduate
1778,0.36855139047187163,0,Medium,"Schedule a check-in within two weeks and review attendance, coursework, and advising needs.",Dropout
1779,0.3864193092781531,0,Medium,"Schedule a check-in within two weeks and review attendance, coursework, and advising needs.",Graduate
1780,0.07546278162767163,0,Low,Continue routine monitoring and reinforce the student's current supports.,Graduate
1781,0.14721120069635393,0,Low,Continue routine monitoring and reinforce the student's current supports.,Enrolled
1782,0.08143595857480172,0,Low,Continue routine monitoring and reinforce the student's current supports.,Graduate
1783,0.1679766435894393,0,Low,Continue routine monitoring and reinforce the student's current supports.,Dropout
1784,0.4096072869015745,0,Medium,"Schedule a check-in within two weeks and review attendance, coursework, and advising needs.",Enrolled
1785,0.2544772211060247,0,Low,Continue routine monitoring and reinforce the student's current supports.,Dropout
1786,0.26864927133766026,0,Low,Continue routine monitoring and reinforce the student's current supports.,Enrolled
1787,0.990327478373917,1,High,"Start proactive outreach within 72 hours and connect the student to academic, advising, and financial support.",Dropout
1788,0.5468171983477506,1,Medium,"Schedule a check-in within two weeks and review attendance, coursework, and advising needs.",Graduate
1789,0.8862695670617807,1,High,"Start proactive outreach within 72 hours and connect the student to academic, advising, and financial support.",Dropout
1790,0.13560720842511523,0,Low,Continue routine monitoring and reinforce the student's current supports.,Graduate
1791,0.1370929338397287,0,Low,Continue routine monitoring and reinforce the student's current supports.,Graduate
1792,0.9343286720463726,1,High,"Start proactive outreach within 72 hours and connect the student to academic, advising, and financial support.",Dropout
1793,0.9032642160862218,1,High,"Start proactive outreach within 72 hours and connect the student to academic, advising, and financial support.",Dropout
1794,0.9822642810862842,1,High,"Start proactive outreach within 72 hours and connect the student to academic, advising, and financial support.",Dropout
1795,0.081451158288442,0,Low,Continue routine monitoring and reinforce the student's current supports.,Enrolled
1796,0.08080661655602182,0,Low,Continue routine monitoring and reinforce the student's current supports.,Graduate
1797,0.0235962248145558,0,Low,Continue routine monitoring and reinforce the student's current supports.,Graduate
1798,0.29949469803664813,0,Low,Continue routine monitoring and reinforce the student's current supports.,Dropout
1799,0.9727728588186819,1,High,"Start proactive outreach within 72 hours and connect the student to academic, advising, and financial support.",Dropout
1800,0.9905961123528124,1,High,"Start proactive outreach within 72 hours and connect the student to academic, advising, and financial support.",Dropout
1801,0.36041913643348455,0,Medium,"Schedule a check-in within two weeks and review attendance, coursework, and advising needs.",Dropout
1802,0.6204885831122173,1,Medium,"Schedule a check-in within two weeks and review attendance, coursework, and advising needs.",Graduate
1803,0.11289649671866198,0,Low,Continue routine monitoring and reinforce the student's current supports.,Graduate
1804,0.4121550040517876,0,Medium,"Schedule a check-in within two weeks and review attendance, coursework, and advising needs.",Dropout
1805,0.9970188675294643,1,High,"Start proactive outreach within 72 hours and connect the student to academic, advising, and financial support.",Dropout
1806,0.9815349789342139,1,High,"Start proactive outreach within 72 hours and connect the student to academic, advising, and financial support.",Dropout
1807,0.14241372048315115,0,Low,Continue routine monitoring and reinforce the student's current supports.,Enrolled
1808,0.9860663896474585,1,High,"Start proactive outreach within 72 hours and connect the student to academic, advising, and financial support.",Dropout
1809,0.5381165697564309,1,Medium,"Schedule a check-in within two weeks and review attendance, coursework, and advising needs.",Enrolled
1810,0.369575961572723,0,Medium,"Schedule a check-in within two weeks and review attendance, coursework, and advising needs.",Graduate
1811,0.1892670320821342,0,Low,Continue routine monitoring and reinforce the student's current supports.,Graduate
1812,0.03476731661667483,0,Low,Continue routine monitoring and reinforce the student's current supports.,Graduate
1813,0.43249005453501166,0,Medium,"Schedule a check-in within two weeks and review attendance, coursework, and advising needs.",Dropout
1814,0.23845616134766442,0,Low,Continue routine monitoring and reinforce the student's current supports.,Graduate
1815,0.9643511204361817,1,High,"Start proactive outreach within 72 hours and connect the student to academic, advising, and financial support.",Dropout
1816,0.2836263290378254,0,Low,Continue routine monitoring and reinforce the student's current supports.,Enrolled
1817,0.013346362059156153,0,Low,Continue routine monitoring and reinforce the student's current supports.,Graduate
1818,0.0792755317057216,0,Low,Continue routine monitoring and reinforce the student's current supports.,Graduate
1819,0.9989217817425755,1,High,"Start proactive outreach within 72 hours and connect the student to academic, advising, and financial support.",Dropout
1820,0.09882533832795838,0,Low,Continue routine monitoring and reinforce the student's current supports.,Dropout
1821,0.831836738402768,1,High,"Start proactive outreach within 72 hours and connect the student to academic, advising, and financial support.",Enrolled
1822,0.2534653902001628,0,Low,Continue routine monitoring and reinforce the student's current supports.,Enrolled
1823,0.9083309465728975,1,High,"Start proactive outreach within 72 hours and connect the student to academic, advising, and financial support.",Enrolled
1824,0.8027983823348734,1,High,"Start proactive outreach within 72 hours and connect the student to academic, advising, and financial support.",Dropout
1825,0.03375742731538119,0,Low,Continue routine monitoring and reinforce the student's current supports.,Graduate
1826,0.09938912160465303,0,Low,Continue routine monitoring and reinforce the student's current supports.,Graduate
1827,0.03229702663713656,0,Low,Continue routine monitoring and reinforce the student's current supports.,Graduate
1828,0.47574654192312915,0,Medium,"Schedule a check-in within two weeks and review attendance, coursework, and advising needs.",Enrolled
1829,0.9979874502098708,1,High,"Start proactive outreach within 72 hours and connect the student to academic, advising, and financial support.",Dropout
1830,0.039358763061196386,0,Low,Continue routine monitoring and reinforce the student's current supports.,Enrolled
1831,0.6177067243921214,1,Medium,"Schedule a check-in within two weeks and review attendance, coursework, and advising needs.",Dropout
1832,0.03795422141646215,0,Low,Continue routine monitoring and reinforce the student's current supports.,Graduate
1833,0.09536394500338478,0,Low,Continue routine monitoring and reinforce the student's current supports.,Graduate
1834,0.7417717122398061,1,High,"Start proactive outreach within 72 hours and connect the student to academic, advising, and financial support.",Dropout
1835,0.03956265528448229,0,Low,Continue routine monitoring and reinforce the student's current supports.,Graduate
1836,0.0027346718617717643,0,Low,Continue routine monitoring and reinforce the student's current supports.,Graduate
1837,0.03658194686484618,0,Low,Continue routine monitoring and reinforce the student's current supports.,Graduate
1838,0.36014705876576075,0,Medium,"Schedule a check-in within two weeks and review attendance, coursework, and advising needs.",Enrolled
1839,0.02748587368055114,0,Low,Continue routine monitoring and reinforce the student's current supports.,Graduate
1840,0.7003692064117747,1,High,"Start proactive outreach within 72 hours and connect the student to academic, advising, and financial support.",Graduate
1841,0.9529963109072382,1,High,"Start proactive outreach within 72 hours and connect the student to academic, advising, and financial support.",Dropout
1842,0.9523974342507425,1,High,"Start proactive outreach within 72 hours and connect the student to academic, advising, and financial support.",Dropout
1843,0.0669137849918011,0,Low,Continue routine monitoring and reinforce the student's current supports.,Graduate
1844,0.33912922910761933,0,Medium,"Schedule a check-in within two weeks and review attendance, coursework, and advising needs.",Enrolled
1845,0.32179213878121354,0,Low,Continue routine monitoring and reinforce the student's current supports.,Graduate
1846,0.8624009163941019,1,High,"Start proactive outreach within 72 hours and connect the student to academic, advising, and financial support.",Dropout
1847,0.2704327833432044,0,Low,Continue routine monitoring and reinforce the student's current supports.,Dropout
1848,0.7126877908538717,1,High,"Start proactive outreach within 72 hours and connect the student to academic, advising, and financial support.",Dropout
1849,0.06030336384990691,0,Low,Continue routine monitoring and reinforce the student's current supports.,Graduate
1850,0.3845472685766285,0,Medium,"Schedule a check-in within two weeks and review attendance, coursework, and advising needs.",Enrolled
1851,0.9996435834550453,1,High,"Start proactive outreach within 72 hours and connect the student to academic, advising, and financial support.",Dropout
1852,0.04984942926359928,0,Low,Continue routine monitoring and reinforce the student's current supports.,Dropout
1853,0.0624816247538705,0,Low,Continue routine monitoring and reinforce the student's current supports.,Graduate
1854,0.0543348889561595,0,Low,Continue routine monitoring and reinforce the student's current supports.,Graduate
1855,0.9961975030314101,1,High,"Start proactive outreach within 72 hours and connect the student to academic, advising, and financial support.",Dropout
1856,0.9992824656489454,1,High,"Start proactive outreach within 72 hours and connect the student to academic, advising, and financial support.",Dropout
1857,0.40726665016044117,0,Medium,"Schedule a check-in within two weeks and review attendance, coursework, and advising needs.",Graduate
1858,0.38503208926105087,0,Medium,"Schedule a check-in within two weeks and review attendance, coursework, and advising needs.",Graduate
1859,0.14322061289298849,0,Low,Continue routine monitoring and reinforce the student's current supports.,Graduate
1860,0.8059914343604864,1,High,"Start proactive outreach within 72 hours and connect the student to academic, advising, and financial support.",Enrolled
1861,0.9723181819153665,1,High,"Start proactive outreach within 72 hours and connect the student to academic, advising, and financial support.",Dropout
1862,0.9218118457130137,1,High,"Start proactive outreach within 72 hours and connect the student to academic, advising, and financial support.",Enrolled
1863,0.9973020795233639,1,High,"Start proactive outreach within 72 hours and connect the student to academic, advising, and financial support.",Dropout
1864,0.05361751389972336,0,Low,Continue routine monitoring and reinforce the student's current supports.,Graduate
1865,0.9747864606476319,1,High,"Start proactive outreach within 72 hours and connect the student to academic, advising, and financial support.",Dropout
1866,0.3420483062599364,0,Medium,"Schedule a check-in within two weeks and review attendance, coursework, and advising needs.",Graduate
1867,0.9956454636841038,1,High,"Start proactive outreach within 72 hours and connect the student to academic, advising, and financial support.",Dropout
1868,0.9977967968316879,1,High,"Start proactive outreach within 72 hours and connect the student to academic, advising, and financial support.",Dropout
1869,0.014582746932964895,0,Low,Continue routine monitoring and reinforce the student's current supports.,Graduate
1870,0.46881599668159435,0,Medium,"Schedule a check-in within two weeks and review attendance, coursework, and advising needs.",Graduate
1871,0.9989765405257881,1,High,"Start proactive outreach within 72 hours and connect the student to academic, advising, and financial support.",Dropout
1872,0.9822283503433459,1,High,"Start proactive outreach within 72 hours and connect the student to academic, advising, and financial support.",Dropout
1873,0.2678646211256624,0,Low,Continue routine monitoring and reinforce the student's current supports.,Graduate
1874,0.9932665749308183,1,High,"Start proactive outreach within 72 hours and connect the student to academic, advising, and financial support.",Dropout
1875,0.2677814980225915,0,Low,Continue routine monitoring and reinforce the student's current supports.,Graduate
1876,0.10608456693722638,0,Low,Continue routine monitoring and reinforce the student's current supports.,Graduate
1877,0.9933509942482864,1,High,"Start proactive outreach within 72 hours and connect the student to academic, advising, and financial support.",Dropout
1878,0.9926226677762234,1,High,"Start proactive outreach within 72 hours and connect the student to academic, advising, and financial support.",Dropout
1879,0.9208506394263155,1,High,"Start proactive outreach within 72 hours and connect the student to academic, advising, and financial support.",Dropout
1880,0.10914908143239149,0,Low,Continue routine monitoring and reinforce the student's current supports.,Graduate
1881,0.3363553775986932,0,Medium,"Schedule a check-in within two weeks and review attendance, coursework, and advising needs.",Enrolled
1882,0.7525812559790922,1,High,"Start proactive outreach within 72 hours and connect the student to academic, advising, and financial support.",Dropout
1883,0.9568861166065324,1,High,"Start proactive outreach within 72 hours and connect the student to academic, advising, and financial support.",Dropout
1884,0.23372310073937996,0,Low,Continue routine monitoring and reinforce the student's current supports.,Graduate
1885,0.16472873024369244,0,Low,Continue routine monitoring and reinforce the student's current supports.,Enrolled
1886,0.07816209631702752,0,Low,Continue routine monitoring and reinforce the student's current supports.,Graduate
1887,0.9373627250837054,1,High,"Start proactive outreach within 72 hours and connect the student to academic, advising, and financial support.",Dropout
1888,0.9981989071450343,1,High,"Start proactive outreach within 72 hours and connect the student to academic, advising, and financial support.",Dropout
1889,0.019971806384836626,0,Low,Continue routine monitoring and reinforce the student's current supports.,Graduate
1890,0.3390983816025466,0,Medium,"Schedule a check-in within two weeks and review attendance, coursework, and advising needs.",Graduate
1891,0.6259548263779842,1,Medium,"Schedule a check-in within two weeks and review attendance, coursework, and advising needs.",Graduate
1892,0.025286365507039027,0,Low,Continue routine monitoring and reinforce the student's current supports.,Graduate
1893,0.940900641915117,1,High,"Start proactive outreach within 72 hours and connect the student to academic, advising, and financial support.",Dropout
1894,0.3267858693930414,0,Low,Continue routine monitoring and reinforce the student's current supports.,Enrolled
1895,0.07017016692359865,0,Low,Continue routine monitoring and reinforce the student's current supports.,Graduate
1896,0.49373890742863913,0,Medium,"Schedule a check-in within two weeks and review attendance, coursework, and advising needs.",Enrolled
1897,0.5585278921959437,1,Medium,"Schedule a check-in within two weeks and review attendance, coursework, and advising needs.",Enrolled
1898,0.8515849994650913,1,High,"Start proactive outreach within 72 hours and connect the student to academic, advising, and financial support.",Dropout
1899,0.690078225999587,1,High,"Start proactive outreach within 72 hours and connect the student to academic, advising, and financial support.",Graduate
1900,0.04195915639796786,0,Low,Continue routine monitoring and reinforce the student's current supports.,Graduate
1901,0.11422192992157364,0,Low,Continue routine monitoring and reinforce the student's current supports.,Graduate
1902,0.04847918914440498,0,Low,Continue routine monitoring and reinforce the student's current supports.,Graduate
1903,0.2714292048711406,0,Low,Continue routine monitoring and reinforce the student's current supports.,Graduate
1904,0.08346108697025245,0,Low,Continue routine monitoring and reinforce the student's current supports.,Graduate
1905,0.15233969096939173,0,Low,Continue routine monitoring and reinforce the student's current supports.,Graduate
1906,0.043106885986262,0,Low,Continue routine monitoring and reinforce the student's current supports.,Graduate
1907,0.026835233698302017,0,Low,Continue routine monitoring and reinforce the student's current supports.,Graduate
1908,0.07412135334249201,0,Low,Continue routine monitoring and reinforce the student's current supports.,Graduate
1909,0.556184594280233,1,Medium,"Schedule a check-in within two weeks and review attendance, coursework, and advising needs.",Enrolled
1910,0.038403378880738755,0,Low,Continue routine monitoring and reinforce the student's current supports.,Graduate
1911,0.1799638071865351,0,Low,Continue routine monitoring and reinforce the student's current supports.,Graduate
1912,0.038119598692246834,0,Low,Continue routine monitoring and reinforce the student's current supports.,Graduate
1913,0.08955879139465973,0,Low,Continue routine monitoring and reinforce the student's current supports.,Graduate
1914,0.9692948260837139,1,High,"Start proactive outreach within 72 hours and connect the student to academic, advising, and financial support.",Dropout
1915,0.4603353294763574,0,Medium,"Schedule a check-in within two weeks and review attendance, coursework, and advising needs.",Graduate
1916,0.06000010707982064,0,Low,Continue routine monitoring and reinforce the student's current supports.,Graduate
1917,0.05795062519518894,0,Low,Continue routine monitoring and reinforce the student's current supports.,Graduate
1918,0.04415781134338279,0,Low,Continue routine monitoring and reinforce the student's current supports.,Graduate
1919,0.07886577172884261,0,Low,Continue routine monitoring and reinforce the student's current supports.,Graduate
1920,0.27916121915480674,0,Low,Continue routine monitoring and reinforce the student's current supports.,Enrolled
1921,0.4976961630346872,0,Medium,"Schedule a check-in within two weeks and review attendance, coursework, and advising needs.",Enrolled
1922,0.03385589598856003,0,Low,Continue routine monitoring and reinforce the student's current supports.,Graduate
1923,0.4789607464596712,0,Medium,"Schedule a check-in within two weeks and review attendance, coursework, and advising needs.",Enrolled
1924,0.2549123135328306,0,Low,Continue routine monitoring and reinforce the student's current supports.,Graduate
1925,0.9810860178171804,1,High,"Start proactive outreach within 72 hours and connect the student to academic, advising, and financial support.",Dropout
1926,0.09356354184725499,0,Low,Continue routine monitoring and reinforce the student's current supports.,Graduate
1927,0.05110997511424702,0,Low,Continue routine monitoring and reinforce the student's current supports.,Graduate
1928,0.11202901803856366,0,Low,Continue routine monitoring and reinforce the student's current supports.,Graduate
1929,0.22501418181303148,0,Low,Continue routine monitoring and reinforce the student's current supports.,Enrolled
1930,0.04536130841850636,0,Low,Continue routine monitoring and reinforce the student's current supports.,Graduate
1931,0.05916778242535064,0,Low,Continue routine monitoring and reinforce the student's current supports.,Graduate
1932,0.16457499549710897,0,Low,Continue routine monitoring and reinforce the student's current supports.,Graduate
1933,0.14465642044025062,0,Low,Continue routine monitoring and reinforce the student's current supports.,Graduate
1934,0.021793989396064816,0,Low,Continue routine monitoring and reinforce the student's current supports.,Graduate
1935,0.06618155210870096,0,Low,Continue routine monitoring and reinforce the student's current supports.,Graduate
1936,0.06402600717140164,0,Low,Continue routine monitoring and reinforce the student's current supports.,Graduate
1937,0.35082599674763204,0,Medium,"Schedule a check-in within two weeks and review attendance, coursework, and advising needs.",Graduate
1938,0.01744766145384256,0,Low,Continue routine monitoring and reinforce the student's current supports.,Graduate
1939,0.7640410279764663,1,High,"Start proactive outreach within 72 hours and connect the student to academic, advising, and financial support.",Dropout
1940,0.2797727448847842,0,Low,Continue routine monitoring and reinforce the student's current supports.,Graduate
1941,0.06597570831500087,0,Low,Continue routine monitoring and reinforce the student's current supports.,Graduate
1942,0.01226473864060702,0,Low,Continue routine monitoring and reinforce the student's current supports.,Graduate
1943,0.05492715455501331,0,Low,Continue routine monitoring and reinforce the student's current supports.,Graduate
1944,0.02960823001910766,0,Low,Continue routine monitoring and reinforce the student's current supports.,Graduate
1945,0.09822761334709361,0,Low,Continue routine monitoring and reinforce the student's current supports.,Dropout
1946,0.10504750384804072,0,Low,Continue routine monitoring and reinforce the student's current supports.,Graduate
1947,0.013844242498232823,0,Low,Continue routine monitoring and reinforce the student's current supports.,Graduate
1948,0.2895894050802069,0,Low,Continue routine monitoring and reinforce the student's current supports.,Graduate
1949,0.06582637231128131,0,Low,Continue routine monitoring and reinforce the student's current supports.,Graduate
1950,0.09877737115965092,0,Low,Continue routine monitoring and reinforce the student's current supports.,Graduate
1951,0.9668935987150623,1,High,"Start proactive outreach within 72 hours and connect the student to academic, advising, and financial support.",Dropout
1952,0.9659010385925036,1,High,"Start proactive outreach within 72 hours and connect the student to academic, advising, and financial support.",Dropout
1953,0.8360522392492968,1,High,"Start proactive outreach within 72 hours and connect the student to academic, advising, and financial support.",Dropout
1954,0.03275635175286068,0,Low,Continue routine monitoring and reinforce the student's current supports.,Graduate
1955,0.28896168083190316,0,Low,Continue routine monitoring and reinforce the student's current supports.,Enrolled
1956,0.26984073808675263,0,Low,Continue routine monitoring and reinforce the student's current supports.,Graduate
1957,0.527956594269316,1,Medium,"Schedule a check-in within two weeks and review attendance, coursework, and advising needs.",Enrolled
1958,0.20601237130230962,0,Low,Continue routine monitoring and reinforce the student's current supports.,Graduate
1959,0.1313067323174112,0,Low,Continue routine monitoring and reinforce the student's current supports.,Dropout
1960,0.8551683197729442,1,High,"Start proactive outreach within 72 hours and connect the student to academic, advising, and financial support.",Enrolled
1961,0.06519398707295704,0,Low,Continue routine monitoring and reinforce the student's current supports.,Graduate
1962,0.8601599612825009,1,High,"Start proactive outreach within 72 hours and connect the student to academic, advising, and financial support.",Enrolled
1963,0.20106012605257528,0,Low,Continue routine monitoring and reinforce the student's current supports.,Graduate
1964,0.04339384319433543,0,Low,Continue routine monitoring and reinforce the student's current supports.,Graduate
1965,0.3265804428414394,0,Low,Continue routine monitoring and reinforce the student's current supports.,Graduate
1966,0.2596105293458821,0,Low,Continue routine monitoring and reinforce the student's current supports.,Graduate
1967,0.19027341631414474,0,Low,Continue routine monitoring and reinforce the student's current supports.,Graduate
1968,0.17900997157728457,0,Low,Continue routine monitoring and reinforce the student's current supports.,Enrolled
1969,0.8899693330339185,1,High,"Start proactive outreach within 72 hours and connect the student to academic, advising, and financial support.",Enrolled
1970,0.3479939981118736,0,Medium,"Schedule a check-in within two weeks and review attendance, coursework, and advising needs.",Graduate
1971,0.8532512465620307,1,High,"Start proactive outreach within 72 hours and connect the student to academic, advising, and financial support.",Enrolled
1972,0.04348422117189261,0,Low,Continue routine monitoring and reinforce the student's current supports.,Graduate
1973,0.14377402463469557,0,Low,Continue routine monitoring and reinforce the student's current supports.,Dropout
1974,0.024739996597819402,0,Low,Continue routine monitoring and reinforce the student's current supports.,Graduate
1975,0.042797098012699104,0,Low,Continue routine monitoring and reinforce the student's current supports.,Graduate
1976,0.13815837780569715,0,Low,Continue routine monitoring and reinforce the student's current supports.,Dropout
1977,0.0947795805828935,0,Low,Continue routine monitoring and reinforce the student's current supports.,Enrolled
1978,0.006850224510205665,0,Low,Continue routine monitoring and reinforce the student's current supports.,Graduate
1979,0.3121983422809518,0,Low,Continue routine monitoring and reinforce the student's current supports.,Enrolled
1980,0.20731545484743436,0,Low,Continue routine monitoring and reinforce the student's current supports.,Graduate
1981,0.07755097308270105,0,Low,Continue routine monitoring and reinforce the student's current supports.,Graduate
1982,0.025177373125678963,0,Low,Continue routine monitoring and reinforce the student's current supports.,Graduate
1983,0.04626689765810797,0,Low,Continue routine monitoring and reinforce the student's current supports.,Graduate
1984,0.04904636407406432,0,Low,Continue routine monitoring and reinforce the student's current supports.,Graduate
1985,0.011525829333785912,0,Low,Continue routine monitoring and reinforce the student's current supports.,Graduate
1986,0.4232940760108472,0,Medium,"Schedule a check-in within two weeks and review attendance, coursework, and advising needs.",Graduate
1987,0.06656819897443438,0,Low,Continue routine monitoring and reinforce the student's current supports.,Graduate
1988,0.9579913474953167,1,High,"Start proactive outreach within 72 hours and connect the student to academic, advising, and financial support.",Enrolled
1989,0.024848512369153516,0,Low,Continue routine monitoring and reinforce the student's current supports.,Graduate
1990,0.09442011474639879,0,Low,Continue routine monitoring and reinforce the student's current supports.,Enrolled
1991,0.08335118539801477,0,Low,Continue routine monitoring and reinforce the student's current supports.,Graduate
1992,0.7768718622923778,1,High,"Start proactive outreach within 72 hours and connect the student to academic, advising, and financial support.",Dropout
1993,0.21002647374722805,0,Low,Continue routine monitoring and reinforce the student's current supports.,Enrolled
1994,0.0433034868417182,0,Low,Continue routine monitoring and reinforce the student's current supports.,Graduate
1995,0.9410046081299844,1,High,"Start proactive outreach within 72 hours and connect the student to academic, advising, and financial support.",Dropout
1996,0.0742583116523548,0,Low,Continue routine monitoring and reinforce the student's current supports.,Graduate
1997,0.05645628455256671,0,Low,Continue routine monitoring and reinforce the student's current supports.,Graduate
1998,0.21154961969001468,0,Low,Continue routine monitoring and reinforce the student's current supports.,Graduate
1999,0.9468177326963461,1,High,"Start proactive outreach within 72 hours and connect the student to academic, advising, and financial support.",Dropout
2000,0.840002923938938,1,High,"Start proactive outreach within 72 hours and connect the student to academic, advising, and financial support.",Graduate
2001,0.8745936022741149,1,High,"Start proactive outreach within 72 hours and connect the student to academic, advising, and financial support.",Dropout
2002,0.5580991651942191,1,Medium,"Schedule a check-in within two weeks and review attendance, coursework, and advising needs.",Dropout
2003,0.22663022297126525,0,Low,Continue routine monitoring and reinforce the student's current supports.,Graduate
2004,0.35317582920240204,0,Medium,"Schedule a check-in within two weeks and review attendance, coursework, and advising needs.",Dropout
2005,0.999916209937963,1,High,"Start proactive outreach within 72 hours and connect the student to academic, advising, and financial support.",Dropout
2006,0.029708047138363884,0,Low,Continue routine monitoring and reinforce the student's current supports.,Graduate
2007,0.05784557690742378,0,Low,Continue routine monitoring and reinforce the student's current supports.,Graduate
2008,0.04016256042142559,0,Low,Continue routine monitoring and reinforce the student's current supports.,Graduate
2009,0.2945627534967,0,Low,Continue routine monitoring and reinforce the student's current supports.,Graduate
2010,0.9927683866526044,1,High,"Start proactive outreach within 72 hours and connect the student to academic, advising, and financial support.",Dropout
2011,0.18642279371787354,0,Low,Continue routine monitoring and reinforce the student's current supports.,Graduate
2012,0.35943081294169593,0,Medium,"Schedule a check-in within two weeks and review attendance, coursework, and advising needs.",Graduate
2013,0.5577465369582145,1,Medium,"Schedule a check-in within two weeks and review attendance, coursework, and advising needs.",Dropout
2014,0.9992921300010561,1,High,"Start proactive outreach within 72 hours and connect the student to academic, advising, and financial support.",Dropout
2015,0.997173204781734,1,High,"Start proactive outreach within 72 hours and connect the student to academic, advising, and financial support.",Dropout
2016,0.01304213944778988,0,Low,Continue routine monitoring and reinforce the student's current supports.,Graduate
2017,0.18705519841567844,0,Low,Continue routine monitoring and reinforce the student's current supports.,Graduate
2018,0.04575174121689262,0,Low,Continue routine monitoring and reinforce the student's current supports.,Graduate
2019,0.17421656979515826,0,Low,Continue routine monitoring and reinforce the student's current supports.,Enrolled
2020,0.1505757881709303,0,Low,Continue routine monitoring and reinforce the student's current supports.,Graduate
2021,0.9965172391685809,1,High,"Start proactive outreach within 72 hours and connect the student to academic, advising, and financial support.",Dropout
2022,0.9992448792817632,1,High,"Start proactive outreach within 72 hours and connect the student to academic, advising, and financial support.",Dropout
2023,0.6733182434319848,1,High,"Start proactive outreach within 72 hours and connect the student to academic, advising, and financial support.",Dropout
2024,0.0488188409961888,0,Low,Continue routine monitoring and reinforce the student's current supports.,Graduate
2025,0.4374121599394906,0,Medium,"Schedule a check-in within two weeks and review attendance, coursework, and advising needs.",Enrolled
2026,0.026118481527094794,0,Low,Continue routine monitoring and reinforce the student's current supports.,Graduate
2027,0.5611964252444689,1,Medium,"Schedule a check-in within two weeks and review attendance, coursework, and advising needs.",Graduate
2028,0.5224383614505427,1,Medium,"Schedule a check-in within two weeks and review attendance, coursework, and advising needs.",Enrolled
2029,0.0400110384715732,0,Low,Continue routine monitoring and reinforce the student's current supports.,Graduate
2030,0.07985807834716697,0,Low,Continue routine monitoring and reinforce the student's current supports.,Graduate
2031,0.03729913641122271,0,Low,Continue routine monitoring and reinforce the student's current supports.,Graduate
2032,0.9920947141979304,1,High,"Start proactive outreach within 72 hours and connect the student to academic, advising, and financial support.",Dropout
2033,0.0908150398558652,0,Low,Continue routine monitoring and reinforce the student's current supports.,Graduate
2034,0.9918862584527047,1,High,"Start proactive outreach within 72 hours and connect the student to academic, advising, and financial support.",Dropout
2035,0.22862307877017188,0,Low,Continue routine monitoring and reinforce the student's current supports.,Graduate
2036,0.8062585467782438,1,High,"Start proactive outreach within 72 hours and connect the student to academic, advising, and financial support.",Enrolled
2037,0.8409014696021864,1,High,"Start proactive outreach within 72 hours and connect the student to academic, advising, and financial support.",Dropout
2038,0.9005109495792833,1,High,"Start proactive outreach within 72 hours and connect the student to academic, advising, and financial support.",Dropout
2039,0.08852950279644026,0,Low,Continue routine monitoring and reinforce the student's current supports.,Graduate
2040,0.046228179739315124,0,Low,Continue routine monitoring and reinforce the student's current supports.,Graduate
2041,0.9950971424125599,1,High,"Start proactive outreach within 72 hours and connect the student to academic, advising, and financial support.",Dropout
2042,0.10687695339740622,0,Low,Continue routine monitoring and reinforce the student's current supports.,Graduate
2043,0.06970809181343136,0,Low,Continue routine monitoring and reinforce the student's current supports.,Graduate
2044,0.15246655145640148,0,Low,Continue routine monitoring and reinforce the student's current supports.,Graduate
2045,0.15989254251710058,0,Low,Continue routine monitoring and reinforce the student's current supports.,Graduate
2046,0.07945752320696563,0,Low,Continue routine monitoring and reinforce the student's current supports.,Graduate
2047,0.9945587461359059,1,High,"Start proactive outreach within 72 hours and connect the student to academic, advising, and financial support.",Dropout
2048,0.7011117838651133,1,High,"Start proactive outreach within 72 hours and connect the student to academic, advising, and financial support.",Dropout
2049,0.06713787150730789,0,Low,Continue routine monitoring and reinforce the student's current supports.,Graduate
2050,0.07081273426983953,0,Low,Continue routine monitoring and reinforce the student's current supports.,Graduate
2051,0.1160859625804572,0,Low,Continue routine monitoring and reinforce the student's current supports.,Graduate
2052,0.06286245655709441,0,Low,Continue routine monitoring and reinforce the student's current supports.,Graduate
2053,0.689066796496634,1,High,"Start proactive outreach within 72 hours and connect the student to academic, advising, and financial support.",Dropout
2054,0.24223674790975971,0,Low,Continue routine monitoring and reinforce the student's current supports.,Enrolled
2055,0.043191749230175075,0,Low,Continue routine monitoring and reinforce the student's current supports.,Graduate
2056,0.061415114489041606,0,Low,Continue routine monitoring and reinforce the student's current supports.,Graduate
2057,0.009857302631207725,0,Low,Continue routine monitoring and reinforce the student's current supports.,Graduate
2058,0.435277057035193,0,Medium,"Schedule a check-in within two weeks and review attendance, coursework, and advising needs.",Enrolled
2059,0.09391812780148544,0,Low,Continue routine monitoring and reinforce the student's current supports.,Graduate
2060,0.8153190775958673,1,High,"Start proactive outreach within 72 hours and connect the student to academic, advising, and financial support.",Dropout
2061,0.08405992468756338,0,Low,Continue routine monitoring and reinforce the student's current supports.,Graduate
2062,0.039778728883146285,0,Low,Continue routine monitoring and reinforce the student's current supports.,Graduate
2063,0.09534645472665458,0,Low,Continue routine monitoring and reinforce the student's current supports.,Graduate
2064,0.17651714066591576,0,Low,Continue routine monitoring and reinforce the student's current supports.,Graduate
2065,0.1658540018945249,0,Low,Continue routine monitoring and reinforce the student's current supports.,Graduate
2066,0.11429518732431725,0,Low,Continue routine monitoring and reinforce the student's current supports.,Graduate
2067,0.08173826217060111,0,Low,Continue routine monitoring and reinforce the student's current supports.,Graduate
2068,0.07266544438097124,0,Low,Continue routine monitoring and reinforce the student's current supports.,Graduate
2069,0.5569045664776421,1,Medium,"Schedule a check-in within two weeks and review attendance, coursework, and advising needs.",Enrolled
2070,0.9509305155408152,1,High,"Start proactive outreach within 72 hours and connect the student to academic, advising, and financial support.",Dropout
2071,0.05620733360736874,0,Low,Continue routine monitoring and reinforce the student's current supports.,Graduate
2072,0.047716927670019206,0,Low,Continue routine monitoring and reinforce the student's current supports.,Graduate
2073,0.26347232253154723,0,Low,Continue routine monitoring and reinforce the student's current supports.,Graduate
2074,0.06204603746123971,0,Low,Continue routine monitoring and reinforce the student's current supports.,Graduate
2075,0.031500260343188424,0,Low,Continue routine monitoring and reinforce the student's current supports.,Graduate
2076,0.06351194838683602,0,Low,Continue routine monitoring and reinforce the student's current supports.,Graduate
2077,0.05968472931250282,0,Low,Continue routine monitoring and reinforce the student's current supports.,Graduate
2078,0.016614563880573238,0,Low,Continue routine monitoring and reinforce the student's current supports.,Graduate
2079,0.05544716646322157,0,Low,Continue routine monitoring and reinforce the student's current supports.,Graduate
2080,0.06991553226116648,0,Low,Continue routine monitoring and reinforce the student's current supports.,Graduate
2081,0.034233919115933494,0,Low,Continue routine monitoring and reinforce the student's current supports.,Graduate
2082,0.03451243170745156,0,Low,Continue routine monitoring and reinforce the student's current supports.,Graduate
2083,0.04934321707319298,0,Low,Continue routine monitoring and reinforce the student's current supports.,Graduate
2084,0.17393321304140785,0,Low,Continue routine monitoring and reinforce the student's current supports.,Graduate
2085,0.04642039483188029,0,Low,Continue routine monitoring and reinforce the student's current supports.,Graduate
2086,0.9913640076788918,1,High,"Start proactive outreach within 72 hours and connect the student to academic, advising, and financial support.",Dropout
2087,0.9738004918213137,1,High,"Start proactive outreach within 72 hours and connect the student to academic, advising, and financial support.",Dropout
2088,0.4102722535538434,0,Medium,"Schedule a check-in within two weeks and review attendance, coursework, and advising needs.",Dropout
2089,0.03314903139179997,0,Low,Continue routine monitoring and reinforce the student's current supports.,Graduate
2090,0.8195784215727059,1,High,"Start proactive outreach within 72 hours and connect the student to academic, advising, and financial support.",Dropout
2091,0.09877334364245474,0,Low,Continue routine monitoring and reinforce the student's current supports.,Graduate
2092,0.06525235564429901,0,Low,Continue routine monitoring and reinforce the student's current supports.,Enrolled
2093,0.09278541740809364,0,Low,Continue routine monitoring and reinforce the student's current supports.,Graduate
2094,0.09270002680168815,0,Low,Continue routine monitoring and reinforce the student's current supports.,Graduate
2095,0.8226807859741391,1,High,"Start proactive outreach within 72 hours and connect the student to academic, advising, and financial support.",Dropout
2096,0.03556972604443108,0,Low,Continue routine monitoring and reinforce the student's current supports.,Graduate
2097,0.99622499583977,1,High,"Start proactive outreach within 72 hours and connect the student to academic, advising, and financial support.",Dropout
2098,0.10419453203280522,0,Low,Continue routine monitoring and reinforce the student's current supports.,Graduate
2099,0.016634908136190056,0,Low,Continue routine monitoring and reinforce the student's current supports.,Graduate
2100,0.44153263659188846,0,Medium,"Schedule a check-in within two weeks and review attendance, coursework, and advising needs.",Dropout
2101,0.22289048648711332,0,Low,Continue routine monitoring and reinforce the student's current supports.,Enrolled
2102,0.4244682931300763,0,Medium,"Schedule a check-in within two weeks and review attendance, coursework, and advising needs.",Graduate
2103,0.04239578726929373,0,Low,Continue routine monitoring and reinforce the student's current supports.,Graduate
2104,0.9451875090066524,1,High,"Start proactive outreach within 72 hours and connect the student to academic, advising, and financial support.",Dropout
2105,0.03789385285321848,0,Low,Continue routine monitoring and reinforce the student's current supports.,Graduate
2106,0.466776339898117,0,Medium,"Schedule a check-in within two weeks and review attendance, coursework, and advising needs.",Enrolled
2107,0.5049467056739706,1,Medium,"Schedule a check-in within two weeks and review attendance, coursework, and advising needs.",Enrolled
2108,0.20514869046204173,0,Low,Continue routine monitoring and reinforce the student's current supports.,Graduate
2109,0.39331885888206336,0,Medium,"Schedule a check-in within two weeks and review attendance, coursework, and advising needs.",Enrolled
2110,0.094495895430065,0,Low,Continue routine monitoring and reinforce the student's current supports.,Graduate
2111,0.4389483311258607,0,Medium,"Schedule a check-in within two weeks and review attendance, coursework, and advising needs.",Enrolled
2112,0.027206541216603916,0,Low,Continue routine monitoring and reinforce the student's current supports.,Graduate
2113,0.04726623936081947,0,Low,Continue routine monitoring and reinforce the student's current supports.,Graduate
2114,0.03279630014362824,0,Low,Continue routine monitoring and reinforce the student's current supports.,Graduate
2115,0.5499097082160457,1,Medium,"Schedule a check-in within two weeks and review attendance, coursework, and advising needs.",Dropout
2116,0.9713803090238955,1,High,"Start proactive outreach within 72 hours and connect the student to academic, advising, and financial support.",Dropout
2117,0.044745873181062636,0,Low,Continue routine monitoring and reinforce the student's current supports.,Graduate
2118,0.036792178420407017,0,Low,Continue routine monitoring and reinforce the student's current supports.,Dropout
2119,0.27433276940339785,0,Low,Continue routine monitoring and reinforce the student's current supports.,Graduate
2120,0.5065576014254383,1,Medium,"Schedule a check-in within two weeks and review attendance, coursework, and advising needs.",Enrolled
2121,0.9967307883693458,1,High,"Start proactive outreach within 72 hours and connect the student to academic, advising, and financial support.",Dropout
2122,0.1901891904226403,0,Low,Continue routine monitoring and reinforce the student's current supports.,Graduate
2123,0.05282968742282043,0,Low,Continue routine monitoring and reinforce the student's current supports.,Graduate
2124,0.9102902476607124,1,High,"Start proactive outreach within 72 hours and connect the student to academic, advising, and financial support.",Dropout
2125,0.34521691771138724,0,Medium,"Schedule a check-in within two weeks and review attendance, coursework, and advising needs.",Graduate
2126,0.8479459607948693,1,High,"Start proactive outreach within 72 hours and connect the student to academic, advising, and financial support.",Dropout
2127,0.1152179766727914,0,Low,Continue routine monitoring and reinforce the student's current supports.,Dropout
2128,0.7178262306028115,1,High,"Start proactive outreach within 72 hours and connect the student to academic, advising, and financial support.",Dropout
2129,0.407314187972969,0,Medium,"Schedule a check-in within two weeks and review attendance, coursework, and advising needs.",Dropout
2130,0.05955099224471894,0,Low,Continue routine monitoring and reinforce the student's current supports.,Graduate
2131,0.0608303501847149,0,Low,Continue routine monitoring and reinforce the student's current supports.,Enrolled
2132,0.03510780399888455,0,Low,Continue routine monitoring and reinforce the student's current supports.,Graduate
2133,0.05472777147235089,0,Low,Continue routine monitoring and reinforce the student's current supports.,Graduate
2134,0.05912777350670361,0,Low,Continue routine monitoring and reinforce the student's current supports.,Graduate
2135,0.071358443798184,0,Low,Continue routine monitoring and reinforce the student's current supports.,Graduate
2136,0.9931775550336529,1,High,"Start proactive outreach within 72 hours and connect the student to academic, advising, and financial support.",Dropout
2137,0.6623586680343735,1,High,"Start proactive outreach within 72 hours and connect the student to academic, advising, and financial support.",Graduate
2138,0.13734727896124801,0,Low,Continue routine monitoring and reinforce the student's current supports.,Graduate
2139,0.04221680297426241,0,Low,Continue routine monitoring and reinforce the student's current supports.,Graduate
2140,0.8778177031688162,1,High,"Start proactive outreach within 72 hours and connect the student to academic, advising, and financial support.",Dropout
2141,0.22537540204851095,0,Low,Continue routine monitoring and reinforce the student's current supports.,Enrolled
2142,0.3043585874855105,0,Low,Continue routine monitoring and reinforce the student's current supports.,Graduate
2143,0.07219662621961799,0,Low,Continue routine monitoring and reinforce the student's current supports.,Graduate
2144,0.41126299912808045,0,Medium,"Schedule a check-in within two weeks and review attendance, coursework, and advising needs.",Graduate
2145,0.07226392748808963,0,Low,Continue routine monitoring and reinforce the student's current supports.,Graduate
2146,0.8507745525393088,1,High,"Start proactive outreach within 72 hours and connect the student to academic, advising, and financial support.",Enrolled
2147,0.030291074140712335,0,Low,Continue routine monitoring and reinforce the student's current supports.,Graduate
2148,0.20727744045212068,0,Low,Continue routine monitoring and reinforce the student's current supports.,Graduate
2149,0.04972999221925871,0,Low,Continue routine monitoring and reinforce the student's current supports.,Graduate
2150,0.02845523674700194,0,Low,Continue routine monitoring and reinforce the student's current supports.,Graduate
2151,0.12761251806794996,0,Low,Continue routine monitoring and reinforce the student's current supports.,Graduate
2152,0.26335754300674324,0,Low,Continue routine monitoring and reinforce the student's current supports.,Enrolled
2153,0.07517843290131591,0,Low,Continue routine monitoring and reinforce the student's current supports.,Graduate
2154,0.11790001383089192,0,Low,Continue routine monitoring and reinforce the student's current supports.,Graduate
2155,0.013137088190589483,0,Low,Continue routine monitoring and reinforce the student's current supports.,Graduate
2156,0.019807361578444947,0,Low,Continue routine monitoring and reinforce the student's current supports.,Graduate
2157,0.49410981090526046,0,Medium,"Schedule a check-in within two weeks and review attendance, coursework, and advising needs.",Enrolled
2158,0.11482539836039295,0,Low,Continue routine monitoring and reinforce the student's current supports.,Graduate
2159,0.19884879128468694,0,Low,Continue routine monitoring and reinforce the student's current supports.,Graduate
2160,0.6609344728139693,1,High,"Start proactive outreach within 72 hours and connect the student to academic, advising, and financial support.",Dropout
2161,0.02746705617649776,0,Low,Continue routine monitoring and reinforce the student's current supports.,Graduate
2162,0.9813214131442264,1,High,"Start proactive outreach within 72 hours and connect the student to academic, advising, and financial support.",Dropout
2163,0.8889782104354997,1,High,"Start proactive outreach within 72 hours and connect the student to academic, advising, and financial support.",Dropout
2164,0.18953316513017238,0,Low,Continue routine monitoring and reinforce the student's current supports.,Graduate
2165,0.12002288018859038,0,Low,Continue routine monitoring and reinforce the student's current supports.,Graduate
2166,0.06147503141059934,0,Low,Continue routine monitoring and reinforce the student's current supports.,Graduate
2167,0.09629052348448637,0,Low,Continue routine monitoring and reinforce the student's current supports.,Graduate
2168,0.19143001541677201,0,Low,Continue routine monitoring and reinforce the student's current supports.,Graduate
2169,0.05851412317150261,0,Low,Continue routine monitoring and reinforce the student's current supports.,Graduate
2170,0.1996158275004379,0,Low,Continue routine monitoring and reinforce the student's current supports.,Graduate
2171,0.09723567235138829,0,Low,Continue routine monitoring and reinforce the student's current supports.,Graduate
2172,0.05910083694299829,0,Low,Continue routine monitoring and reinforce the student's current supports.,Graduate
2173,0.3735207822958136,0,Medium,"Schedule a check-in within two weeks and review attendance, coursework, and advising needs.",Graduate
2174,0.9972152645246494,1,High,"Start proactive outreach within 72 hours and connect the student to academic, advising, and financial support.",Dropout
2175,0.015376401792824618,0,Low,Continue routine monitoring and reinforce the student's current supports.,Graduate
2176,0.26117423453506067,0,Low,Continue routine monitoring and reinforce the student's current supports.,Graduate
2177,0.1391627501459955,0,Low,Continue routine monitoring and reinforce the student's current supports.,Graduate
2178,0.9290972770125379,1,High,"Start proactive outreach within 72 hours and connect the student to academic, advising, and financial support.",Dropout
2179,0.0761605721022879,0,Low,Continue routine monitoring and reinforce the student's current supports.,Graduate
2180,0.08561407067967257,0,Low,Continue routine monitoring and reinforce the student's current supports.,Graduate
2181,0.6170046977251156,1,Medium,"Schedule a check-in within two weeks and review attendance, coursework, and advising needs.",Dropout
2182,0.05104698050580383,0,Low,Continue routine monitoring and reinforce the student's current supports.,Graduate
2183,0.033988129839463935,0,Low,Continue routine monitoring and reinforce the student's current supports.,Graduate
2184,0.25423435681360235,0,Low,Continue routine monitoring and reinforce the student's current supports.,Dropout
2185,0.6937610898694334,1,High,"Start proactive outreach within 72 hours and connect the student to academic, advising, and financial support.",Enrolled
2186,0.3959373786311002,0,Medium,"Schedule a check-in within two weeks and review attendance, coursework, and advising needs.",Graduate
2187,0.06025552121334803,0,Low,Continue routine monitoring and reinforce the student's current supports.,Enrolled
2188,0.018656042924821988,0,Low,Continue routine monitoring and reinforce the student's current supports.,Graduate
2189,0.2451167906276908,0,Low,Continue routine monitoring and reinforce the student's current supports.,Graduate
2190,0.39160508191661975,0,Medium,"Schedule a check-in within two weeks and review attendance, coursework, and advising needs.",Dropout
2191,0.2085467135054215,0,Low,Continue routine monitoring and reinforce the student's current supports.,Enrolled
2192,0.9871293233067676,1,High,"Start proactive outreach within 72 hours and connect the student to academic, advising, and financial support.",Dropout
2193,0.9251594766117945,1,High,"Start proactive outreach within 72 hours and connect the student to academic, advising, and financial support.",Dropout
2194,0.46294070778873764,0,Medium,"Schedule a check-in within two weeks and review attendance, coursework, and advising needs.",Enrolled
2195,0.5443720113659827,1,Medium,"Schedule a check-in within two weeks and review attendance, coursework, and advising needs.",Graduate
2196,0.2526761875920984,0,Low,Continue routine monitoring and reinforce the student's current supports.,Enrolled
2197,0.4617507414125837,0,Medium,"Schedule a check-in within two weeks and review attendance, coursework, and advising needs.",Enrolled
2198,0.6033349371680571,1,Medium,"Schedule a check-in within two weeks and review attendance, coursework, and advising needs.",Enrolled
2199,0.6955804691403958,1,High,"Start proactive outreach within 72 hours and connect the student to academic, advising, and financial support.",Dropout
2200,0.9843187998813003,1,High,"Start proactive outreach within 72 hours and connect the student to academic, advising, and financial support.",Dropout
2201,0.9969633789264108,1,High,"Start proactive outreach within 72 hours and connect the student to academic, advising, and financial support.",Dropout
2202,0.7369273841083627,1,High,"Start proactive outreach within 72 hours and connect the student to academic, advising, and financial support.",Graduate
2203,0.3065533901595529,0,Low,Continue routine monitoring and reinforce the student's current supports.,Graduate
2204,0.5860868646630293,1,Medium,"Schedule a check-in within two weeks and review attendance, coursework, and advising needs.",Dropout
2205,0.25071909631321443,0,Low,Continue routine monitoring and reinforce the student's current supports.,Graduate
2206,0.049574918527468044,0,Low,Continue routine monitoring and reinforce the student's current supports.,Enrolled
2207,0.9967217791902222,1,High,"Start proactive outreach within 72 hours and connect the student to academic, advising, and financial support.",Dropout
2208,0.567060311256988,1,Medium,"Schedule a check-in within two weeks and review attendance, coursework, and advising needs.",Enrolled
2209,0.4959227080236074,0,Medium,"Schedule a check-in within two weeks and review attendance, coursework, and advising needs.",Enrolled
2210,0.9986857783739184,1,High,"Start proactive outreach within 72 hours and connect the student to academic, advising, and financial support.",Dropout
2211,0.14622821362264685,0,Low,Continue routine monitoring and reinforce the student's current supports.,Graduate
2212,0.0980185267916538,0,Low,Continue routine monitoring and reinforce the student's current supports.,Graduate
2213,0.20893381340214764,0,Low,Continue routine monitoring and reinforce the student's current supports.,Enrolled
2214,0.33223699693730396,0,Medium,"Schedule a check-in within two weeks and review attendance, coursework, and advising needs.",Dropout
2215,0.09014295734883253,0,Low,Continue routine monitoring and reinforce the student's current supports.,Graduate
2216,0.4070892325017198,0,Medium,"Schedule a check-in within two weeks and review attendance, coursework, and advising needs.",Enrolled
2217,0.2962515610425571,0,Low,Continue routine monitoring and reinforce the student's current supports.,Graduate
2218,0.34675515467185763,0,Medium,"Schedule a check-in within two weeks and review attendance, coursework, and advising needs.",Dropout
2219,0.13502070114616171,0,Low,Continue routine monitoring and reinforce the student's current supports.,Graduate
2220,0.08617999132117785,0,Low,Continue routine monitoring and reinforce the student's current supports.,Graduate
2221,0.1814708347032706,0,Low,Continue routine monitoring and reinforce the student's current supports.,Graduate
2222,0.10826513768601535,0,Low,Continue routine monitoring and reinforce the student's current supports.,Graduate
2223,0.37008565609244065,0,Medium,"Schedule a check-in within two weeks and review attendance, coursework, and advising needs.",Enrolled
2224,0.7882759928031875,1,High,"Start proactive outreach within 72 hours and connect the student to academic, advising, and financial support.",Dropout
2225,0.042649055835136035,0,Low,Continue routine monitoring and reinforce the student's current supports.,Graduate
2226,0.6052308519039933,1,Medium,"Schedule a check-in within two weeks and review attendance, coursework, and advising needs.",Dropout
2227,0.2366624732587973,0,Low,Continue routine monitoring and reinforce the student's current supports.,Graduate
2228,0.9525292004011419,1,High,"Start proactive outreach within 72 hours and connect the student to academic, advising, and financial support.",Dropout
2229,0.5748864568534231,1,Medium,"Schedule a check-in within two weeks and review attendance, coursework, and advising needs.",Dropout
2230,0.28228056665671,0,Low,Continue routine monitoring and reinforce the student's current supports.,Graduate
2231,0.4666735916169181,0,Medium,"Schedule a check-in within two weeks and review attendance, coursework, and advising needs.",Graduate
2232,0.4757633633462073,0,Medium,"Schedule a check-in within two weeks and review attendance, coursework, and advising needs.",Dropout
2233,0.9351079580340577,1,High,"Start proactive outreach within 72 hours and connect the student to academic, advising, and financial support.",Dropout
2234,0.9313115565940153,1,High,"Start proactive outreach within 72 hours and connect the student to academic, advising, and financial support.",Dropout
2235,0.5257024743539823,1,Medium,"Schedule a check-in within two weeks and review attendance, coursework, and advising needs.",Enrolled
2236,0.328629426716409,0,Low,Continue routine monitoring and reinforce the student's current supports.,Graduate
2237,0.7034184954296548,1,High,"Start proactive outreach within 72 hours and connect the student to academic, advising, and financial support.",Enrolled
2238,0.9995670566855981,1,High,"Start proactive outreach within 72 hours and connect the student to academic, advising, and financial support.",Dropout
2239,0.1615811005262249,0,Low,Continue routine monitoring and reinforce the student's current supports.,Enrolled
2240,0.9973532693564718,1,High,"Start proactive outreach within 72 hours and connect the student to academic, advising, and financial support.",Enrolled
2241,0.49203180016995984,0,Medium,"Schedule a check-in within two weeks and review attendance, coursework, and advising needs.",Graduate
2242,0.5794205846884691,1,Medium,"Schedule a check-in within two weeks and review attendance, coursework, and advising needs.",Enrolled
2243,0.39334952610980883,0,Medium,"Schedule a check-in within two weeks and review attendance, coursework, and advising needs.",Enrolled
2244,0.06745631305585646,0,Low,Continue routine monitoring and reinforce the student's current supports.,Graduate
2245,0.9892320352902364,1,High,"Start proactive outreach within 72 hours and connect the student to academic, advising, and financial support.",Dropout
2246,0.08322432254378542,0,Low,Continue routine monitoring and reinforce the student's current supports.,Graduate
2247,0.09507149548155766,0,Low,Continue routine monitoring and reinforce the student's current supports.,Enrolled
2248,0.8134606029282281,1,High,"Start proactive outreach within 72 hours and connect the student to academic, advising, and financial support.",Enrolled
2249,0.9967928119648295,1,High,"Start proactive outreach within 72 hours and connect the student to academic, advising, and financial support.",Dropout
2250,0.4143707498364664,0,Medium,"Schedule a check-in within two weeks and review attendance, coursework, and advising needs.",Graduate
2251,0.5335817364026626,1,Medium,"Schedule a check-in within two weeks and review attendance, coursework, and advising needs.",Dropout
2252,0.4214993641638922,0,Medium,"Schedule a check-in within two weeks and review attendance, coursework, and advising needs.",Dropout
2253,0.9161102942984576,1,High,"Start proactive outreach within 72 hours and connect the student to academic, advising, and financial support.",Dropout
2254,0.9997902682997438,1,High,"Start proactive outreach within 72 hours and connect the student to academic, advising, and financial support.",Dropout
2255,0.9957019275146953,1,High,"Start proactive outreach within 72 hours and connect the student to academic, advising, and financial support.",Dropout
2256,0.4690105063214387,0,Medium,"Schedule a check-in within two weeks and review attendance, coursework, and advising needs.",Dropout
2257,0.8558403916058521,1,High,"Start proactive outreach within 72 hours and connect the student to academic, advising, and financial support.",Dropout
2258,0.4376108805446525,0,Medium,"Schedule a check-in within two weeks and review attendance, coursework, and advising needs.",Enrolled
2259,0.6438044449314982,1,Medium,"Schedule a check-in within two weeks and review attendance, coursework, and advising needs.",Dropout
2260,0.046772976768086595,0,Low,Continue routine monitoring and reinforce the student's current supports.,Graduate
2261,0.06833891952211474,0,Low,Continue routine monitoring and reinforce the student's current supports.,Enrolled
2262,0.7790862815806402,1,High,"Start proactive outreach within 72 hours and connect the student to academic, advising, and financial support.",Dropout
2263,0.9835930900969672,1,High,"Start proactive outreach within 72 hours and connect the student to academic, advising, and financial support.",Dropout
2264,0.6034330975055932,1,Medium,"Schedule a check-in within two weeks and review attendance, coursework, and advising needs.",Dropout
2265,0.5424952213153146,1,Medium,"Schedule a check-in within two weeks and review attendance, coursework, and advising needs.",Enrolled
2266,0.7002442344370722,1,High,"Start proactive outreach within 72 hours and connect the student to academic, advising, and financial support.",Enrolled
2267,0.9847157347056795,1,High,"Start proactive outreach within 72 hours and connect the student to academic, advising, and financial support.",Dropout
2268,0.967126255148807,1,High,"Start proactive outreach within 72 hours and connect the student to academic, advising, and financial support.",Dropout
2269,0.8257141884663685,1,High,"Start proactive outreach within 72 hours and connect the student to academic, advising, and financial support.",Dropout
2270,0.9945745609233931,1,High,"Start proactive outreach within 72 hours and connect the student to academic, advising, and financial support.",Dropout
2271,0.9990165444830523,1,High,"Start proactive outreach within 72 hours and connect the student to academic, advising, and financial support.",Dropout
2272,0.1387012734780211,0,Low,Continue routine monitoring and reinforce the student's current supports.,Graduate
2273,0.6647443878302157,1,High,"Start proactive outreach within 72 hours and connect the student to academic, advising, and financial support.",Dropout
2274,0.9968677437191004,1,High,"Start proactive outreach within 72 hours and connect the student to academic, advising, and financial support.",Dropout
2275,0.693825222767356,1,High,"Start proactive outreach within 72 hours and connect the student to academic, advising, and financial support.",Dropout
2276,0.8474687927839982,1,High,"Start proactive outreach within 72 hours and connect the student to academic, advising, and financial support.",Dropout
2277,0.07197613998147796,0,Low,Continue routine monitoring and reinforce the student's current supports.,Graduate
2278,0.6214038806642264,1,Medium,"Schedule a check-in within two weeks and review attendance, coursework, and advising needs.",Graduate
2279,0.27128043976421357,0,Low,Continue routine monitoring and reinforce the student's current supports.,Enrolled
2280,0.8562141454714922,1,High,"Start proactive outreach within 72 hours and connect the student to academic, advising, and financial support.",Dropout
2281,0.015313720127721184,0,Low,Continue routine monitoring and reinforce the student's current supports.,Graduate
2282,0.09002137923290063,0,Low,Continue routine monitoring and reinforce the student's current supports.,Enrolled
2283,0.8785440407748842,1,High,"Start proactive outreach within 72 hours and connect the student to academic, advising, and financial support.",Dropout
2284,0.055312316223483496,0,Low,Continue routine monitoring and reinforce the student's current supports.,Graduate
2285,0.2309441162093942,0,Low,Continue routine monitoring and reinforce the student's current supports.,Enrolled
2286,0.9975703062601134,1,High,"Start proactive outreach within 72 hours and connect the student to academic, advising, and financial support.",Dropout
2287,0.27233060755517335,0,Low,Continue routine monitoring and reinforce the student's current supports.,Graduate
2288,0.104808782745434,0,Low,Continue routine monitoring and reinforce the student's current supports.,Graduate
2289,0.6299696030617095,1,Medium,"Schedule a check-in within two weeks and review attendance, coursework, and advising needs.",Enrolled
2290,0.9817226943221344,1,High,"Start proactive outreach within 72 hours and connect the student to academic, advising, and financial support.",Dropout
2291,0.9158250522868736,1,High,"Start proactive outreach within 72 hours and connect the student to academic, advising, and financial support.",Dropout
2292,0.0828440026602912,0,Low,Continue routine monitoring and reinforce the student's current supports.,Graduate
2293,0.9620711336466381,1,High,"Start proactive outreach within 72 hours and connect the student to academic, advising, and financial support.",Dropout
2294,0.11712228779392972,0,Low,Continue routine monitoring and reinforce the student's current supports.,Graduate
2295,0.8761147679955231,1,High,"Start proactive outreach within 72 hours and connect the student to academic, advising, and financial support.",Dropout
2296,0.1361624719668567,0,Low,Continue routine monitoring and reinforce the student's current supports.,Graduate
2297,0.8770298188870839,1,High,"Start proactive outreach within 72 hours and connect the student to academic, advising, and financial support.",Dropout
2298,0.042537365549930435,0,Low,Continue routine monitoring and reinforce the student's current supports.,Graduate
2299,0.0788611439097192,0,Low,Continue routine monitoring and reinforce the student's current supports.,Graduate
2300,0.9995320615563005,1,High,"Start proactive outreach within 72 hours and connect the student to academic, advising, and financial support.",Dropout
2301,0.7085383768493438,1,High,"Start proactive outreach within 72 hours and connect the student to academic, advising, and financial support.",Enrolled
2302,0.13425939281443935,0,Low,Continue routine monitoring and reinforce the student's current supports.,Enrolled
2303,0.6241670196412851,1,Medium,"Schedule a check-in within two weeks and review attendance, coursework, and advising needs.",Enrolled
2304,0.376205356790602,0,Medium,"Schedule a check-in within two weeks and review attendance, coursework, and advising needs.",Enrolled
2305,0.9242140801342064,1,High,"Start proactive outreach within 72 hours and connect the student to academic, advising, and financial support.",Dropout
2306,0.05850031753983793,0,Low,Continue routine monitoring and reinforce the student's current supports.,Enrolled
2307,0.9988381036019699,1,High,"Start proactive outreach within 72 hours and connect the student to academic, advising, and financial support.",Dropout
2308,0.8667273039941565,1,High,"Start proactive outreach within 72 hours and connect the student to academic, advising, and financial support.",Dropout
2309,0.9902722407677301,1,High,"Start proactive outreach within 72 hours and connect the student to academic, advising, and financial support.",Dropout
2310,0.0661406721875958,0,Low,Continue routine monitoring and reinforce the student's current supports.,Graduate
2311,0.03671893245566647,0,Low,Continue routine monitoring and reinforce the student's current supports.,Graduate
2312,0.06385008324783889,0,Low,Continue routine monitoring and reinforce the student's current supports.,Graduate
2313,0.9630041123926057,1,High,"Start proactive outreach within 72 hours and connect the student to academic, advising, and financial support.",Dropout
2314,0.21655848504642938,0,Low,Continue routine monitoring and reinforce the student's current supports.,Graduate
2315,0.0674920122947341,0,Low,Continue routine monitoring and reinforce the student's current supports.,Graduate
2316,0.1944593989256546,0,Low,Continue routine monitoring and reinforce the student's current supports.,Dropout
2317,0.9885324043804903,1,High,"Start proactive outreach within 72 hours and connect the student to academic, advising, and financial support.",Dropout
2318,0.9763305042043616,1,High,"Start proactive outreach within 72 hours and connect the student to academic, advising, and financial support.",Dropout
2319,0.9666146764465884,1,High,"Start proactive outreach within 72 hours and connect the student to academic, advising, and financial support.",Dropout
2320,0.22861718730427746,0,Low,Continue routine monitoring and reinforce the student's current supports.,Graduate
2321,0.7614228787425987,1,High,"Start proactive outreach within 72 hours and connect the student to academic, advising, and financial support.",Dropout
2322,0.470988045798982,0,Medium,"Schedule a check-in within two weeks and review attendance, coursework, and advising needs.",Enrolled
2323,0.9484051493184665,1,High,"Start proactive outreach within 72 hours and connect the student to academic, advising, and financial support.",Dropout
2324,0.06963312426490836,0,Low,Continue routine monitoring and reinforce the student's current supports.,Enrolled
2325,0.04516346530509989,0,Low,Continue routine monitoring and reinforce the student's current supports.,Graduate
2326,0.9601178035431542,1,High,"Start proactive outreach within 72 hours and connect the student to academic, advising, and financial support.",Dropout
2327,0.8378922172666579,1,High,"Start proactive outreach within 72 hours and connect the student to academic, advising, and financial support.",Enrolled
2328,0.9830634867025108,1,High,"Start proactive outreach within 72 hours and connect the student to academic, advising, and financial support.",Dropout
2329,0.27954885200080815,0,Low,Continue routine monitoring and reinforce the student's current supports.,Graduate
2330,0.9988504731406176,1,High,"Start proactive outreach within 72 hours and connect the student to academic, advising, and financial support.",Dropout
2331,0.9895849197951702,1,High,"Start proactive outreach within 72 hours and connect the student to academic, advising, and financial support.",Dropout
2332,0.9800250738064049,1,High,"Start proactive outreach within 72 hours and connect the student to academic, advising, and financial support.",Dropout
2333,0.23538372491413725,0,Low,Continue routine monitoring and reinforce the student's current supports.,Graduate
2334,0.7671332634126332,1,High,"Start proactive outreach within 72 hours and connect the student to academic, advising, and financial support.",Dropout
2335,0.07631045328738371,0,Low,Continue routine monitoring and reinforce the student's current supports.,Graduate
2336,0.10351149551826533,0,Low,Continue routine monitoring and reinforce the student's current supports.,Graduate
2337,0.6369781996460157,1,Medium,"Schedule a check-in within two weeks and review attendance, coursework, and advising needs.",Dropout
2338,0.9929202880166418,1,High,"Start proactive outreach within 72 hours and connect the student to academic, advising, and financial support.",Dropout
2339,0.8821297537881203,1,High,"Start proactive outreach within 72 hours and connect the student to academic, advising, and financial support.",Dropout
2340,0.13238002015507866,0,Low,Continue routine monitoring and reinforce the student's current supports.,Enrolled
2341,0.9992054426914838,1,High,"Start proactive outreach within 72 hours and connect the student to academic, advising, and financial support.",Dropout
2342,0.4652210682749561,0,Medium,"Schedule a check-in within two weeks and review attendance, coursework, and advising needs.",Enrolled
2343,0.18027474625955892,0,Low,Continue routine monitoring and reinforce the student's current supports.,Graduate
2344,0.2701533369851055,0,Low,Continue routine monitoring and reinforce the student's current supports.,Graduate
2345,0.051887020100728785,0,Low,Continue routine monitoring and reinforce the student's current supports.,Graduate
2346,0.08174136219688212,0,Low,Continue routine monitoring and reinforce the student's current supports.,Graduate
2347,0.3346906033746676,0,Medium,"Schedule a check-in within two weeks and review attendance, coursework, and advising needs.",Enrolled
2348,0.190502833567306,0,Low,Continue routine monitoring and reinforce the student's current supports.,Graduate
2349,0.9855018586458062,1,High,"Start proactive outreach within 72 hours and connect the student to academic, advising, and financial support.",Dropout
2350,0.3429254944374183,0,Medium,"Schedule a check-in within two weeks and review attendance, coursework, and advising needs.",Graduate
2351,0.1186949578276906,0,Low,Continue routine monitoring and reinforce the student's current supports.,Graduate
2352,0.4406469069195113,0,Medium,"Schedule a check-in within two weeks and review attendance, coursework, and advising needs.",Graduate
2353,0.14849578234715186,0,Low,Continue routine monitoring and reinforce the student's current supports.,Graduate
2354,0.4422142070555257,0,Medium,"Schedule a check-in within two weeks and review attendance, coursework, and advising needs.",Graduate
2355,0.9864822692168332,1,High,"Start proactive outreach within 72 hours and connect the student to academic, advising, and financial support.",Dropout
2356,0.1940123587073802,0,Low,Continue routine monitoring and reinforce the student's current supports.,Graduate
2357,0.2875472452009189,0,Low,Continue routine monitoring and reinforce the student's current supports.,Graduate
2358,0.16807863137820636,0,Low,Continue routine monitoring and reinforce the student's current supports.,Dropout
2359,0.1185756119029524,0,Low,Continue routine monitoring and reinforce the student's current supports.,Graduate
2360,0.8570212464237367,1,High,"Start proactive outreach within 72 hours and connect the student to academic, advising, and financial support.",Dropout
2361,0.8801859814144087,1,High,"Start proactive outreach within 72 hours and connect the student to academic, advising, and financial support.",Enrolled
2362,0.9652246710205002,1,High,"Start proactive outreach within 72 hours and connect the student to academic, advising, and financial support.",Dropout
2363,0.26503951054269476,0,Low,Continue routine monitoring and reinforce the student's current supports.,Graduate
2364,0.5860558035246676,1,Medium,"Schedule a check-in within two weeks and review attendance, coursework, and advising needs.",Enrolled
2365,0.18762263973264115,0,Low,Continue routine monitoring and reinforce the student's current supports.,Enrolled
2366,0.18009228576922656,0,Low,Continue routine monitoring and reinforce the student's current supports.,Graduate
2367,0.830078581042145,1,High,"Start proactive outreach within 72 hours and connect the student to academic, advising, and financial support.",Enrolled
2368,0.47651185403471885,0,Medium,"Schedule a check-in within two weeks and review attendance, coursework, and advising needs.",Graduate
2369,0.8026119947084457,1,High,"Start proactive outreach within 72 hours and connect the student to academic, advising, and financial support.",Enrolled
2370,0.8559464501450439,1,High,"Start proactive outreach within 72 hours and connect the student to academic, advising, and financial support.",Dropout
2371,0.07267751874484166,0,Low,Continue routine monitoring and reinforce the student's current supports.,Enrolled
2372,0.2230416022229017,0,Low,Continue routine monitoring and reinforce the student's current supports.,Graduate
2373,0.5866938975150284,1,Medium,"Schedule a check-in within two weeks and review attendance, coursework, and advising needs.",Enrolled
2374,0.1262484875620301,0,Low,Continue routine monitoring and reinforce the student's current supports.,Enrolled
2375,0.5985899642212992,1,Medium,"Schedule a check-in within two weeks and review attendance, coursework, and advising needs.",Enrolled
2376,0.8117732350931239,1,High,"Start proactive outreach within 72 hours and connect the student to academic, advising, and financial support.",Dropout
2377,0.4011925417092011,0,Medium,"Schedule a check-in within two weeks and review attendance, coursework, and advising needs.",Graduate
2378,0.996740778979581,1,High,"Start proactive outreach within 72 hours and connect the student to academic, advising, and financial support.",Dropout
2379,0.9782479815303846,1,High,"Start proactive outreach within 72 hours and connect the student to academic, advising, and financial support.",Dropout
2380,0.11937551789091234,0,Low,Continue routine monitoring and reinforce the student's current supports.,Graduate
2381,0.19713099221692862,0,Low,Continue routine monitoring and reinforce the student's current supports.,Graduate
2382,0.06818714940113713,0,Low,Continue routine monitoring and reinforce the student's current supports.,Graduate
2383,0.3603704671509926,0,Medium,"Schedule a check-in within two weeks and review attendance, coursework, and advising needs.",Dropout
2384,0.19202171178608646,0,Low,Continue routine monitoring and reinforce the student's current supports.,Enrolled
2385,0.8564287510436384,1,High,"Start proactive outreach within 72 hours and connect the student to academic, advising, and financial support.",Enrolled
2386,0.05129848854282657,0,Low,Continue routine monitoring and reinforce the student's current supports.,Graduate
2387,0.6462971942255442,1,Medium,"Schedule a check-in within two weeks and review attendance, coursework, and advising needs.",Enrolled
2388,0.9446624793548656,1,High,"Start proactive outreach within 72 hours and connect the student to academic, advising, and financial support.",Graduate
2389,0.5380108355203737,1,Medium,"Schedule a check-in within two weeks and review attendance, coursework, and advising needs.",Dropout
2390,0.951030475298693,1,High,"Start proactive outreach within 72 hours and connect the student to academic, advising, and financial support.",Dropout
2391,0.9364602503082234,1,High,"Start proactive outreach within 72 hours and connect the student to academic, advising, and financial support.",Dropout
2392,0.5924312628288368,1,Medium,"Schedule a check-in within two weeks and review attendance, coursework, and advising needs.",Dropout
2393,0.2901263664082706,0,Low,Continue routine monitoring and reinforce the student's current supports.,Enrolled
2394,0.895350421536756,1,High,"Start proactive outreach within 72 hours and connect the student to academic, advising, and financial support.",Dropout
2395,0.16926294711581913,0,Low,Continue routine monitoring and reinforce the student's current supports.,Graduate
2396,0.5794411631600497,1,Medium,"Schedule a check-in within two weeks and review attendance, coursework, and advising needs.",Enrolled
2397,0.9704124827576831,1,High,"Start proactive outreach within 72 hours and connect the student to academic, advising, and financial support.",Dropout
2398,0.2843285084139809,0,Low,Continue routine monitoring and reinforce the student's current supports.,Enrolled
2399,0.263342687515463,0,Low,Continue routine monitoring and reinforce the student's current supports.,Graduate
2400,0.07893141467569338,0,Low,Continue routine monitoring and reinforce the student's current supports.,Graduate
2401,0.5720299627361699,1,Medium,"Schedule a check-in within two weeks and review attendance, coursework, and advising needs.",Dropout
2402,0.28719204467114295,0,Low,Continue routine monitoring and reinforce the student's current supports.,Graduate
2403,0.8099015216190674,1,High,"Start proactive outreach within 72 hours and connect the student to academic, advising, and financial support.",Dropout
2404,0.10043330881292893,0,Low,Continue routine monitoring and reinforce the student's current supports.,Graduate
2405,0.9424906369672742,1,High,"Start proactive outreach within 72 hours and connect the student to academic, advising, and financial support.",Dropout
2406,0.4687948492338567,0,Medium,"Schedule a check-in within two weeks and review attendance, coursework, and advising needs.",Graduate
2407,0.5401800565929163,1,Medium,"Schedule a check-in within two weeks and review attendance, coursework, and advising needs.",Graduate
2408,0.998340981007207,1,High,"Start proactive outreach within 72 hours and connect the student to academic, advising, and financial support.",Dropout
2409,0.985102555453544,1,High,"Start proactive outreach within 72 hours and connect the student to academic, advising, and financial support.",Dropout
2410,0.6212067533230329,1,Medium,"Schedule a check-in within two weeks and review attendance, coursework, and advising needs.",Dropout
2411,0.9989317671006179,1,High,"Start proactive outreach within 72 hours and connect the student to academic, advising, and financial support.",Dropout
2412,0.9993831640732077,1,High,"Start proactive outreach within 72 hours and connect the student to academic, advising, and financial support.",Dropout
2413,0.5879188319012404,1,Medium,"Schedule a check-in within two weeks and review attendance, coursework, and advising needs.",Enrolled
2414,0.848813419809621,1,High,"Start proactive outreach within 72 hours and connect the student to academic, advising, and financial support.",Graduate
2415,0.0939779718666764,0,Low,Continue routine monitoring and reinforce the student's current supports.,Graduate
2416,0.9774912420175506,1,High,"Start proactive outreach within 72 hours and connect the student to academic, advising, and financial support.",Dropout
2417,0.5926329306041636,1,Medium,"Schedule a check-in within two weeks and review attendance, coursework, and advising needs.",Dropout
2418,0.17971264976606802,0,Low,Continue routine monitoring and reinforce the student's current supports.,Graduate
2419,0.09099742906577796,0,Low,Continue routine monitoring and reinforce the student's current supports.,Graduate
2420,0.008611656665564352,0,Low,Continue routine monitoring and reinforce the student's current supports.,Enrolled
2421,0.9969164279652941,1,High,"Start proactive outreach within 72 hours and connect the student to academic, advising, and financial support.",Dropout
2422,0.9808936650211953,1,High,"Start proactive outreach within 72 hours and connect the student to academic, advising, and financial support.",Dropout
2423,0.4959038003288316,0,Medium,"Schedule a check-in within two weeks and review attendance, coursework, and advising needs.",Graduate
2424,0.9176344537303807,1,High,"Start proactive outreach within 72 hours and connect the student to academic, advising, and financial support.",Dropout
2425,0.8120656536607953,1,High,"Start proactive outreach within 72 hours and connect the student to academic, advising, and financial support.",Dropout
2426,0.9940560209334659,1,High,"Start proactive outreach within 72 hours and connect the student to academic, advising, and financial support.",Dropout
2427,0.9978246516541728,1,High,"Start proactive outreach within 72 hours and connect the student to academic, advising, and financial support.",Dropout
2428,0.19215686020610243,0,Low,Continue routine monitoring and reinforce the student's current supports.,Graduate
2429,0.4338500645446143,0,Medium,"Schedule a check-in within two weeks and review attendance, coursework, and advising needs.",Dropout
2430,0.9660461972336272,1,High,"Start proactive outreach within 72 hours and connect the student to academic, advising, and financial support.",Dropout
2431,0.15230705356799873,0,Low,Continue routine monitoring and reinforce the student's current supports.,Graduate
2432,0.11326620305978065,0,Low,Continue routine monitoring and reinforce the student's current supports.,Graduate
2433,0.09282994340028032,0,Low,Continue routine monitoring and reinforce the student's current supports.,Dropout
2434,0.32335753943831863,0,Low,Continue routine monitoring and reinforce the student's current supports.,Enrolled
2435,0.28470582198916294,0,Low,Continue routine monitoring and reinforce the student's current supports.,Enrolled
2436,0.14876806553068406,0,Low,Continue routine monitoring and reinforce the student's current supports.,Graduate
2437,0.049458381740304126,0,Low,Continue routine monitoring and reinforce the student's current supports.,Graduate
2438,0.4494230092865524,0,Medium,"Schedule a check-in within two weeks and review attendance, coursework, and advising needs.",Dropout
2439,0.9278786252466451,1,High,"Start proactive outreach within 72 hours and connect the student to academic, advising, and financial support.",Dropout
2440,0.9977280594058774,1,High,"Start proactive outreach within 72 hours and connect the student to academic, advising, and financial support.",Dropout
2441,0.9962722462275555,1,High,"Start proactive outreach within 72 hours and connect the student to academic, advising, and financial support.",Dropout
2442,0.20388170690702143,0,Low,Continue routine monitoring and reinforce the student's current supports.,Enrolled
2443,0.9856833271770057,1,High,"Start proactive outreach within 72 hours and connect the student to academic, advising, and financial support.",Dropout
2444,0.08414172165170675,0,Low,Continue routine monitoring and reinforce the student's current supports.,Graduate
2445,0.9978906799806501,1,High,"Start proactive outreach within 72 hours and connect the student to academic, advising, and financial support.",Dropout
2446,0.667778188114995,1,High,"Start proactive outreach within 72 hours and connect the student to academic, advising, and financial support.",Enrolled
2447,0.2452091089370707,0,Low,Continue routine monitoring and reinforce the student's current supports.,Dropout
2448,0.9966832892979681,1,High,"Start proactive outreach within 72 hours and connect the student to academic, advising, and financial support.",Graduate
2449,0.9989654678912149,1,High,"Start proactive outreach within 72 hours and connect the student to academic, advising, and financial support.",Dropout
2450,0.704380603596724,1,High,"Start proactive outreach within 72 hours and connect the student to academic, advising, and financial support.",Dropout
2451,0.930829858058345,1,High,"Start proactive outreach within 72 hours and connect the student to academic, advising, and financial support.",Enrolled
2452,0.9969957472047024,1,High,"Start proactive outreach within 72 hours and connect the student to academic, advising, and financial support.",Dropout
2453,0.19225089834796022,0,Low,Continue routine monitoring and reinforce the student's current supports.,Graduate
2454,0.0027585342718535887,0,Low,Continue routine monitoring and reinforce the student's current supports.,Enrolled
2455,0.8689393421243274,1,High,"Start proactive outreach within 72 hours and connect the student to academic, advising, and financial support.",Dropout
2456,0.06060731918178495,0,Low,Continue routine monitoring and reinforce the student's current supports.,Graduate
2457,0.35074137148788775,0,Medium,"Schedule a check-in within two weeks and review attendance, coursework, and advising needs.",Graduate
2458,0.443933012916307,0,Medium,"Schedule a check-in within two weeks and review attendance, coursework, and advising needs.",Enrolled
2459,0.9818881615628315,1,High,"Start proactive outreach within 72 hours and connect the student to academic, advising, and financial support.",Dropout
2460,0.08775671918326683,0,Low,Continue routine monitoring and reinforce the student's current supports.,Graduate
2461,0.9902590108277561,1,High,"Start proactive outreach within 72 hours and connect the student to academic, advising, and financial support.",Dropout
2462,0.9797241832886957,1,High,"Start proactive outreach within 72 hours and connect the student to academic, advising, and financial support.",Dropout
2463,0.3074284188870181,0,Low,Continue routine monitoring and reinforce the student's current supports.,Dropout
2464,0.9935355072502008,1,High,"Start proactive outreach within 72 hours and connect the student to academic, advising, and financial support.",Dropout
2465,0.9508213316143757,1,High,"Start proactive outreach within 72 hours and connect the student to academic, advising, and financial support.",Dropout
2466,0.9971112699383768,1,High,"Start proactive outreach within 72 hours and connect the student to academic, advising, and financial support.",Dropout
2467,0.7036313065160122,1,High,"Start proactive outreach within 72 hours and connect the student to academic, advising, and financial support.",Enrolled
2468,0.05221495599569571,0,Low,Continue routine monitoring and reinforce the student's current supports.,Enrolled
2469,0.9488484878581217,1,High,"Start proactive outreach within 72 hours and connect the student to academic, advising, and financial support.",Dropout
2470,0.9764595463816002,1,High,"Start proactive outreach within 72 hours and connect the student to academic, advising, and financial support.",Dropout
2471,0.7894604278560586,1,High,"Start proactive outreach within 72 hours and connect the student to academic, advising, and financial support.",Enrolled
2472,0.9990350606279932,1,High,"Start proactive outreach within 72 hours and connect the student to academic, advising, and financial support.",Dropout
2473,0.6208225102194358,1,Medium,"Schedule a check-in within two weeks and review attendance, coursework, and advising needs.",Dropout
2474,0.9963286049436088,1,High,"Start proactive outreach within 72 hours and connect the student to academic, advising, and financial support.",Dropout
2475,0.1061492145626623,0,Low,Continue routine monitoring and reinforce the student's current supports.,Graduate
2476,0.9984649691278267,1,High,"Start proactive outreach within 72 hours and connect the student to academic, advising, and financial support.",Dropout
2477,0.05598067828059558,0,Low,Continue routine monitoring and reinforce the student's current supports.,Graduate
2478,0.14435305980462296,0,Low,Continue routine monitoring and reinforce the student's current supports.,Enrolled
2479,0.08927391681179919,0,Low,Continue routine monitoring and reinforce the student's current supports.,Graduate
2480,0.41180739564864755,0,Medium,"Schedule a check-in within two weeks and review attendance, coursework, and advising needs.",Dropout
2481,0.22719647107966065,0,Low,Continue routine monitoring and reinforce the student's current supports.,Enrolled
2482,0.08310471663892256,0,Low,Continue routine monitoring and reinforce the student's current supports.,Graduate
2483,0.22602474020787378,0,Low,Continue routine monitoring and reinforce the student's current supports.,Graduate
2484,0.010656907404790094,0,Low,Continue routine monitoring and reinforce the student's current supports.,Graduate
2485,0.2242407443065008,0,Low,Continue routine monitoring and reinforce the student's current supports.,Graduate
2486,0.997790474208367,1,High,"Start proactive outreach within 72 hours and connect the student to academic, advising, and financial support.",Dropout
2487,0.9747675393229639,1,High,"Start proactive outreach within 72 hours and connect the student to academic, advising, and financial support.",Dropout
2488,0.9669138798636122,1,High,"Start proactive outreach within 72 hours and connect the student to academic, advising, and financial support.",Dropout
2489,0.5181363880735914,1,Medium,"Schedule a check-in within two weeks and review attendance, coursework, and advising needs.",Enrolled
2490,0.06862727941492457,0,Low,Continue routine monitoring and reinforce the student's current supports.,Graduate
2491,0.7190500029648329,1,High,"Start proactive outreach within 72 hours and connect the student to academic, advising, and financial support.",Enrolled
2492,0.13746881219753876,0,Low,Continue routine monitoring and reinforce the student's current supports.,Enrolled
2493,0.9735037365274425,1,High,"Start proactive outreach within 72 hours and connect the student to academic, advising, and financial support.",Dropout
2494,0.4157347593034327,0,Medium,"Schedule a check-in within two weeks and review attendance, coursework, and advising needs.",Graduate
2495,0.23862785250308424,0,Low,Continue routine monitoring and reinforce the student's current supports.,Graduate
2496,0.4294518546114507,0,Medium,"Schedule a check-in within two weeks and review attendance, coursework, and advising needs.",Graduate
2497,0.3263554027812771,0,Low,Continue routine monitoring and reinforce the student's current supports.,Graduate
2498,0.052993507234320086,0,Low,Continue routine monitoring and reinforce the student's current supports.,Graduate
2499,0.578906947227693,1,Medium,"Schedule a check-in within two weeks and review attendance, coursework, and advising needs.",Dropout
2500,0.9829285391763235,1,High,"Start proactive outreach within 72 hours and connect the student to academic, advising, and financial support.",Dropout
2501,0.05429227869624606,0,Low,Continue routine monitoring and reinforce the student's current supports.,Graduate
2502,0.12398149745335878,0,Low,Continue routine monitoring and reinforce the student's current supports.,Graduate
2503,0.01887781262636678,0,Low,Continue routine monitoring and reinforce the student's current supports.,Graduate
2504,0.0760981118637143,0,Low,Continue routine monitoring and reinforce the student's current supports.,Graduate
2505,0.9889271097387136,1,High,"Start proactive outreach within 72 hours and connect the student to academic, advising, and financial support.",Dropout
2506,0.06334782710165933,0,Low,Continue routine monitoring and reinforce the student's current supports.,Graduate
2507,0.05116499287776263,0,Low,Continue routine monitoring and reinforce the student's current supports.,Graduate
2508,0.16831703871777895,0,Low,Continue routine monitoring and reinforce the student's current supports.,Graduate
2509,0.24125657381775378,0,Low,Continue routine monitoring and reinforce the student's current supports.,Graduate
2510,0.019450700782667207,0,Low,Continue routine monitoring and reinforce the student's current supports.,Graduate
2511,0.9579454073965448,1,High,"Start proactive outreach within 72 hours and connect the student to academic, advising, and financial support.",Dropout
2512,0.16610403927244546,0,Low,Continue routine monitoring and reinforce the student's current supports.,Enrolled
2513,0.04029558049549577,0,Low,Continue routine monitoring and reinforce the student's current supports.,Graduate
2514,0.023125074694801687,0,Low,Continue routine monitoring and reinforce the student's current supports.,Graduate
2515,0.10027513718020252,0,Low,Continue routine monitoring and reinforce the student's current supports.,Dropout
2516,0.06042145835134749,0,Low,Continue routine monitoring and reinforce the student's current supports.,Enrolled
2517,0.09128295716432051,0,Low,Continue routine monitoring and reinforce the student's current supports.,Graduate
2518,0.029112300935634255,0,Low,Continue routine monitoring and reinforce the student's current supports.,Graduate
2519,0.10595802446334705,0,Low,Continue routine monitoring and reinforce the student's current supports.,Graduate
2520,0.05195285692059053,0,Low,Continue routine monitoring and reinforce the student's current supports.,Graduate
2521,0.1358108823160075,0,Low,Continue routine monitoring and reinforce the student's current supports.,Graduate
2522,0.04395428011198705,0,Low,Continue routine monitoring and reinforce the student's current supports.,Graduate
2523,0.10159719963584475,0,Low,Continue routine monitoring and reinforce the student's current supports.,Graduate
2524,0.9887208277789844,1,High,"Start proactive outreach within 72 hours and connect the student to academic, advising, and financial support.",Dropout
2525,0.7148574331116567,1,High,"Start proactive outreach within 72 hours and connect the student to academic, advising, and financial support.",Dropout
2526,0.30432979716314074,0,Low,Continue routine monitoring and reinforce the student's current supports.,Graduate
2527,0.0555058668488973,0,Low,Continue routine monitoring and reinforce the student's current supports.,Dropout
2528,0.05058826062086514,0,Low,Continue routine monitoring and reinforce the student's current supports.,Graduate
2529,0.08703963239628697,0,Low,Continue routine monitoring and reinforce the student's current supports.,Graduate
2530,0.05750917061435415,0,Low,Continue routine monitoring and reinforce the student's current supports.,Graduate
2531,0.39268480352835916,0,Medium,"Schedule a check-in within two weeks and review attendance, coursework, and advising needs.",Graduate
2532,0.015577173433557384,0,Low,Continue routine monitoring and reinforce the student's current supports.,Graduate
2533,0.04522246397908533,0,Low,Continue routine monitoring and reinforce the student's current supports.,Graduate
2534,0.04997489257907531,0,Low,Continue routine monitoring and reinforce the student's current supports.,Enrolled
2535,0.06163102387652139,0,Low,Continue routine monitoring and reinforce the student's current supports.,Graduate
2536,0.5830129068899167,1,Medium,"Schedule a check-in within two weeks and review attendance, coursework, and advising needs.",Enrolled
2537,0.19663045808753346,0,Low,Continue routine monitoring and reinforce the student's current supports.,Enrolled
2538,0.06834688713822648,0,Low,Continue routine monitoring and reinforce the student's current supports.,Graduate
2539,0.04135262466679545,0,Low,Continue routine monitoring and reinforce the student's current supports.,Graduate
2540,0.21650258301533848,0,Low,Continue routine monitoring and reinforce the student's current supports.,Graduate
2541,0.9674213508882977,1,High,"Start proactive outreach within 72 hours and connect the student to academic, advising, and financial support.",Dropout
2542,0.8727385137044771,1,High,"Start proactive outreach within 72 hours and connect the student to academic, advising, and financial support.",Dropout
2543,0.06406082204333756,0,Low,Continue routine monitoring and reinforce the student's current supports.,Graduate
2544,0.9354136751652108,1,High,"Start proactive outreach within 72 hours and connect the student to academic, advising, and financial support.",Dropout
2545,0.17712156829640588,0,Low,Continue routine monitoring and reinforce the student's current supports.,Enrolled
2546,0.1423071262603018,0,Low,Continue routine monitoring and reinforce the student's current supports.,Graduate
2547,0.02259639651481439,0,Low,Continue routine monitoring and reinforce the student's current supports.,Graduate
2548,0.023616031441658962,0,Low,Continue routine monitoring and reinforce the student's current supports.,Graduate
2549,0.07842545822179751,0,Low,Continue routine monitoring and reinforce the student's current supports.,Graduate
2550,0.9949093526350244,1,High,"Start proactive outreach within 72 hours and connect the student to academic, advising, and financial support.",Dropout
2551,0.05875377548835247,0,Low,Continue routine monitoring and reinforce the student's current supports.,Graduate
2552,0.07300807408004682,0,Low,Continue routine monitoring and reinforce the student's current supports.,Enrolled
2553,0.02089125972544901,0,Low,Continue routine monitoring and reinforce the student's current supports.,Graduate
2554,0.9987744256000303,1,High,"Start proactive outreach within 72 hours and connect the student to academic, advising, and financial support.",Dropout
2555,0.31498682203719636,0,Low,Continue routine monitoring and reinforce the student's current supports.,Enrolled
2556,0.22270760818099616,0,Low,Continue routine monitoring and reinforce the student's current supports.,Enrolled
2557,0.012692151583241065,0,Low,Continue routine monitoring and reinforce the student's current supports.,Graduate
2558,0.3401520914048316,0,Medium,"Schedule a check-in within two weeks and review attendance, coursework, and advising needs.",Enrolled
2559,0.08317895632573476,0,Low,Continue routine monitoring and reinforce the student's current supports.,Enrolled
2560,0.11760628073599604,0,Low,Continue routine monitoring and reinforce the student's current supports.,Dropout
2561,0.33073327372725914,0,Medium,"Schedule a check-in within two weeks and review attendance, coursework, and advising needs.",Graduate
2562,0.023801547379145586,0,Low,Continue routine monitoring and reinforce the student's current supports.,Graduate
2563,0.9879440040691204,1,High,"Start proactive outreach within 72 hours and connect the student to academic, advising, and financial support.",Dropout
2564,0.8859487106373871,1,High,"Start proactive outreach within 72 hours and connect the student to academic, advising, and financial support.",Enrolled
2565,0.12944909034992563,0,Low,Continue routine monitoring and reinforce the student's current supports.,Graduate
2566,0.0019266560664273624,0,Low,Continue routine monitoring and reinforce the student's current supports.,Graduate
2567,0.047442950739667034,0,Low,Continue routine monitoring and reinforce the student's current supports.,Graduate
2568,0.15286282469467558,0,Low,Continue routine monitoring and reinforce the student's current supports.,Enrolled
2569,0.17709579880548568,0,Low,Continue routine monitoring and reinforce the student's current supports.,Enrolled
2570,0.15253215962981195,0,Low,Continue routine monitoring and reinforce the student's current supports.,Graduate
2571,0.0207421739500372,0,Low,Continue routine monitoring and reinforce the student's current supports.,Graduate
2572,0.0536145012508299,0,Low,Continue routine monitoring and reinforce the student's current supports.,Graduate
2573,0.06737557532089114,0,Low,Continue routine monitoring and reinforce the student's current supports.,Graduate
2574,0.12791456112938154,0,Low,Continue routine monitoring and reinforce the student's current supports.,Graduate
2575,0.1747065137793202,0,Low,Continue routine monitoring and reinforce the student's current supports.,Graduate
2576,0.08241478476094251,0,Low,Continue routine monitoring and reinforce the student's current supports.,Graduate
2577,0.7472302274317492,1,High,"Start proactive outreach within 72 hours and connect the student to academic, advising, and financial support.",Dropout
2578,0.9159863063222538,1,High,"Start proactive outreach within 72 hours and connect the student to academic, advising, and financial support.",Dropout
2579,0.084116365802469,0,Low,Continue routine monitoring and reinforce the student's current supports.,Graduate
2580,0.046449178320801005,0,Low,Continue routine monitoring and reinforce the student's current supports.,Graduate
2581,0.019816019431569583,0,Low,Continue routine monitoring and reinforce the student's current supports.,Graduate
2582,0.9974425513137483,1,High,"Start proactive outreach within 72 hours and connect the student to academic, advising, and financial support.",Dropout
2583,0.026505053154195914,0,Low,Continue routine monitoring and reinforce the student's current supports.,Graduate
2584,0.23552301155496058,0,Low,Continue routine monitoring and reinforce the student's current supports.,Enrolled
2585,0.0953875431730736,0,Low,Continue routine monitoring and reinforce the student's current supports.,Graduate
2586,0.23201145007494053,0,Low,Continue routine monitoring and reinforce the student's current supports.,Graduate
2587,0.36538336586535936,0,Medium,"Schedule a check-in within two weeks and review attendance, coursework, and advising needs.",Enrolled
2588,0.6072501371744076,1,Medium,"Schedule a check-in within two weeks and review attendance, coursework, and advising needs.",Enrolled
2589,0.8886344827182229,1,High,"Start proactive outreach within 72 hours and connect the student to academic, advising, and financial support.",Dropout
2590,0.4955142420139575,0,Medium,"Schedule a check-in within two weeks and review attendance, coursework, and advising needs.",Enrolled
2591,0.9586382999972244,1,High,"Start proactive outreach within 72 hours and connect the student to academic, advising, and financial support.",Dropout
2592,0.8619521887275112,1,High,"Start proactive outreach within 72 hours and connect the student to academic, advising, and financial support.",Enrolled
2593,0.05636434103776461,0,Low,Continue routine monitoring and reinforce the student's current supports.,Graduate
2594,0.08654601484717307,0,Low,Continue routine monitoring and reinforce the student's current supports.,Dropout
2595,0.7491751594117059,1,High,"Start proactive outreach within 72 hours and connect the student to academic, advising, and financial support.",Enrolled
2596,0.08328139877716431,0,Low,Continue routine monitoring and reinforce the student's current supports.,Graduate
2597,0.29022550759310434,0,Low,Continue routine monitoring and reinforce the student's current supports.,Dropout
2598,0.24443132059164782,0,Low,Continue routine monitoring and reinforce the student's current supports.,Dropout
2599,0.2037465900130139,0,Low,Continue routine monitoring and reinforce the student's current supports.,Enrolled
2600,0.4137966664218578,0,Medium,"Schedule a check-in within two weeks and review attendance, coursework, and advising needs.",Enrolled
2601,0.6028788374506281,1,Medium,"Schedule a check-in within two weeks and review attendance, coursework, and advising needs.",Dropout
2602,0.610949562489843,1,Medium,"Schedule a check-in within two weeks and review attendance, coursework, and advising needs.",Enrolled
2603,0.06061529143517639,0,Low,Continue routine monitoring and reinforce the student's current supports.,Graduate
2604,0.9773162917323416,1,High,"Start proactive outreach within 72 hours and connect the student to academic, advising, and financial support.",Dropout
2605,0.7999924929292577,1,High,"Start proactive outreach within 72 hours and connect the student to academic, advising, and financial support.",Dropout
2606,0.015580609829180832,0,Low,Continue routine monitoring and reinforce the student's current supports.,Graduate
2607,0.11496862890517867,0,Low,Continue routine monitoring and reinforce the student's current supports.,Graduate
2608,0.22343436369336406,0,Low,Continue routine monitoring and reinforce the student's current supports.,Dropout
2609,0.3276387122465576,0,Low,Continue routine monitoring and reinforce the student's current supports.,Graduate
2610,0.9126787895695541,1,High,"Start proactive outreach within 72 hours and connect the student to academic, advising, and financial support.",Dropout
2611,0.0785279983940019,0,Low,Continue routine monitoring and reinforce the student's current supports.,Graduate
2612,0.5592612077053557,1,Medium,"Schedule a check-in within two weeks and review attendance, coursework, and advising needs.",Graduate
2613,0.28577467189434036,0,Low,Continue routine monitoring and reinforce the student's current supports.,Graduate
2614,0.9866784269832982,1,High,"Start proactive outreach within 72 hours and connect the student to academic, advising, and financial support.",Dropout
2615,0.35393961602903684,0,Medium,"Schedule a check-in within two weeks and review attendance, coursework, and advising needs.",Dropout
2616,0.8872148816417768,1,High,"Start proactive outreach within 72 hours and connect the student to academic, advising, and financial support.",Dropout
2617,0.9197691904392407,1,High,"Start proactive outreach within 72 hours and connect the student to academic, advising, and financial support.",Dropout
2618,0.2284258183050765,0,Low,Continue routine monitoring and reinforce the student's current supports.,Graduate
2619,0.2821679178515189,0,Low,Continue routine monitoring and reinforce the student's current supports.,Dropout
2620,0.03957843983172036,0,Low,Continue routine monitoring and reinforce the student's current supports.,Graduate
2621,0.1851555901814427,0,Low,Continue routine monitoring and reinforce the student's current supports.,Enrolled
2622,0.043565735327634456,0,Low,Continue routine monitoring and reinforce the student's current supports.,Graduate
2623,0.0276653760927421,0,Low,Continue routine monitoring and reinforce the student's current supports.,Graduate
2624,0.5908425088014245,1,Medium,"Schedule a check-in within two weeks and review attendance, coursework, and advising needs.",Dropout
2625,0.0654533684327328,0,Low,Continue routine monitoring and reinforce the student's current supports.,Graduate
2626,0.935007509645399,1,High,"Start proactive outreach within 72 hours and connect the student to academic, advising, and financial support.",Dropout
2627,0.06600185497500372,0,Low,Continue routine monitoring and reinforce the student's current supports.,Graduate
2628,0.03149718571383706,0,Low,Continue routine monitoring and reinforce the student's current supports.,Enrolled
2629,0.17005271927606364,0,Low,Continue routine monitoring and reinforce the student's current supports.,Enrolled
2630,0.35404963523523214,0,Medium,"Schedule a check-in within two weeks and review attendance, coursework, and advising needs.",Enrolled
2631,0.8813801468692375,1,High,"Start proactive outreach within 72 hours and connect the student to academic, advising, and financial support.",Dropout
2632,0.9557314097389334,1,High,"Start proactive outreach within 72 hours and connect the student to academic, advising, and financial support.",Dropout
2633,0.0395031424888153,0,Low,Continue routine monitoring and reinforce the student's current supports.,Graduate
2634,0.12621425860449734,0,Low,Continue routine monitoring and reinforce the student's current supports.,Graduate
2635,0.2903952289830178,0,Low,Continue routine monitoring and reinforce the student's current supports.,Enrolled
2636,0.9848828973270433,1,High,"Start proactive outreach within 72 hours and connect the student to academic, advising, and financial support.",Dropout
2637,0.9965432962958973,1,High,"Start proactive outreach within 72 hours and connect the student to academic, advising, and financial support.",Dropout
2638,0.42810092899928903,0,Medium,"Schedule a check-in within two weeks and review attendance, coursework, and advising needs.",Graduate
2639,0.19220174255323108,0,Low,Continue routine monitoring and reinforce the student's current supports.,Graduate
2640,0.03238407615282523,0,Low,Continue routine monitoring and reinforce the student's current supports.,Graduate
2641,0.9905872897109822,1,High,"Start proactive outreach within 72 hours and connect the student to academic, advising, and financial support.",Dropout
2642,0.15004839280148538,0,Low,Continue routine monitoring and reinforce the student's current supports.,Graduate
2643,0.9769920697342825,1,High,"Start proactive outreach within 72 hours and connect the student to academic, advising, and financial support.",Dropout
2644,0.7759408818867495,1,High,"Start proactive outreach within 72 hours and connect the student to academic, advising, and financial support.",Dropout
2645,0.517503458678648,1,Medium,"Schedule a check-in within two weeks and review attendance, coursework, and advising needs.",Graduate
2646,0.4321653883796413,0,Medium,"Schedule a check-in within two weeks and review attendance, coursework, and advising needs.",Dropout
2647,0.16033754685234092,0,Low,Continue routine monitoring and reinforce the student's current supports.,Enrolled
2648,0.9293882758234085,1,High,"Start proactive outreach within 72 hours and connect the student to academic, advising, and financial support.",Dropout
2649,0.9826548085529482,1,High,"Start proactive outreach within 72 hours and connect the student to academic, advising, and financial support.",Dropout
2650,0.1413747900758542,0,Low,Continue routine monitoring and reinforce the student's current supports.,Dropout
2651,0.06759461773783292,0,Low,Continue routine monitoring and reinforce the student's current supports.,Enrolled
2652,0.9899338706152089,1,High,"Start proactive outreach within 72 hours and connect the student to academic, advising, and financial support.",Dropout
2653,0.048897782414886085,0,Low,Continue routine monitoring and reinforce the student's current supports.,Graduate
2654,0.9701410794432039,1,High,"Start proactive outreach within 72 hours and connect the student to academic, advising, and financial support.",Dropout
2655,0.1133764969072915,0,Low,Continue routine monitoring and reinforce the student's current supports.,Graduate
2656,0.3430994035113206,0,Medium,"Schedule a check-in within two weeks and review attendance, coursework, and advising needs.",Graduate
2657,0.6006278554759616,1,Medium,"Schedule a check-in within two weeks and review attendance, coursework, and advising needs.",Graduate
2658,0.17275611211249586,0,Low,Continue routine monitoring and reinforce the student's current supports.,Enrolled
2659,0.4562963505901288,0,Medium,"Schedule a check-in within two weeks and review attendance, coursework, and advising needs.",Dropout
2660,0.14663317016069752,0,Low,Continue routine monitoring and reinforce the student's current supports.,Dropout
2661,0.460445851606857,0,Medium,"Schedule a check-in within two weeks and review attendance, coursework, and advising needs.",Dropout
2662,0.36587623774641437,0,Medium,"Schedule a check-in within two weeks and review attendance, coursework, and advising needs.",Graduate
2663,0.8982036135631295,1,High,"Start proactive outreach within 72 hours and connect the student to academic, advising, and financial support.",Dropout
2664,0.9979911491480308,1,High,"Start proactive outreach within 72 hours and connect the student to academic, advising, and financial support.",Dropout
2665,0.3582713976620791,0,Medium,"Schedule a check-in within two weeks and review attendance, coursework, and advising needs.",Graduate
2666,0.9811381121066256,1,High,"Start proactive outreach within 72 hours and connect the student to academic, advising, and financial support.",Dropout
2667,0.19687793638385712,0,Low,Continue routine monitoring and reinforce the student's current supports.,Graduate
2668,0.9961606879762175,1,High,"Start proactive outreach within 72 hours and connect the student to academic, advising, and financial support.",Dropout
2669,0.2608986279356705,0,Low,Continue routine monitoring and reinforce the student's current supports.,Enrolled
2670,0.9227387225902139,1,High,"Start proactive outreach within 72 hours and connect the student to academic, advising, and financial support.",Dropout
2671,0.3869155598476682,0,Medium,"Schedule a check-in within two weeks and review attendance, coursework, and advising needs.",Enrolled
2672,0.3435971255123086,0,Medium,"Schedule a check-in within two weeks and review attendance, coursework, and advising needs.",Graduate
2673,0.8649505967084014,1,High,"Start proactive outreach within 72 hours and connect the student to academic, advising, and financial support.",Dropout
2674,0.6241864758547847,1,Medium,"Schedule a check-in within two weeks and review attendance, coursework, and advising needs.",Enrolled
2675,0.12636442082171925,0,Low,Continue routine monitoring and reinforce the student's current supports.,Graduate
2676,0.43365991553893923,0,Medium,"Schedule a check-in within two weeks and review attendance, coursework, and advising needs.",Enrolled
2677,0.9590097834463707,1,High,"Start proactive outreach within 72 hours and connect the student to academic, advising, and financial support.",Dropout
2678,0.2073895874691131,0,Low,Continue routine monitoring and reinforce the student's current supports.,Graduate
2679,0.83249068639244,1,High,"Start proactive outreach within 72 hours and connect the student to academic, advising, and financial support.",Enrolled
2680,0.22744998335196892,0,Low,Continue routine monitoring and reinforce the student's current supports.,Graduate
2681,0.4644619812200764,0,Medium,"Schedule a check-in within two weeks and review attendance, coursework, and advising needs.",Graduate
2682,0.9800874579834614,1,High,"Start proactive outreach within 72 hours and connect the student to academic, advising, and financial support.",Dropout
2683,0.9988273874659535,1,High,"Start proactive outreach within 72 hours and connect the student to academic, advising, and financial support.",Dropout
2684,0.4455317734074126,0,Medium,"Schedule a check-in within two weeks and review attendance, coursework, and advising needs.",Graduate
2685,0.9910319560243938,1,High,"Start proactive outreach within 72 hours and connect the student to academic, advising, and financial support.",Dropout
2686,0.07799337622224718,0,Low,Continue routine monitoring and reinforce the student's current supports.,Enrolled
2687,0.19322208241181238,0,Low,Continue routine monitoring and reinforce the student's current supports.,Enrolled
2688,0.9993664515381578,1,High,"Start proactive outreach within 72 hours and connect the student to academic, advising, and financial support.",Dropout
2689,0.9776729028554045,1,High,"Start proactive outreach within 72 hours and connect the student to academic, advising, and financial support.",Enrolled
2690,0.998910805513874,1,High,"Start proactive outreach within 72 hours and connect the student to academic, advising, and financial support.",Dropout
2691,0.48486124812208836,0,Medium,"Schedule a check-in within two weeks and review attendance, coursework, and advising needs.",Dropout
2692,0.2159896419747144,0,Low,Continue routine monitoring and reinforce the student's current supports.,Graduate
2693,0.19403933082324953,0,Low,Continue routine monitoring and reinforce the student's current supports.,Graduate
2694,0.07706543853509693,0,Low,Continue routine monitoring and reinforce the student's current supports.,Graduate
2695,0.14825400804525138,0,Low,Continue routine monitoring and reinforce the student's current supports.,Graduate
2696,0.21302908835342893,0,Low,Continue routine monitoring and reinforce the student's current supports.,Enrolled
2697,0.9996572704217676,1,High,"Start proactive outreach within 72 hours and connect the student to academic, advising, and financial support.",Dropout
2698,0.3029367362158517,0,Low,Continue routine monitoring and reinforce the student's current supports.,Enrolled
2699,0.3083027381388455,0,Low,Continue routine monitoring and reinforce the student's current supports.,Dropout
2700,0.10825632909462009,0,Low,Continue routine monitoring and reinforce the student's current supports.,Graduate
2701,0.7815404420612521,1,High,"Start proactive outreach within 72 hours and connect the student to academic, advising, and financial support.",Dropout
2702,0.9426125326855095,1,High,"Start proactive outreach within 72 hours and connect the student to academic, advising, and financial support.",Dropout
2703,0.9596242036692407,1,High,"Start proactive outreach within 72 hours and connect the student to academic, advising, and financial support.",Dropout
2704,0.3494686732760907,0,Medium,"Schedule a check-in within two weeks and review attendance, coursework, and advising needs.",Dropout
2705,0.9421901999478636,1,High,"Start proactive outreach within 72 hours and connect the student to academic, advising, and financial support.",Enrolled
2706,0.8825308095597676,1,High,"Start proactive outreach within 72 hours and connect the student to academic, advising, and financial support.",Dropout
2707,0.12818687270248422,0,Low,Continue routine monitoring and reinforce the student's current supports.,Graduate
2708,0.8639610468182694,1,High,"Start proactive outreach within 72 hours and connect the student to academic, advising, and financial support.",Dropout
2709,0.018141237320132914,0,Low,Continue routine monitoring and reinforce the student's current supports.,Graduate
2710,0.022329642365193986,0,Low,Continue routine monitoring and reinforce the student's current supports.,Enrolled
2711,0.08668908107296823,0,Low,Continue routine monitoring and reinforce the student's current supports.,Graduate
2712,0.9902799936661087,1,High,"Start proactive outreach within 72 hours and connect the student to academic, advising, and financial support.",Dropout
2713,0.9439543881544946,1,High,"Start proactive outreach within 72 hours and connect the student to academic, advising, and financial support.",Dropout
2714,0.3313099748249243,0,Medium,"Schedule a check-in within two weeks and review attendance, coursework, and advising needs.",Graduate
2715,0.2358997066673355,0,Low,Continue routine monitoring and reinforce the student's current supports.,Dropout
2716,0.11075438923629789,0,Low,Continue routine monitoring and reinforce the student's current supports.,Graduate
2717,0.9400127746183052,1,High,"Start proactive outreach within 72 hours and connect the student to academic, advising, and financial support.",Enrolled
2718,0.0667756002802268,0,Low,Continue routine monitoring and reinforce the student's current supports.,Graduate
2719,0.08018023812939826,0,Low,Continue routine monitoring and reinforce the student's current supports.,Graduate
2720,0.07249685180947427,0,Low,Continue routine monitoring and reinforce the student's current supports.,Graduate
2721,0.01587245439628519,0,Low,Continue routine monitoring and reinforce the student's current supports.,Graduate
2722,0.1965139293966939,0,Low,Continue routine monitoring and reinforce the student's current supports.,Enrolled
2723,0.2401893836868744,0,Low,Continue routine monitoring and reinforce the student's current supports.,Enrolled
2724,0.5394788562918997,1,Medium,"Schedule a check-in within two weeks and review attendance, coursework, and advising needs.",Dropout
2725,0.1993837874258129,0,Low,Continue routine monitoring and reinforce the student's current supports.,Graduate
2726,0.7228119345938842,1,High,"Start proactive outreach within 72 hours and connect the student to academic, advising, and financial support.",Enrolled
2727,0.11431777138069855,0,Low,Continue routine monitoring and reinforce the student's current supports.,Graduate
2728,0.07996390962522017,0,Low,Continue routine monitoring and reinforce the student's current supports.,Graduate
2729,0.435296138981979,0,Medium,"Schedule a check-in within two weeks and review attendance, coursework, and advising needs.",Enrolled
2730,0.23173033748595598,0,Low,Continue routine monitoring and reinforce the student's current supports.,Graduate
2731,0.009589378575263518,0,Low,Continue routine monitoring and reinforce the student's current supports.,Graduate
2732,0.030126980306909544,0,Low,Continue routine monitoring and reinforce the student's current supports.,Graduate
2733,0.06977061055242097,0,Low,Continue routine monitoring and reinforce the student's current supports.,Enrolled
2734,0.5525666682249343,1,Medium,"Schedule a check-in within two weeks and review attendance, coursework, and advising needs.",Enrolled
2735,0.1894959387805438,0,Low,Continue routine monitoring and reinforce the student's current supports.,Graduate
2736,0.16900361673805392,0,Low,Continue routine monitoring and reinforce the student's current supports.,Graduate
2737,0.05575106019334097,0,Low,Continue routine monitoring and reinforce the student's current supports.,Graduate
2738,0.686603819760648,1,High,"Start proactive outreach within 72 hours and connect the student to academic, advising, and financial support.",Dropout
2739,0.05969290579922679,0,Low,Continue routine monitoring and reinforce the student's current supports.,Graduate
2740,0.1532773836520946,0,Low,Continue routine monitoring and reinforce the student's current supports.,Graduate
2741,0.033104927712191104,0,Low,Continue routine monitoring and reinforce the student's current supports.,Graduate
2742,0.2696261317421683,0,Low,Continue routine monitoring and reinforce the student's current supports.,Graduate
2743,0.05093437132439898,0,Low,Continue routine monitoring and reinforce the student's current supports.,Graduate
2744,0.027532645067391347,0,Low,Continue routine monitoring and reinforce the student's current supports.,Graduate
2745,0.8394512957504594,1,High,"Start proactive outreach within 72 hours and connect the student to academic, advising, and financial support.",Dropout
2746,0.13331406037803215,0,Low,Continue routine monitoring and reinforce the student's current supports.,Graduate
2747,0.011423671234636333,0,Low,Continue routine monitoring and reinforce the student's current supports.,Enrolled
2748,0.9980772360641534,1,High,"Start proactive outreach within 72 hours and connect the student to academic, advising, and financial support.",Dropout
2749,0.9983742007224747,1,High,"Start proactive outreach within 72 hours and connect the student to academic, advising, and financial support.",Dropout
2750,0.26811849644806074,0,Low,Continue routine monitoring and reinforce the student's current supports.,Dropout
2751,0.994046866584263,1,High,"Start proactive outreach within 72 hours and connect the student to academic, advising, and financial support.",Dropout
2752,0.08373055349540656,0,Low,Continue routine monitoring and reinforce the student's current supports.,Graduate
2753,0.9401307142267099,1,High,"Start proactive outreach within 72 hours and connect the student to academic, advising, and financial support.",Dropout
2754,0.04934904259766708,0,Low,Continue routine monitoring and reinforce the student's current supports.,Graduate
2755,0.8557015515221692,1,High,"Start proactive outreach within 72 hours and connect the student to academic, advising, and financial support.",Dropout
2756,0.23964644523175332,0,Low,Continue routine monitoring and reinforce the student's current supports.,Graduate
2757,0.9920877133274862,1,High,"Start proactive outreach within 72 hours and connect the student to academic, advising, and financial support.",Dropout
2758,0.9396709264044915,1,High,"Start proactive outreach within 72 hours and connect the student to academic, advising, and financial support.",Dropout
2759,0.9253610773683438,1,High,"Start proactive outreach within 72 hours and connect the student to academic, advising, and financial support.",Enrolled
2760,0.06337267200622003,0,Low,Continue routine monitoring and reinforce the student's current supports.,Enrolled
2761,0.5875348631013926,1,Medium,"Schedule a check-in within two weeks and review attendance, coursework, and advising needs.",Dropout
2762,0.09100994077234832,0,Low,Continue routine monitoring and reinforce the student's current supports.,Enrolled
2763,0.32214476710274204,0,Low,Continue routine monitoring and reinforce the student's current supports.,Enrolled
2764,0.1725420051679633,0,Low,Continue routine monitoring and reinforce the student's current supports.,Graduate
2765,0.6718523803132976,1,High,"Start proactive outreach within 72 hours and connect the student to academic, advising, and financial support.",Enrolled
2766,0.04266624878216017,0,Low,Continue routine monitoring and reinforce the student's current supports.,Graduate
2767,0.2686853762617036,0,Low,Continue routine monitoring and reinforce the student's current supports.,Graduate
2768,0.9905155598036198,1,High,"Start proactive outreach within 72 hours and connect the student to academic, advising, and financial support.",Dropout
2769,0.16347621743937268,0,Low,Continue routine monitoring and reinforce the student's current supports.,Graduate
2770,0.8508730030550212,1,High,"Start proactive outreach within 72 hours and connect the student to academic, advising, and financial support.",Dropout
2771,0.06719471325083186,0,Low,Continue routine monitoring and reinforce the student's current supports.,Graduate
2772,0.04407103311466433,0,Low,Continue routine monitoring and reinforce the student's current supports.,Graduate
2773,0.1385187387617342,0,Low,Continue routine monitoring and reinforce the student's current supports.,Enrolled
2774,0.035953583318045323,0,Low,Continue routine monitoring and reinforce the student's current supports.,Graduate
2775,0.15913990425662278,0,Low,Continue routine monitoring and reinforce the student's current supports.,Enrolled
2776,0.0529426054685899,0,Low,Continue routine monitoring and reinforce the student's current supports.,Graduate
2777,0.3543292884360993,0,Medium,"Schedule a check-in within two weeks and review attendance, coursework, and advising needs.",Enrolled
2778,0.17571988590384763,0,Low,Continue routine monitoring and reinforce the student's current supports.,Enrolled
2779,0.038338677912836044,0,Low,Continue routine monitoring and reinforce the student's current supports.,Graduate
2780,0.08661012798972802,0,Low,Continue routine monitoring and reinforce the student's current supports.,Graduate
2781,0.05147502440172716,0,Low,Continue routine monitoring and reinforce the student's current supports.,Graduate
2782,0.998189347762028,1,High,"Start proactive outreach within 72 hours and connect the student to academic, advising, and financial support.",Dropout
2783,0.7820112431412314,1,High,"Start proactive outreach within 72 hours and connect the student to academic, advising, and financial support.",Enrolled
2784,0.06287510692971782,0,Low,Continue routine monitoring and reinforce the student's current supports.,Enrolled
2785,0.06105329529320235,0,Low,Continue routine monitoring and reinforce the student's current supports.,Graduate
2786,0.025556341148837106,0,Low,Continue routine monitoring and reinforce the student's current supports.,Graduate
2787,0.9588757541416233,1,High,"Start proactive outreach within 72 hours and connect the student to academic, advising, and financial support.",Dropout
2788,0.5099666390110987,1,Medium,"Schedule a check-in within two weeks and review attendance, coursework, and advising needs.",Enrolled
2789,0.9988465558658717,1,High,"Start proactive outreach within 72 hours and connect the student to academic, advising, and financial support.",Dropout
2790,0.7819183349918848,1,High,"Start proactive outreach within 72 hours and connect the student to academic, advising, and financial support.",Dropout
2791,0.9725810828137269,1,High,"Start proactive outreach within 72 hours and connect the student to academic, advising, and financial support.",Dropout
2792,0.047289903228881505,0,Low,Continue routine monitoring and reinforce the student's current supports.,Graduate
2793,0.06687643232287664,0,Low,Continue routine monitoring and reinforce the student's current supports.,Graduate
2794,0.8967840194377726,1,High,"Start proactive outreach within 72 hours and connect the student to academic, advising, and financial support.",Graduate
2795,0.9402654426442827,1,High,"Start proactive outreach within 72 hours and connect the student to academic, advising, and financial support.",Enrolled
2796,0.08877514621590453,0,Low,Continue routine monitoring and reinforce the student's current supports.,Graduate
2797,0.997014462428822,1,High,"Start proactive outreach within 72 hours and connect the student to academic, advising, and financial support.",Dropout
2798,0.16255921113934435,0,Low,Continue routine monitoring and reinforce the student's current supports.,Graduate
2799,0.003942875319519449,0,Low,Continue routine monitoring and reinforce the student's current supports.,Graduate
2800,0.9843976919485413,1,High,"Start proactive outreach within 72 hours and connect the student to academic, advising, and financial support.",Dropout
2801,0.09628592058423412,0,Low,Continue routine monitoring and reinforce the student's current supports.,Graduate
2802,0.9852325011286046,1,High,"Start proactive outreach within 72 hours and connect the student to academic, advising, and financial support.",Dropout
2803,0.055706508588619454,0,Low,Continue routine monitoring and reinforce the student's current supports.,Graduate
2804,0.07471504236009327,0,Low,Continue routine monitoring and reinforce the student's current supports.,Graduate
2805,0.026799613757163665,0,Low,Continue routine monitoring and reinforce the student's current supports.,Graduate
2806,0.17317580875071215,0,Low,Continue routine monitoring and reinforce the student's current supports.,Graduate
2807,0.05936877548038586,0,Low,Continue routine monitoring and reinforce the student's current supports.,Graduate
2808,0.17081525969278596,0,Low,Continue routine monitoring and reinforce the student's current supports.,Enrolled
2809,0.05519708929405427,0,Low,Continue routine monitoring and reinforce the student's current supports.,Graduate
2810,0.09263552102398942,0,Low,Continue routine monitoring and reinforce the student's current supports.,Enrolled
2811,0.1103463419980041,0,Low,Continue routine monitoring and reinforce the student's current supports.,Graduate
2812,0.9320757068950954,1,High,"Start proactive outreach within 72 hours and connect the student to academic, advising, and financial support.",Dropout
2813,0.07177124785271645,0,Low,Continue routine monitoring and reinforce the student's current supports.,Graduate
2814,0.2569942617839146,0,Low,Continue routine monitoring and reinforce the student's current supports.,Graduate
2815,0.432320012711187,0,Medium,"Schedule a check-in within two weeks and review attendance, coursework, and advising needs.",Graduate
2816,0.040069432715016555,0,Low,Continue routine monitoring and reinforce the student's current supports.,Graduate
2817,0.014234630472666893,0,Low,Continue routine monitoring and reinforce the student's current supports.,Graduate
2818,0.09155918482476536,0,Low,Continue routine monitoring and reinforce the student's current supports.,Enrolled
2819,0.2689019465632965,0,Low,Continue routine monitoring and reinforce the student's current supports.,Graduate
2820,0.7873371012098596,1,High,"Start proactive outreach within 72 hours and connect the student to academic, advising, and financial support.",Enrolled
2821,0.07607526678760691,0,Low,Continue routine monitoring and reinforce the student's current supports.,Graduate
2822,0.9274084914451765,1,High,"Start proactive outreach within 72 hours and connect the student to academic, advising, and financial support.",Dropout
2823,0.049520192443127636,0,Low,Continue routine monitoring and reinforce the student's current supports.,Graduate
2824,0.18161484768140326,0,Low,Continue routine monitoring and reinforce the student's current supports.,Enrolled
2825,0.27816384419784324,0,Low,Continue routine monitoring and reinforce the student's current supports.,Enrolled
2826,0.3830709029956337,0,Medium,"Schedule a check-in within two weeks and review attendance, coursework, and advising needs.",Dropout
2827,0.0723751200082421,0,Low,Continue routine monitoring and reinforce the student's current supports.,Graduate
2828,0.3781449952828764,0,Medium,"Schedule a check-in within two weeks and review attendance, coursework, and advising needs.",Graduate
2829,0.0463125507229719,0,Low,Continue routine monitoring and reinforce the student's current supports.,Enrolled
2830,0.53566554246782,1,Medium,"Schedule a check-in within two weeks and review attendance, coursework, and advising needs.",Dropout
2831,0.16514915945857364,0,Low,Continue routine monitoring and reinforce the student's current supports.,Graduate
2832,0.27506578008630805,0,Low,Continue routine monitoring and reinforce the student's current supports.,Enrolled
2833,0.4820593315006341,0,Medium,"Schedule a check-in within two weeks and review attendance, coursework, and advising needs.",Enrolled
2834,0.5036352975751469,1,Medium,"Schedule a check-in within two weeks and review attendance, coursework, and advising needs.",Enrolled
2835,0.21586048779525427,0,Low,Continue routine monitoring and reinforce the student's current supports.,Graduate
2836,0.13624937111191274,0,Low,Continue routine monitoring and reinforce the student's current supports.,Graduate
2837,0.9974793936145213,1,High,"Start proactive outreach within 72 hours and connect the student to academic, advising, and financial support.",Dropout
2838,0.24714050716381536,0,Low,Continue routine monitoring and reinforce the student's current supports.,Enrolled
2839,0.997708083007198,1,High,"Start proactive outreach within 72 hours and connect the student to academic, advising, and financial support.",Dropout
2840,0.07180049660028456,0,Low,Continue routine monitoring and reinforce the student's current supports.,Graduate
2841,0.41520563804706,0,Medium,"Schedule a check-in within two weeks and review attendance, coursework, and advising needs.",Enrolled
2842,0.028147434404644674,0,Low,Continue routine monitoring and reinforce the student's current supports.,Graduate
2843,0.09834552211743951,0,Low,Continue routine monitoring and reinforce the student's current supports.,Graduate
2844,0.9969096761739497,1,High,"Start proactive outreach within 72 hours and connect the student to academic, advising, and financial support.",Dropout
2845,0.8145662875126717,1,High,"Start proactive outreach within 72 hours and connect the student to academic, advising, and financial support.",Enrolled
2846,0.0182520153364256,0,Low,Continue routine monitoring and reinforce the student's current supports.,Graduate
2847,0.9438841146840528,1,High,"Start proactive outreach within 72 hours and connect the student to academic, advising, and financial support.",Dropout
2848,0.9967179912393216,1,High,"Start proactive outreach within 72 hours and connect the student to academic, advising, and financial support.",Dropout
2849,0.7321166241453106,1,High,"Start proactive outreach within 72 hours and connect the student to academic, advising, and financial support.",Dropout
2850,0.1139072231329536,0,Low,Continue routine monitoring and reinforce the student's current supports.,Graduate
2851,0.9984406871825239,1,High,"Start proactive outreach within 72 hours and connect the student to academic, advising, and financial support.",Dropout
2852,0.1230547794162942,0,Low,Continue routine monitoring and reinforce the student's current supports.,Graduate
2853,0.004606622952466669,0,Low,Continue routine monitoring and reinforce the student's current supports.,Graduate
2854,0.1779198741862471,0,Low,Continue routine monitoring and reinforce the student's current supports.,Graduate
2855,0.9873510010634128,1,High,"Start proactive outreach within 72 hours and connect the student to academic, advising, and financial support.",Dropout
2856,0.08704139854583356,0,Low,Continue routine monitoring and reinforce the student's current supports.,Dropout
2857,0.09922494856291825,0,Low,Continue routine monitoring and reinforce the student's current supports.,Graduate
2858,0.39144593841085235,0,Medium,"Schedule a check-in within two weeks and review attendance, coursework, and advising needs.",Dropout
2859,0.2505079398691384,0,Low,Continue routine monitoring and reinforce the student's current supports.,Graduate
2860,0.43070390276531884,0,Medium,"Schedule a check-in within two weeks and review attendance, coursework, and advising needs.",Enrolled
2861,0.2918926370656521,0,Low,Continue routine monitoring and reinforce the student's current supports.,Graduate
2862,0.020680672845658138,0,Low,Continue routine monitoring and reinforce the student's current supports.,Graduate
2863,0.10305054647296384,0,Low,Continue routine monitoring and reinforce the student's current supports.,Graduate
2864,0.18605044946382968,0,Low,Continue routine monitoring and reinforce the student's current supports.,Graduate
2865,0.1316565482685511,0,Low,Continue routine monitoring and reinforce the student's current supports.,Dropout
2866,0.09057006933413105,0,Low,Continue routine monitoring and reinforce the student's current supports.,Graduate
2867,0.9839257792443179,1,High,"Start proactive outreach within 72 hours and connect the student to academic, advising, and financial support.",Dropout
2868,0.6500555877167028,1,Medium,"Schedule a check-in within two weeks and review attendance, coursework, and advising needs.",Graduate
2869,0.13580180483664403,0,Low,Continue routine monitoring and reinforce the student's current supports.,Enrolled
2870,0.28674605983091533,0,Low,Continue routine monitoring and reinforce the student's current supports.,Graduate
2871,0.010703043303037658,0,Low,Continue routine monitoring and reinforce the student's current supports.,Graduate
2872,0.9793873969187112,1,High,"Start proactive outreach within 72 hours and connect the student to academic, advising, and financial support.",Dropout
2873,0.07269800294431597,0,Low,Continue routine monitoring and reinforce the student's current supports.,Enrolled
2874,0.5050254747502282,1,Medium,"Schedule a check-in within two weeks and review attendance, coursework, and advising needs.",Graduate
2875,0.997484666637724,1,High,"Start proactive outreach within 72 hours and connect the student to academic, advising, and financial support.",Dropout
2876,0.20074103130376325,0,Low,Continue routine monitoring and reinforce the student's current supports.,Enrolled
2877,0.9984838875725366,1,High,"Start proactive outreach within 72 hours and connect the student to academic, advising, and financial support.",Dropout
2878,0.40234111273226236,0,Medium,"Schedule a check-in within two weeks and review attendance, coursework, and advising needs.",Enrolled
2879,0.6790134822557125,1,High,"Start proactive outreach within 72 hours and connect the student to academic, advising, and financial support.",Dropout
2880,0.4531533696677202,0,Medium,"Schedule a check-in within two weeks and review attendance, coursework, and advising needs.",Dropout
2881,0.15904028779215157,0,Low,Continue routine monitoring and reinforce the student's current supports.,Graduate
2882,0.08240200630794015,0,Low,Continue routine monitoring and reinforce the student's current supports.,Enrolled
2883,0.8647967319637171,1,High,"Start proactive outreach within 72 hours and connect the student to academic, advising, and financial support.",Dropout
2884,0.04554953567798249,0,Low,Continue routine monitoring and reinforce the student's current supports.,Graduate
2885,0.06274744742132535,0,Low,Continue routine monitoring and reinforce the student's current supports.,Graduate
2886,0.28747286188747684,0,Low,Continue routine monitoring and reinforce the student's current supports.,Graduate
2887,0.17438566905564049,0,Low,Continue routine monitoring and reinforce the student's current supports.,Graduate
2888,0.11381743519487572,0,Low,Continue routine monitoring and reinforce the student's current supports.,Graduate
2889,0.060901992412299995,0,Low,Continue routine monitoring and reinforce the student's current supports.,Graduate
2890,0.0622377116318825,0,Low,Continue routine monitoring and reinforce the student's current supports.,Graduate
2891,0.3288517326664902,0,Low,Continue routine monitoring and reinforce the student's current supports.,Graduate
2892,0.9799961570520318,1,High,"Start proactive outreach within 72 hours and connect the student to academic, advising, and financial support.",Dropout
2893,0.04388727273922976,0,Low,Continue routine monitoring and reinforce the student's current supports.,Graduate
2894,0.6696317227187619,1,High,"Start proactive outreach within 72 hours and connect the student to academic, advising, and financial support.",Dropout
2895,0.35647700719179937,0,Medium,"Schedule a check-in within two weeks and review attendance, coursework, and advising needs.",Graduate
2896,0.04739730756625164,0,Low,Continue routine monitoring and reinforce the student's current supports.,Graduate
2897,0.27356111043132847,0,Low,Continue routine monitoring and reinforce the student's current supports.,Enrolled
2898,0.018342049274957903,0,Low,Continue routine monitoring and reinforce the student's current supports.,Graduate
2899,0.13702534499739358,0,Low,Continue routine monitoring and reinforce the student's current supports.,Graduate
2900,0.42229757923308037,0,Medium,"Schedule a check-in within two weeks and review attendance, coursework, and advising needs.",Graduate
2901,0.08684098321355627,0,Low,Continue routine monitoring and reinforce the student's current supports.,Enrolled
2902,0.9316272316609759,1,High,"Start proactive outreach within 72 hours and connect the student to academic, advising, and financial support.",Dropout
2903,0.02324606669311248,0,Low,Continue routine monitoring and reinforce the student's current supports.,Graduate
2904,0.03035857574913292,0,Low,Continue routine monitoring and reinforce the student's current supports.,Graduate
2905,0.5879474907824789,1,Medium,"Schedule a check-in within two weeks and review attendance, coursework, and advising needs.",Dropout
2906,0.1445668750200216,0,Low,Continue routine monitoring and reinforce the student's current supports.,Graduate
2907,0.025534776829523296,0,Low,Continue routine monitoring and reinforce the student's current supports.,Graduate
2908,0.03272505812594774,0,Low,Continue routine monitoring and reinforce the student's current supports.,Graduate
2909,0.100651717493983,0,Low,Continue routine monitoring and reinforce the student's current supports.,Graduate
2910,0.8096644952545801,1,High,"Start proactive outreach within 72 hours and connect the student to academic, advising, and financial support.",Dropout
2911,0.9893804104283266,1,High,"Start proactive outreach within 72 hours and connect the student to academic, advising, and financial support.",Dropout
2912,0.03590660413641711,0,Low,Continue routine monitoring and reinforce the student's current supports.,Graduate
2913,0.9635334787766826,1,High,"Start proactive outreach within 72 hours and connect the student to academic, advising, and financial support.",Dropout
2914,0.05765711451499419,0,Low,Continue routine monitoring and reinforce the student's current supports.,Graduate
2915,0.9760124348485398,1,High,"Start proactive outreach within 72 hours and connect the student to academic, advising, and financial support.",Dropout
2916,0.10488910916073765,0,Low,Continue routine monitoring and reinforce the student's current supports.,Enrolled
2917,0.10075833285785035,0,Low,Continue routine monitoring and reinforce the student's current supports.,Graduate
2918,0.09298369179515298,0,Low,Continue routine monitoring and reinforce the student's current supports.,Graduate
2919,0.5951538510324422,1,Medium,"Schedule a check-in within two weeks and review attendance, coursework, and advising needs.",Dropout
2920,0.9951882613171878,1,High,"Start proactive outreach within 72 hours and connect the student to academic, advising, and financial support.",Dropout
2921,0.28624832830829694,0,Low,Continue routine monitoring and reinforce the student's current supports.,Graduate
2922,0.8300946945092176,1,High,"Start proactive outreach within 72 hours and connect the student to academic, advising, and financial support.",Enrolled
2923,0.2966989313622745,0,Low,Continue routine monitoring and reinforce the student's current supports.,Dropout
2924,0.99591897848402,1,High,"Start proactive outreach within 72 hours and connect the student to academic, advising, and financial support.",Dropout
2925,0.018105400861427905,0,Low,Continue routine monitoring and reinforce the student's current supports.,Graduate
2926,0.10428652008773429,0,Low,Continue routine monitoring and reinforce the student's current supports.,Graduate
2927,0.03311709236770776,0,Low,Continue routine monitoring and reinforce the student's current supports.,Graduate
2928,0.050165415877451304,0,Low,Continue routine monitoring and reinforce the student's current supports.,Graduate
2929,0.3549052174951675,0,Medium,"Schedule a check-in within two weeks and review attendance, coursework, and advising needs.",Dropout
2930,0.8564935223607709,1,High,"Start proactive outreach within 72 hours and connect the student to academic, advising, and financial support.",Enrolled
2931,0.9895033364302178,1,High,"Start proactive outreach within 72 hours and connect the student to academic, advising, and financial support.",Dropout
2932,0.9906928240190843,1,High,"Start proactive outreach within 72 hours and connect the student to academic, advising, and financial support.",Dropout
2933,0.9769635687196155,1,High,"Start proactive outreach within 72 hours and connect the student to academic, advising, and financial support.",Dropout
2934,0.08413601311590138,0,Low,Continue routine monitoring and reinforce the student's current supports.,Graduate
2935,0.9911534558901258,1,High,"Start proactive outreach within 72 hours and connect the student to academic, advising, and financial support.",Dropout
2936,0.9501922259382342,1,High,"Start proactive outreach within 72 hours and connect the student to academic, advising, and financial support.",Dropout
2937,0.9276019689992716,1,High,"Start proactive outreach within 72 hours and connect the student to academic, advising, and financial support.",Dropout
2938,0.9993975491337312,1,High,"Start proactive outreach within 72 hours and connect the student to academic, advising, and financial support.",Dropout
2939,0.2046874152275545,0,Low,Continue routine monitoring and reinforce the student's current supports.,Enrolled
2940,0.9279141993061185,1,High,"Start proactive outreach within 72 hours and connect the student to academic, advising, and financial support.",Dropout
2941,0.049148291692699304,0,Low,Continue routine monitoring and reinforce the student's current supports.,Graduate
2942,0.035388286670880495,0,Low,Continue routine monitoring and reinforce the student's current supports.,Enrolled
2943,0.020540365135987067,0,Low,Continue routine monitoring and reinforce the student's current supports.,Graduate
2944,0.22115645269210052,0,Low,Continue routine monitoring and reinforce the student's current supports.,Graduate
2945,0.014640465533448114,0,Low,Continue routine monitoring and reinforce the student's current supports.,Graduate
2946,0.8646439930073163,1,High,"Start proactive outreach within 72 hours and connect the student to academic, advising, and financial support.",Dropout
2947,0.9783683884664277,1,High,"Start proactive outreach within 72 hours and connect the student to academic, advising, and financial support.",Dropout
2948,0.04969051392239365,0,Low,Continue routine monitoring and reinforce the student's current supports.,Graduate
2949,0.11377520144081797,0,Low,Continue routine monitoring and reinforce the student's current supports.,Graduate
2950,0.7594203314542011,1,High,"Start proactive outreach within 72 hours and connect the student to academic, advising, and financial support.",Dropout
2951,0.03779507740692346,0,Low,Continue routine monitoring and reinforce the student's current supports.,Graduate
2952,0.039422228759371056,0,Low,Continue routine monitoring and reinforce the student's current supports.,Graduate
2953,0.43755041640096315,0,Medium,"Schedule a check-in within two weeks and review attendance, coursework, and advising needs.",Enrolled
2954,0.8053564086249123,1,High,"Start proactive outreach within 72 hours and connect the student to academic, advising, and financial support.",Dropout
2955,0.08624268521149016,0,Low,Continue routine monitoring and reinforce the student's current supports.,Graduate
2956,0.3599456417280989,0,Medium,"Schedule a check-in within two weeks and review attendance, coursework, and advising needs.",Graduate
2957,0.9715644749123489,1,High,"Start proactive outreach within 72 hours and connect the student to academic, advising, and financial support.",Dropout
2958,0.17285305963276953,0,Low,Continue routine monitoring and reinforce the student's current supports.,Graduate
2959,0.9272652047689934,1,High,"Start proactive outreach within 72 hours and connect the student to academic, advising, and financial support.",Dropout
2960,0.21491012922240388,0,Low,Continue routine monitoring and reinforce the student's current supports.,Graduate
2961,0.089041674902885,0,Low,Continue routine monitoring and reinforce the student's current supports.,Graduate
2962,0.05317384962440349,0,Low,Continue routine monitoring and reinforce the student's current supports.,Graduate
2963,0.8806546416240918,1,High,"Start proactive outreach within 72 hours and connect the student to academic, advising, and financial support.",Dropout
2964,0.20199835568243243,0,Low,Continue routine monitoring and reinforce the student's current supports.,Graduate
2965,0.09533071180891395,0,Low,Continue routine monitoring and reinforce the student's current supports.,Dropout
2966,0.1392096012991476,0,Low,Continue routine monitoring and reinforce the student's current supports.,Graduate
2967,0.047354392412336584,0,Low,Continue routine monitoring and reinforce the student's current supports.,Graduate
2968,0.9239154839660987,1,High,"Start proactive outreach within 72 hours and connect the student to academic, advising, and financial support.",Enrolled
2969,0.3130145366351619,0,Low,Continue routine monitoring and reinforce the student's current supports.,Graduate
2970,0.20068026747046405,0,Low,Continue routine monitoring and reinforce the student's current supports.,Graduate
2971,0.1987362145992615,0,Low,Continue routine monitoring and reinforce the student's current supports.,Graduate
2972,0.7509065853955018,1,High,"Start proactive outreach within 72 hours and connect the student to academic, advising, and financial support.",Dropout
2973,0.09102372250513248,0,Low,Continue routine monitoring and reinforce the student's current supports.,Enrolled
2974,0.3855930766083197,0,Medium,"Schedule a check-in within two weeks and review attendance, coursework, and advising needs.",Graduate
2975,0.5374554959212997,1,Medium,"Schedule a check-in within two weeks and review attendance, coursework, and advising needs.",Dropout
2976,0.1040920518507837,0,Low,Continue routine monitoring and reinforce the student's current supports.,Graduate
2977,0.06464559597999507,0,Low,Continue routine monitoring and reinforce the student's current supports.,Graduate
2978,0.4326925014630443,0,Medium,"Schedule a check-in within two weeks and review attendance, coursework, and advising needs.",Dropout
2979,0.13852056006044403,0,Low,Continue routine monitoring and reinforce the student's current supports.,Graduate
2980,0.7488363794258661,1,High,"Start proactive outreach within 72 hours and connect the student to academic, advising, and financial support.",Dropout
2981,0.7817856893351408,1,High,"Start proactive outreach within 72 hours and connect the student to academic, advising, and financial support.",Graduate
2982,0.030505344063503408,0,Low,Continue routine monitoring and reinforce the student's current supports.,Graduate
2983,0.03988709051629058,0,Low,Continue routine monitoring and reinforce the student's current supports.,Graduate
2984,0.8637936089471627,1,High,"Start proactive outreach within 72 hours and connect the student to academic, advising, and financial support.",Graduate
2985,0.09586086765888006,0,Low,Continue routine monitoring and reinforce the student's current supports.,Graduate
2986,0.14045261766444153,0,Low,Continue routine monitoring and reinforce the student's current supports.,Graduate
2987,0.624497562621351,1,Medium,"Schedule a check-in within two weeks and review attendance, coursework, and advising needs.",Enrolled
2988,0.4095785458746195,0,Medium,"Schedule a check-in within two weeks and review attendance, coursework, and advising needs.",Graduate
2989,0.13741888115064818,0,Low,Continue routine monitoring and reinforce the student's current supports.,Graduate
2990,0.1809280484364016,0,Low,Continue routine monitoring and reinforce the student's current supports.,Enrolled
2991,0.38143986018776443,0,Medium,"Schedule a check-in within two weeks and review attendance, coursework, and advising needs.",Graduate
2992,0.08159060836558475,0,Low,Continue routine monitoring and reinforce the student's current supports.,Graduate
2993,0.9804267092832846,1,High,"Start proactive outreach within 72 hours and connect the student to academic, advising, and financial support.",Dropout
2994,0.02669882164541391,0,Low,Continue routine monitoring and reinforce the student's current supports.,Graduate
2995,0.13074978564207673,0,Low,Continue routine monitoring and reinforce the student's current supports.,Graduate
2996,0.0566541578763898,0,Low,Continue routine monitoring and reinforce the student's current supports.,Graduate
2997,0.2660839492460289,0,Low,Continue routine monitoring and reinforce the student's current supports.,Graduate
2998,0.16683788663815782,0,Low,Continue routine monitoring and reinforce the student's current supports.,Enrolled
2999,0.1653734129573848,0,Low,Continue routine monitoring and reinforce the student's current supports.,Graduate
3000,0.9920233692738015,1,High,"Start proactive outreach within 72 hours and connect the student to academic, advising, and financial support.",Dropout
3001,0.06244211408952081,0,Low,Continue routine monitoring and reinforce the student's current supports.,Enrolled
3002,0.034116581014629103,0,Low,Continue routine monitoring and reinforce the student's current supports.,Graduate
3003,0.23075636121571338,0,Low,Continue routine monitoring and reinforce the student's current supports.,Dropout
3004,0.08349217954676892,0,Low,Continue routine monitoring and reinforce the student's current supports.,Dropout
3005,0.22778035865905402,0,Low,Continue routine monitoring and reinforce the student's current supports.,Graduate
3006,0.02714055021735904,0,Low,Continue routine monitoring and reinforce the student's current supports.,Graduate
3007,0.10766437488377197,0,Low,Continue routine monitoring and reinforce the student's current supports.,Graduate
3008,0.24043385428329067,0,Low,Continue routine monitoring and reinforce the student's current supports.,Enrolled
3009,0.6849629962928987,1,High,"Start proactive outreach within 72 hours and connect the student to academic, advising, and financial support.",Dropout
3010,0.020462595293459774,0,Low,Continue routine monitoring and reinforce the student's current supports.,Graduate
3011,0.1727400787988976,0,Low,Continue routine monitoring and reinforce the student's current supports.,Graduate
3012,0.13376009591022087,0,Low,Continue routine monitoring and reinforce the student's current supports.,Dropout
3013,0.15487461416780499,0,Low,Continue routine monitoring and reinforce the student's current supports.,Graduate
3014,0.05821840874233107,0,Low,Continue routine monitoring and reinforce the student's current supports.,Graduate
3015,0.990155518632616,1,High,"Start proactive outreach within 72 hours and connect the student to academic, advising, and financial support.",Dropout
3016,0.039161267095250744,0,Low,Continue routine monitoring and reinforce the student's current supports.,Graduate
3017,0.016970622559100958,0,Low,Continue routine monitoring and reinforce the student's current supports.,Graduate
3018,0.01610130133607655,0,Low,Continue routine monitoring and reinforce the student's current supports.,Graduate
3019,0.06623046353621763,0,Low,Continue routine monitoring and reinforce the student's current supports.,Graduate
3020,0.16484106145574462,0,Low,Continue routine monitoring and reinforce the student's current supports.,Graduate
3021,0.22423170966356998,0,Low,Continue routine monitoring and reinforce the student's current supports.,Graduate
3022,0.03463254612153663,0,Low,Continue routine monitoring and reinforce the student's current supports.,Graduate
3023,0.7031977110684994,1,High,"Start proactive outreach within 72 hours and connect the student to academic, advising, and financial support.",Dropout
3024,0.41304430820465143,0,Medium,"Schedule a check-in within two weeks and review attendance, coursework, and advising needs.",Graduate
3025,0.23617545831335665,0,Low,Continue routine monitoring and reinforce the student's current supports.,Graduate
3026,0.099182108170532,0,Low,Continue routine monitoring and reinforce the student's current supports.,Graduate
3027,0.14024601286430952,0,Low,Continue routine monitoring and reinforce the student's current supports.,Enrolled
3028,0.6876279738372636,1,High,"Start proactive outreach within 72 hours and connect the student to academic, advising, and financial support.",Dropout
3029,0.012918403087038618,0,Low,Continue routine monitoring and reinforce the student's current supports.,Graduate
3030,0.3347446005042423,0,Medium,"Schedule a check-in within two weeks and review attendance, coursework, and advising needs.",Graduate
3031,0.563838166016195,1,Medium,"Schedule a check-in within two weeks and review attendance, coursework, and advising needs.",Dropout
3032,0.050449316903628985,0,Low,Continue routine monitoring and reinforce the student's current supports.,Graduate
3033,0.04127633176839738,0,Low,Continue routine monitoring and reinforce the student's current supports.,Graduate
3034,0.07223822908579292,0,Low,Continue routine monitoring and reinforce the student's current supports.,Graduate
3035,0.04010677477294235,0,Low,Continue routine monitoring and reinforce the student's current supports.,Graduate
3036,0.17094262054010761,0,Low,Continue routine monitoring and reinforce the student's current supports.,Graduate
3037,0.997310567339545,1,High,"Start proactive outreach within 72 hours and connect the student to academic, advising, and financial support.",Dropout
3038,0.03910838594999928,0,Low,Continue routine monitoring and reinforce the student's current supports.,Graduate
3039,0.0966835950666088,0,Low,Continue routine monitoring and reinforce the student's current supports.,Graduate
3040,0.9519814486688157,1,High,"Start proactive outreach within 72 hours and connect the student to academic, advising, and financial support.",Dropout
3041,0.10785875543774348,0,Low,Continue routine monitoring and reinforce the student's current supports.,Dropout
3042,0.14964875888557183,0,Low,Continue routine monitoring and reinforce the student's current supports.,Enrolled
3043,0.6880948247791494,1,High,"Start proactive outreach within 72 hours and connect the student to academic, advising, and financial support.",Graduate
3044,0.036397109432581835,0,Low,Continue routine monitoring and reinforce the student's current supports.,Graduate
3045,0.05715677052285919,0,Low,Continue routine monitoring and reinforce the student's current supports.,Graduate
3046,0.6695135218033349,1,High,"Start proactive outreach within 72 hours and connect the student to academic, advising, and financial support.",Graduate
3047,0.10539788116240893,0,Low,Continue routine monitoring and reinforce the student's current supports.,Enrolled
3048,0.6478297933633383,1,Medium,"Schedule a check-in within two weeks and review attendance, coursework, and advising needs.",Dropout
3049,0.036703737316762686,0,Low,Continue routine monitoring and reinforce the student's current supports.,Graduate
3050,0.10441708014206756,0,Low,Continue routine monitoring and reinforce the student's current supports.,Graduate
3051,0.4265342400608627,0,Medium,"Schedule a check-in within two weeks and review attendance, coursework, and advising needs.",Dropout
3052,0.42742515035635464,0,Medium,"Schedule a check-in within two weeks and review attendance, coursework, and advising needs.",Enrolled
3053,0.07978458596018934,0,Low,Continue routine monitoring and reinforce the student's current supports.,Graduate
3054,0.39670628426307264,0,Medium,"Schedule a check-in within two weeks and review attendance, coursework, and advising needs.",Dropout
3055,0.019809067552102516,0,Low,Continue routine monitoring and reinforce the student's current supports.,Graduate
3056,0.8915775550542916,1,High,"Start proactive outreach within 72 hours and connect the student to academic, advising, and financial support.",Dropout
3057,0.028088961966088753,0,Low,Continue routine monitoring and reinforce the student's current supports.,Graduate
3058,0.9903715621380451,1,High,"Start proactive outreach within 72 hours and connect the student to academic, advising, and financial support.",Dropout
3059,0.18872555943224678,0,Low,Continue routine monitoring and reinforce the student's current supports.,Graduate
3060,0.04291663577288921,0,Low,Continue routine monitoring and reinforce the student's current supports.,Graduate
3061,0.055283663311372855,0,Low,Continue routine monitoring and reinforce the student's current supports.,Enrolled
3062,0.985906892336974,1,High,"Start proactive outreach within 72 hours and connect the student to academic, advising, and financial support.",Dropout
3063,0.39379087190631584,0,Medium,"Schedule a check-in within two weeks and review attendance, coursework, and advising needs.",Dropout
3064,0.25056735849144285,0,Low,Continue routine monitoring and reinforce the student's current supports.,Graduate
3065,0.07187250523476305,0,Low,Continue routine monitoring and reinforce the student's current supports.,Graduate
3066,0.9891475222587705,1,High,"Start proactive outreach within 72 hours and connect the student to academic, advising, and financial support.",Dropout
3067,0.20856410408509904,0,Low,Continue routine monitoring and reinforce the student's current supports.,Graduate
3068,0.07442026502210694,0,Low,Continue routine monitoring and reinforce the student's current supports.,Enrolled
3069,0.2753846822499502,0,Low,Continue routine monitoring and reinforce the student's current supports.,Graduate
3070,0.9865538177905047,1,High,"Start proactive outreach within 72 hours and connect the student to academic, advising, and financial support.",Dropout
3071,0.19625608875730546,0,Low,Continue routine monitoring and reinforce the student's current supports.,Enrolled
3072,0.9959132566237938,1,High,"Start proactive outreach within 72 hours and connect the student to academic, advising, and financial support.",Dropout
3073,0.7913075230122131,1,High,"Start proactive outreach within 72 hours and connect the student to academic, advising, and financial support.",Dropout
3074,0.3594304519717539,0,Medium,"Schedule a check-in within two weeks and review attendance, coursework, and advising needs.",Enrolled
3075,0.9926932017868649,1,High,"Start proactive outreach within 72 hours and connect the student to academic, advising, and financial support.",Dropout
3076,0.16192552664381196,0,Low,Continue routine monitoring and reinforce the student's current supports.,Enrolled
3077,0.6349715978019317,1,Medium,"Schedule a check-in within two weeks and review attendance, coursework, and advising needs.",Dropout
3078,0.9954097046824638,1,High,"Start proactive outreach within 72 hours and connect the student to academic, advising, and financial support.",Enrolled
3079,0.19911704975912964,0,Low,Continue routine monitoring and reinforce the student's current supports.,Graduate
3080,0.7249601071316752,1,High,"Start proactive outreach within 72 hours and connect the student to academic, advising, and financial support.",Dropout
3081,0.17260385207071918,0,Low,Continue routine monitoring and reinforce the student's current supports.,Graduate
3082,0.0627924746087104,0,Low,Continue routine monitoring and reinforce the student's current supports.,Graduate
3083,0.024350032586782623,0,Low,Continue routine monitoring and reinforce the student's current supports.,Graduate
3084,0.9994216128421347,1,High,"Start proactive outreach within 72 hours and connect the student to academic, advising, and financial support.",Dropout
3085,0.15723248825944508,0,Low,Continue routine monitoring and reinforce the student's current supports.,Graduate
3086,0.43888913145736586,0,Medium,"Schedule a check-in within two weeks and review attendance, coursework, and advising needs.",Enrolled
3087,0.027199759653864907,0,Low,Continue routine monitoring and reinforce the student's current supports.,Graduate
3088,0.22409788822745222,0,Low,Continue routine monitoring and reinforce the student's current supports.,Graduate
3089,0.1119085995780824,0,Low,Continue routine monitoring and reinforce the student's current supports.,Graduate
3090,0.9823823641355928,1,High,"Start proactive outreach within 72 hours and connect the student to academic, advising, and financial support.",Dropout
3091,0.10430281733789432,0,Low,Continue routine monitoring and reinforce the student's current supports.,Graduate
3092,0.24520630583008463,0,Low,Continue routine monitoring and reinforce the student's current supports.,Enrolled
3093,0.016552680839518916,0,Low,Continue routine monitoring and reinforce the student's current supports.,Graduate
3094,0.0478551775162525,0,Low,Continue routine monitoring and reinforce the student's current supports.,Graduate
3095,0.9687136752347747,1,High,"Start proactive outreach within 72 hours and connect the student to academic, advising, and financial support.",Dropout
3096,0.02439375093471561,0,Low,Continue routine monitoring and reinforce the student's current supports.,Graduate
3097,0.04144049575067331,0,Low,Continue routine monitoring and reinforce the student's current supports.,Graduate
3098,0.974184222224646,1,High,"Start proactive outreach within 72 hours and connect the student to academic, advising, and financial support.",Dropout
3099,0.045475649578534304,0,Low,Continue routine monitoring and reinforce the student's current supports.,Enrolled
3100,0.8799154177144443,1,High,"Start proactive outreach within 72 hours and connect the student to academic, advising, and financial support.",Dropout
3101,0.03601982390143223,0,Low,Continue routine monitoring and reinforce the student's current supports.,Graduate
3102,0.08150364385224146,0,Low,Continue routine monitoring and reinforce the student's current supports.,Graduate
3103,0.9646692781270985,1,High,"Start proactive outreach within 72 hours and connect the student to academic, advising, and financial support.",Dropout
3104,0.9732477112230437,1,High,"Start proactive outreach within 72 hours and connect the student to academic, advising, and financial support.",Dropout
3105,0.06348381399120707,0,Low,Continue routine monitoring and reinforce the student's current supports.,Graduate
3106,0.06851453604562652,0,Low,Continue routine monitoring and reinforce the student's current supports.,Dropout
3107,0.014380894713499522,0,Low,Continue routine monitoring and reinforce the student's current supports.,Graduate
3108,0.025040981741811314,0,Low,Continue routine monitoring and reinforce the student's current supports.,Graduate
3109,0.18237773695409593,0,Low,Continue routine monitoring and reinforce the student's current supports.,Enrolled
3110,0.07852568461525296,0,Low,Continue routine monitoring and reinforce the student's current supports.,Graduate
3111,0.5819639350765367,1,Medium,"Schedule a check-in within two weeks and review attendance, coursework, and advising needs.",Dropout
3112,0.0641167439602863,0,Low,Continue routine monitoring and reinforce the student's current supports.,Graduate
3113,0.3018827907776571,0,Low,Continue routine monitoring and reinforce the student's current supports.,Dropout
3114,0.1981728904946375,0,Low,Continue routine monitoring and reinforce the student's current supports.,Enrolled
3115,0.0640971409756748,0,Low,Continue routine monitoring and reinforce the student's current supports.,Graduate
3116,0.012056565483220755,0,Low,Continue routine monitoring and reinforce the student's current supports.,Graduate
3117,0.9996738278415306,1,High,"Start proactive outreach within 72 hours and connect the student to academic, advising, and financial support.",Dropout
3118,0.1319366351621682,0,Low,Continue routine monitoring and reinforce the student's current supports.,Graduate
3119,0.2430872637436838,0,Low,Continue routine monitoring and reinforce the student's current supports.,Graduate
3120,0.359534707244147,0,Medium,"Schedule a check-in within two weeks and review attendance, coursework, and advising needs.",Enrolled
3121,0.8381769651499457,1,High,"Start proactive outreach within 72 hours and connect the student to academic, advising, and financial support.",Dropout
3122,0.048520292726082145,0,Low,Continue routine monitoring and reinforce the student's current supports.,Graduate
3123,0.20639651601838624,0,Low,Continue routine monitoring and reinforce the student's current supports.,Enrolled
3124,0.07008500928155603,0,Low,Continue routine monitoring and reinforce the student's current supports.,Graduate
3125,0.05629158181017642,0,Low,Continue routine monitoring and reinforce the student's current supports.,Graduate
3126,0.22567674752781045,0,Low,Continue routine monitoring and reinforce the student's current supports.,Graduate
3127,0.25545408846529716,0,Low,Continue routine monitoring and reinforce the student's current supports.,Enrolled
3128,0.06891731496201634,0,Low,Continue routine monitoring and reinforce the student's current supports.,Graduate
3129,0.19853342582097322,0,Low,Continue routine monitoring and reinforce the student's current supports.,Graduate
3130,0.05909157390305538,0,Low,Continue routine monitoring and reinforce the student's current supports.,Graduate
3131,0.12088962795102119,0,Low,Continue routine monitoring and reinforce the student's current supports.,Graduate
3132,0.036995542412191516,0,Low,Continue routine monitoring and reinforce the student's current supports.,Graduate
3133,0.3322721252094737,0,Medium,"Schedule a check-in within two weeks and review attendance, coursework, and advising needs.",Graduate
3134,0.1317792541906719,0,Low,Continue routine monitoring and reinforce the student's current supports.,Enrolled
3135,0.2184920288248806,0,Low,Continue routine monitoring and reinforce the student's current supports.,Enrolled
3136,0.6477775538491684,1,Medium,"Schedule a check-in within two weeks and review attendance, coursework, and advising needs.",Graduate
3137,0.1316558485439724,0,Low,Continue routine monitoring and reinforce the student's current supports.,Graduate
3138,0.20620659697644672,0,Low,Continue routine monitoring and reinforce the student's current supports.,Graduate
3139,0.10506301229195497,0,Low,Continue routine monitoring and reinforce the student's current supports.,Graduate
3140,0.20511709365323963,0,Low,Continue routine monitoring and reinforce the student's current supports.,Enrolled
3141,0.06393164912344552,0,Low,Continue routine monitoring and reinforce the student's current supports.,Graduate
3142,0.15460236284095255,0,Low,Continue routine monitoring and reinforce the student's current supports.,Graduate
3143,0.9370876387308786,1,High,"Start proactive outreach within 72 hours and connect the student to academic, advising, and financial support.",Dropout
3144,0.07590884949680922,0,Low,Continue routine monitoring and reinforce the student's current supports.,Graduate
3145,0.048799782421116454,0,Low,Continue routine monitoring and reinforce the student's current supports.,Graduate
3146,0.1730050456078564,0,Low,Continue routine monitoring and reinforce the student's current supports.,Graduate
3147,0.02326748599198003,0,Low,Continue routine monitoring and reinforce the student's current supports.,Graduate
3148,0.18303661175068972,0,Low,Continue routine monitoring and reinforce the student's current supports.,Enrolled
3149,0.2982879890424141,0,Low,Continue routine monitoring and reinforce the student's current supports.,Enrolled
3150,0.2310435262267997,0,Low,Continue routine monitoring and reinforce the student's current supports.,Graduate
3151,0.7210457816249807,1,High,"Start proactive outreach within 72 hours and connect the student to academic, advising, and financial support.",Enrolled
3152,0.953440959705145,1,High,"Start proactive outreach within 72 hours and connect the student to academic, advising, and financial support.",Dropout
3153,0.08002207670644998,0,Low,Continue routine monitoring and reinforce the student's current supports.,Graduate
3154,0.008182010476780674,0,Low,Continue routine monitoring and reinforce the student's current supports.,Graduate
3155,0.1856318920223059,0,Low,Continue routine monitoring and reinforce the student's current supports.,Enrolled
3156,0.34682737867533403,0,Medium,"Schedule a check-in within two weeks and review attendance, coursework, and advising needs.",Enrolled
3157,0.43920323080107965,0,Medium,"Schedule a check-in within two weeks and review attendance, coursework, and advising needs.",Graduate
3158,0.3032054679410466,0,Low,Continue routine monitoring and reinforce the student's current supports.,Dropout
3159,0.4620934077629361,0,Medium,"Schedule a check-in within two weeks and review attendance, coursework, and advising needs.",Enrolled
3160,0.5564995607567256,1,Medium,"Schedule a check-in within two weeks and review attendance, coursework, and advising needs.",Enrolled
3161,0.44000139875407746,0,Medium,"Schedule a check-in within two weeks and review attendance, coursework, and advising needs.",Graduate
3162,0.17265890658866834,0,Low,Continue routine monitoring and reinforce the student's current supports.,Graduate
3163,0.06969876477264068,0,Low,Continue routine monitoring and reinforce the student's current supports.,Graduate
3164,0.02828302253697857,0,Low,Continue routine monitoring and reinforce the student's current supports.,Graduate
3165,0.061351258379048805,0,Low,Continue routine monitoring and reinforce the student's current supports.,Graduate
3166,0.0574762431892863,0,Low,Continue routine monitoring and reinforce the student's current supports.,Graduate
3167,0.9789173277487424,1,High,"Start proactive outreach within 72 hours and connect the student to academic, advising, and financial support.",Dropout
3168,0.511468175793626,1,Medium,"Schedule a check-in within two weeks and review attendance, coursework, and advising needs.",Dropout
3169,0.3957515247581331,0,Medium,"Schedule a check-in within two weeks and review attendance, coursework, and advising needs.",Dropout
3170,0.4992472509037529,0,Medium,"Schedule a check-in within two weeks and review attendance, coursework, and advising needs.",Graduate
3171,0.11147246261121518,0,Low,Continue routine monitoring and reinforce the student's current supports.,Graduate
3172,0.9461552012127926,1,High,"Start proactive outreach within 72 hours and connect the student to academic, advising, and financial support.",Dropout
3173,0.8348131108561777,1,High,"Start proactive outreach within 72 hours and connect the student to academic, advising, and financial support.",Dropout
3174,0.09132371639351175,0,Low,Continue routine monitoring and reinforce the student's current supports.,Graduate
3175,0.09252593743091296,0,Low,Continue routine monitoring and reinforce the student's current supports.,Enrolled
3176,0.9916180821583698,1,High,"Start proactive outreach within 72 hours and connect the student to academic, advising, and financial support.",Dropout
3177,0.02595789914398026,0,Low,Continue routine monitoring and reinforce the student's current supports.,Graduate
3178,0.12344806502294313,0,Low,Continue routine monitoring and reinforce the student's current supports.,Dropout
3179,0.061854202355674306,0,Low,Continue routine monitoring and reinforce the student's current supports.,Graduate
3180,0.07351389464879962,0,Low,Continue routine monitoring and reinforce the student's current supports.,Enrolled
3181,0.0997692528399166,0,Low,Continue routine monitoring and reinforce the student's current supports.,Graduate
3182,0.8878201329174208,1,High,"Start proactive outreach within 72 hours and connect the student to academic, advising, and financial support.",Dropout
3183,0.411270145987333,0,Medium,"Schedule a check-in within two weeks and review attendance, coursework, and advising needs.",Graduate
3184,0.18667019672476495,0,Low,Continue routine monitoring and reinforce the student's current supports.,Enrolled
3185,0.06823993505934801,0,Low,Continue routine monitoring and reinforce the student's current supports.,Graduate
3186,0.9670565754970967,1,High,"Start proactive outreach within 72 hours and connect the student to academic, advising, and financial support.",Dropout
3187,0.99959113413376,1,High,"Start proactive outreach within 72 hours and connect the student to academic, advising, and financial support.",Dropout
3188,0.9711112288858013,1,High,"Start proactive outreach within 72 hours and connect the student to academic, advising, and financial support.",Dropout
3189,0.959330044239111,1,High,"Start proactive outreach within 72 hours and connect the student to academic, advising, and financial support.",Dropout
3190,0.46716414976939313,0,Medium,"Schedule a check-in within two weeks and review attendance, coursework, and advising needs.",Dropout
3191,0.9955073764358583,1,High,"Start proactive outreach within 72 hours and connect the student to academic, advising, and financial support.",Dropout
3192,0.3609487306845866,0,Medium,"Schedule a check-in within two weeks and review attendance, coursework, and advising needs.",Dropout
3193,0.36699901975132726,0,Medium,"Schedule a check-in within two weeks and review attendance, coursework, and advising needs.",Enrolled
3194,0.8036174781455836,1,High,"Start proactive outreach within 72 hours and connect the student to academic, advising, and financial support.",Dropout
3195,0.5126125762996498,1,Medium,"Schedule a check-in within two weeks and review attendance, coursework, and advising needs.",Enrolled
3196,0.9978422774577433,1,High,"Start proactive outreach within 72 hours and connect the student to academic, advising, and financial support.",Dropout
3197,0.1759965356361841,0,Low,Continue routine monitoring and reinforce the student's current supports.,Enrolled
3198,0.2025154771920034,0,Low,Continue routine monitoring and reinforce the student's current supports.,Graduate
3199,0.9942643810530402,1,High,"Start proactive outreach within 72 hours and connect the student to academic, advising, and financial support.",Dropout
3200,0.11322699986931697,0,Low,Continue routine monitoring and reinforce the student's current supports.,Graduate
3201,0.9478310028671643,1,High,"Start proactive outreach within 72 hours and connect the student to academic, advising, and financial support.",Dropout
3202,0.12739998078473092,0,Low,Continue routine monitoring and reinforce the student's current supports.,Graduate
3203,0.53417326832612,1,Medium,"Schedule a check-in within two weeks and review attendance, coursework, and advising needs.",Enrolled
3204,0.7404018830624687,1,High,"Start proactive outreach within 72 hours and connect the student to academic, advising, and financial support.",Dropout
3205,0.9530827569550988,1,High,"Start proactive outreach within 72 hours and connect the student to academic, advising, and financial support.",Dropout
3206,0.9988198654555767,1,High,"Start proactive outreach within 72 hours and connect the student to academic, advising, and financial support.",Dropout
3207,0.11674959843869663,0,Low,Continue routine monitoring and reinforce the student's current supports.,Graduate
3208,0.2658403362835638,0,Low,Continue routine monitoring and reinforce the student's current supports.,Dropout
3209,0.5959937756926921,1,Medium,"Schedule a check-in within two weeks and review attendance, coursework, and advising needs.",Dropout
3210,0.2748851568006707,0,Low,Continue routine monitoring and reinforce the student's current supports.,Graduate
3211,0.21869457666878947,0,Low,Continue routine monitoring and reinforce the student's current supports.,Graduate
3212,0.3485689650792742,0,Medium,"Schedule a check-in within two weeks and review attendance, coursework, and advising needs.",Enrolled
3213,0.07387503865997523,0,Low,Continue routine monitoring and reinforce the student's current supports.,Graduate
3214,0.8707300001303133,1,High,"Start proactive outreach within 72 hours and connect the student to academic, advising, and financial support.",Dropout
3215,0.05449057000378691,0,Low,Continue routine monitoring and reinforce the student's current supports.,Graduate
3216,0.12922975614437107,0,Low,Continue routine monitoring and reinforce the student's current supports.,Graduate
3217,0.9261385559351725,1,High,"Start proactive outreach within 72 hours and connect the student to academic, advising, and financial support.",Dropout
3218,0.6908160526424613,1,High,"Start proactive outreach within 72 hours and connect the student to academic, advising, and financial support.",Graduate
3219,0.44364447629461945,0,Medium,"Schedule a check-in within two weeks and review attendance, coursework, and advising needs.",Enrolled
3220,0.948276499163748,1,High,"Start proactive outreach within 72 hours and connect the student to academic, advising, and financial support.",Dropout
3221,0.9898710441304541,1,High,"Start proactive outreach within 72 hours and connect the student to academic, advising, and financial support.",Dropout
3222,0.9510063005972276,1,High,"Start proactive outreach within 72 hours and connect the student to academic, advising, and financial support.",Dropout
3223,0.03749925482456098,0,Low,Continue routine monitoring and reinforce the student's current supports.,Graduate
3224,0.9979141233472355,1,High,"Start proactive outreach within 72 hours and connect the student to academic, advising, and financial support.",Dropout
3225,0.46595772719798595,0,Medium,"Schedule a check-in within two weeks and review attendance, coursework, and advising needs.",Dropout
3226,0.020936202465683253,0,Low,Continue routine monitoring and reinforce the student's current supports.,Graduate
3227,0.06381342750881465,0,Low,Continue routine monitoring and reinforce the student's current supports.,Graduate
3228,0.02281430342983659,0,Low,Continue routine monitoring and reinforce the student's current supports.,Enrolled
3229,0.022473161372837846,0,Low,Continue routine monitoring and reinforce the student's current supports.,Graduate
3230,0.17188750239173978,0,Low,Continue routine monitoring and reinforce the student's current supports.,Graduate
3231,0.16069288369500404,0,Low,Continue routine monitoring and reinforce the student's current supports.,Graduate
3232,0.37131031278271454,0,Medium,"Schedule a check-in within two weeks and review attendance, coursework, and advising needs.",Enrolled
3233,0.2933245011353796,0,Low,Continue routine monitoring and reinforce the student's current supports.,Graduate
3234,0.9742332726603122,1,High,"Start proactive outreach within 72 hours and connect the student to academic, advising, and financial support.",Dropout
3235,0.047376414329553855,0,Low,Continue routine monitoring and reinforce the student's current supports.,Graduate
3236,0.05438879743032855,0,Low,Continue routine monitoring and reinforce the student's current supports.,Graduate
3237,0.13305169621261712,0,Low,Continue routine monitoring and reinforce the student's current supports.,Graduate
3238,0.33577298203438766,0,Medium,"Schedule a check-in within two weeks and review attendance, coursework, and advising needs.",Enrolled
3239,0.0875376023361689,0,Low,Continue routine monitoring and reinforce the student's current supports.,Graduate
3240,0.03478655895276677,0,Low,Continue routine monitoring and reinforce the student's current supports.,Graduate
3241,0.23479725390963366,0,Low,Continue routine monitoring and reinforce the student's current supports.,Enrolled
3242,0.04939217393392434,0,Low,Continue routine monitoring and reinforce the student's current supports.,Graduate
3243,0.9108298136807663,1,High,"Start proactive outreach within 72 hours and connect the student to academic, advising, and financial support.",Dropout
3244,0.02582671838279134,0,Low,Continue routine monitoring and reinforce the student's current supports.,Graduate
3245,0.7888654570301662,1,High,"Start proactive outreach within 72 hours and connect the student to academic, advising, and financial support.",Dropout
3246,0.4006913743412206,0,Medium,"Schedule a check-in within two weeks and review attendance, coursework, and advising needs.",Dropout
3247,0.059474384782339795,0,Low,Continue routine monitoring and reinforce the student's current supports.,Graduate
3248,0.0882926836021109,0,Low,Continue routine monitoring and reinforce the student's current supports.,Graduate
3249,0.08528170266970132,0,Low,Continue routine monitoring and reinforce the student's current supports.,Graduate
3250,0.11048830656150462,0,Low,Continue routine monitoring and reinforce the student's current supports.,Graduate
3251,0.9972162703761395,1,High,"Start proactive outreach within 72 hours and connect the student to academic, advising, and financial support.",Dropout
3252,0.24828577151012582,0,Low,Continue routine monitoring and reinforce the student's current supports.,Graduate
3253,0.9741779475075444,1,High,"Start proactive outreach within 72 hours and connect the student to academic, advising, and financial support.",Dropout
3254,0.8955453368940002,1,High,"Start proactive outreach within 72 hours and connect the student to academic, advising, and financial support.",Dropout
3255,0.013790155671536727,0,Low,Continue routine monitoring and reinforce the student's current supports.,Graduate
3256,0.2767377128598117,0,Low,Continue routine monitoring and reinforce the student's current supports.,Graduate
3257,0.05682336573673446,0,Low,Continue routine monitoring and reinforce the student's current supports.,Graduate
3258,0.24342666540474014,0,Low,Continue routine monitoring and reinforce the student's current supports.,Graduate
3259,0.03331953162751384,0,Low,Continue routine monitoring and reinforce the student's current supports.,Graduate
3260,0.14012550237908267,0,Low,Continue routine monitoring and reinforce the student's current supports.,Graduate
3261,0.08768772275972649,0,Low,Continue routine monitoring and reinforce the student's current supports.,Graduate
3262,0.0394522085223072,0,Low,Continue routine monitoring and reinforce the student's current supports.,Graduate
3263,0.9987633015854354,1,High,"Start proactive outreach within 72 hours and connect the student to academic, advising, and financial support.",Dropout
3264,0.13974279849024757,0,Low,Continue routine monitoring and reinforce the student's current supports.,Graduate
3265,0.8563755649514523,1,High,"Start proactive outreach within 72 hours and connect the student to academic, advising, and financial support.",Dropout
3266,0.005938207484354833,0,Low,Continue routine monitoring and reinforce the student's current supports.,Graduate
3267,0.13278569377841432,0,Low,Continue routine monitoring and reinforce the student's current supports.,Graduate
3268,0.16675770822133992,0,Low,Continue routine monitoring and reinforce the student's current supports.,Enrolled
3269,0.9902385265527621,1,High,"Start proactive outreach within 72 hours and connect the student to academic, advising, and financial support.",Dropout
3270,0.9222002688523077,1,High,"Start proactive outreach within 72 hours and connect the student to academic, advising, and financial support.",Dropout
3271,0.5805208993492579,1,Medium,"Schedule a check-in within two weeks and review attendance, coursework, and advising needs.",Dropout
3272,0.06091011675171399,0,Low,Continue routine monitoring and reinforce the student's current supports.,Graduate
3273,0.04858401963824554,0,Low,Continue routine monitoring and reinforce the student's current supports.,Graduate
3274,0.03364357488782206,0,Low,Continue routine monitoring and reinforce the student's current supports.,Enrolled
3275,0.9879962509708576,1,High,"Start proactive outreach within 72 hours and connect the student to academic, advising, and financial support.",Dropout
3276,0.3236205871273133,0,Low,Continue routine monitoring and reinforce the student's current supports.,Graduate
3277,0.8305555164299331,1,High,"Start proactive outreach within 72 hours and connect the student to academic, advising, and financial support.",Dropout
3278,0.059029056068480454,0,Low,Continue routine monitoring and reinforce the student's current supports.,Graduate
3279,0.4527836685567553,0,Medium,"Schedule a check-in within two weeks and review attendance, coursework, and advising needs.",Dropout
3280,0.07306452098926962,0,Low,Continue routine monitoring and reinforce the student's current supports.,Graduate
3281,0.1955386610316368,0,Low,Continue routine monitoring and reinforce the student's current supports.,Graduate
3282,0.9524759953639352,1,High,"Start proactive outreach within 72 hours and connect the student to academic, advising, and financial support.",Dropout
3283,0.00781656808925345,0,Low,Continue routine monitoring and reinforce the student's current supports.,Enrolled
3284,0.1144015551035455,0,Low,Continue routine monitoring and reinforce the student's current supports.,Graduate
3285,0.2778442591741822,0,Low,Continue routine monitoring and reinforce the student's current supports.,Enrolled
3286,0.10454848261519008,0,Low,Continue routine monitoring and reinforce the student's current supports.,Graduate
3287,0.9911659241408869,1,High,"Start proactive outreach within 72 hours and connect the student to academic, advising, and financial support.",Dropout
3288,0.9868237359918965,1,High,"Start proactive outreach within 72 hours and connect the student to academic, advising, and financial support.",Dropout
3289,0.13398252885064002,0,Low,Continue routine monitoring and reinforce the student's current supports.,Graduate
3290,0.15596802018932193,0,Low,Continue routine monitoring and reinforce the student's current supports.,Graduate
3291,0.9580568902256122,1,High,"Start proactive outreach within 72 hours and connect the student to academic, advising, and financial support.",Dropout
3292,0.9987627413062607,1,High,"Start proactive outreach within 72 hours and connect the student to academic, advising, and financial support.",Dropout
3293,0.8642033282153303,1,High,"Start proactive outreach within 72 hours and connect the student to academic, advising, and financial support.",Dropout
3294,0.05136159360361775,0,Low,Continue routine monitoring and reinforce the student's current supports.,Enrolled
3295,0.11171031649326701,0,Low,Continue routine monitoring and reinforce the student's current supports.,Enrolled
3296,0.22700239690882482,0,Low,Continue routine monitoring and reinforce the student's current supports.,Graduate
3297,0.1840077282273136,0,Low,Continue routine monitoring and reinforce the student's current supports.,Enrolled
3298,0.91106578210811,1,High,"Start proactive outreach within 72 hours and connect the student to academic, advising, and financial support.",Dropout
3299,0.05506287847211465,0,Low,Continue routine monitoring and reinforce the student's current supports.,Graduate
3300,0.9991219015086603,1,High,"Start proactive outreach within 72 hours and connect the student to academic, advising, and financial support.",Dropout
3301,0.4822012934361125,0,Medium,"Schedule a check-in within two weeks and review attendance, coursework, and advising needs.",Dropout
3302,0.024089020151671796,0,Low,Continue routine monitoring and reinforce the student's current supports.,Graduate
3303,0.0417177505897684,0,Low,Continue routine monitoring and reinforce the student's current supports.,Graduate
3304,0.07014638870642673,0,Low,Continue routine monitoring and reinforce the student's current supports.,Graduate
3305,0.020985642962797764,0,Low,Continue routine monitoring and reinforce the student's current supports.,Graduate
3306,0.13195058741660337,0,Low,Continue routine monitoring and reinforce the student's current supports.,Graduate
3307,0.17125848832774604,0,Low,Continue routine monitoring and reinforce the student's current supports.,Graduate
3308,0.3064581741353554,0,Low,Continue routine monitoring and reinforce the student's current supports.,Graduate
3309,0.0236367678262052,0,Low,Continue routine monitoring and reinforce the student's current supports.,Graduate
3310,0.9812141062320497,1,High,"Start proactive outreach within 72 hours and connect the student to academic, advising, and financial support.",Dropout
3311,0.043157656355921815,0,Low,Continue routine monitoring and reinforce the student's current supports.,Graduate
3312,0.29863379485350583,0,Low,Continue routine monitoring and reinforce the student's current supports.,Dropout
3313,0.36477298683142984,0,Medium,"Schedule a check-in within two weeks and review attendance, coursework, and advising needs.",Enrolled
3314,0.12364445226642512,0,Low,Continue routine monitoring and reinforce the student's current supports.,Enrolled
3315,0.9964163580177855,1,High,"Start proactive outreach within 72 hours and connect the student to academic, advising, and financial support.",Dropout
3316,0.19072432365042058,0,Low,Continue routine monitoring and reinforce the student's current supports.,Graduate
3317,0.9934521537081411,1,High,"Start proactive outreach within 72 hours and connect the student to academic, advising, and financial support.",Dropout
3318,0.5481694234068867,1,Medium,"Schedule a check-in within two weeks and review attendance, coursework, and advising needs.",Graduate
3319,0.9969981642039094,1,High,"Start proactive outreach within 72 hours and connect the student to academic, advising, and financial support.",Dropout
3320,0.19564840395169847,0,Low,Continue routine monitoring and reinforce the student's current supports.,Graduate
3321,0.4301441360881549,0,Medium,"Schedule a check-in within two weeks and review attendance, coursework, and advising needs.",Graduate
3322,0.9753581836710511,1,High,"Start proactive outreach within 72 hours and connect the student to academic, advising, and financial support.",Dropout
3323,0.9768631091738814,1,High,"Start proactive outreach within 72 hours and connect the student to academic, advising, and financial support.",Dropout
3324,0.7109030314870408,1,High,"Start proactive outreach within 72 hours and connect the student to academic, advising, and financial support.",Dropout
3325,0.7194986175288712,1,High,"Start proactive outreach within 72 hours and connect the student to academic, advising, and financial support.",Dropout
3326,0.6342339014935778,1,Medium,"Schedule a check-in within two weeks and review attendance, coursework, and advising needs.",Enrolled
3327,0.45957721815746394,0,Medium,"Schedule a check-in within two weeks and review attendance, coursework, and advising needs.",Graduate
3328,0.9877520336947335,1,High,"Start proactive outreach within 72 hours and connect the student to academic, advising, and financial support.",Dropout
3329,0.829524199038823,1,High,"Start proactive outreach within 72 hours and connect the student to academic, advising, and financial support.",Enrolled
3330,0.37180317883839886,0,Medium,"Schedule a check-in within two weeks and review attendance, coursework, and advising needs.",Enrolled
3331,0.06691777756348503,0,Low,Continue routine monitoring and reinforce the student's current supports.,Graduate
3332,0.9487781787967826,1,High,"Start proactive outreach within 72 hours and connect the student to academic, advising, and financial support.",Dropout
3333,0.9605823568830348,1,High,"Start proactive outreach within 72 hours and connect the student to academic, advising, and financial support.",Dropout
3334,0.9981839011959244,1,High,"Start proactive outreach within 72 hours and connect the student to academic, advising, and financial support.",Dropout
3335,0.36605360163068884,0,Medium,"Schedule a check-in within two weeks and review attendance, coursework, and advising needs.",Graduate
3336,0.9684101263376546,1,High,"Start proactive outreach within 72 hours and connect the student to academic, advising, and financial support.",Enrolled
3337,0.9945909216246569,1,High,"Start proactive outreach within 72 hours and connect the student to academic, advising, and financial support.",Dropout
3338,0.9905820191289592,1,High,"Start proactive outreach within 72 hours and connect the student to academic, advising, and financial support.",Dropout
3339,0.7349988697982385,1,High,"Start proactive outreach within 72 hours and connect the student to academic, advising, and financial support.",Dropout
3340,0.5209751651324088,1,Medium,"Schedule a check-in within two weeks and review attendance, coursework, and advising needs.",Enrolled
3341,0.9992641071554665,1,High,"Start proactive outreach within 72 hours and connect the student to academic, advising, and financial support.",Dropout
3342,0.9449239257288141,1,High,"Start proactive outreach within 72 hours and connect the student to academic, advising, and financial support.",Enrolled
3343,0.08139968042822883,0,Low,Continue routine monitoring and reinforce the student's current supports.,Graduate
3344,0.540057149347864,1,Medium,"Schedule a check-in within two weeks and review attendance, coursework, and advising needs.",Enrolled
3345,0.9928921759311023,1,High,"Start proactive outreach within 72 hours and connect the student to academic, advising, and financial support.",Dropout
3346,0.837770068215314,1,High,"Start proactive outreach within 72 hours and connect the student to academic, advising, and financial support.",Dropout
3347,0.990044197315825,1,High,"Start proactive outreach within 72 hours and connect the student to academic, advising, and financial support.",Dropout
3348,0.966052504582013,1,High,"Start proactive outreach within 72 hours and connect the student to academic, advising, and financial support.",Dropout
3349,0.24246908973920508,0,Low,Continue routine monitoring and reinforce the student's current supports.,Graduate
3350,0.9920571062163633,1,High,"Start proactive outreach within 72 hours and connect the student to academic, advising, and financial support.",Dropout
3351,0.07194639479328636,0,Low,Continue routine monitoring and reinforce the student's current supports.,Enrolled
3352,0.7883865306597094,1,High,"Start proactive outreach within 72 hours and connect the student to academic, advising, and financial support.",Dropout
3353,0.9063113403438957,1,High,"Start proactive outreach within 72 hours and connect the student to academic, advising, and financial support.",Dropout
3354,0.28416654754698906,0,Low,Continue routine monitoring and reinforce the student's current supports.,Graduate
3355,0.017904659185262926,0,Low,Continue routine monitoring and reinforce the student's current supports.,Graduate
3356,0.9989883727687848,1,High,"Start proactive outreach within 72 hours and connect the student to academic, advising, and financial support.",Dropout
3357,0.5396540631682807,1,Medium,"Schedule a check-in within two weeks and review attendance, coursework, and advising needs.",Enrolled
3358,0.9285105794825657,1,High,"Start proactive outreach within 72 hours and connect the student to academic, advising, and financial support.",Dropout
3359,0.9796437983202674,1,High,"Start proactive outreach within 72 hours and connect the student to academic, advising, and financial support.",Dropout
3360,0.07166605944986182,0,Low,Continue routine monitoring and reinforce the student's current supports.,Enrolled
3361,0.8503450900692471,1,High,"Start proactive outreach within 72 hours and connect the student to academic, advising, and financial support.",Dropout
3362,0.05340978204522655,0,Low,Continue routine monitoring and reinforce the student's current supports.,Graduate
3363,0.04695042111455354,0,Low,Continue routine monitoring and reinforce the student's current supports.,Graduate
3364,0.9993443211335019,1,High,"Start proactive outreach within 72 hours and connect the student to academic, advising, and financial support.",Dropout
3365,0.9464154983337147,1,High,"Start proactive outreach within 72 hours and connect the student to academic, advising, and financial support.",Dropout
3366,0.9720129281093679,1,High,"Start proactive outreach within 72 hours and connect the student to academic, advising, and financial support.",Dropout
3367,0.48207504455955397,0,Medium,"Schedule a check-in within two weeks and review attendance, coursework, and advising needs.",Enrolled
3368,0.04825639877379277,0,Low,Continue routine monitoring and reinforce the student's current supports.,Graduate
3369,0.05689345817121999,0,Low,Continue routine monitoring and reinforce the student's current supports.,Enrolled
3370,0.578588529777439,1,Medium,"Schedule a check-in within two weeks and review attendance, coursework, and advising needs.",Dropout
3371,0.9776622751646561,1,High,"Start proactive outreach within 72 hours and connect the student to academic, advising, and financial support.",Dropout
3372,0.8360460520197349,1,High,"Start proactive outreach within 72 hours and connect the student to academic, advising, and financial support.",Graduate
3373,0.16029333198267517,0,Low,Continue routine monitoring and reinforce the student's current supports.,Graduate
3374,0.09981216018572439,0,Low,Continue routine monitoring and reinforce the student's current supports.,Graduate
3375,0.01992922425608398,0,Low,Continue routine monitoring and reinforce the student's current supports.,Graduate
3376,0.020752242456852553,0,Low,Continue routine monitoring and reinforce the student's current supports.,Graduate
3377,0.0313907301568727,0,Low,Continue routine monitoring and reinforce the student's current supports.,Graduate
3378,0.06219592499185948,0,Low,Continue routine monitoring and reinforce the student's current supports.,Graduate
3379,0.14717604843064555,0,Low,Continue routine monitoring and reinforce the student's current supports.,Enrolled
3380,0.053672035175013066,0,Low,Continue routine monitoring and reinforce the student's current supports.,Graduate
3381,0.6794903844553454,1,High,"Start proactive outreach within 72 hours and connect the student to academic, advising, and financial support.",Dropout
3382,0.9530434532596409,1,High,"Start proactive outreach within 72 hours and connect the student to academic, advising, and financial support.",Dropout
3383,0.039253197689758414,0,Low,Continue routine monitoring and reinforce the student's current supports.,Graduate
3384,0.9089170553333031,1,High,"Start proactive outreach within 72 hours and connect the student to academic, advising, and financial support.",Dropout
3385,0.5136033202477858,1,Medium,"Schedule a check-in within two weeks and review attendance, coursework, and advising needs.",Enrolled
3386,0.029870103456375557,0,Low,Continue routine monitoring and reinforce the student's current supports.,Graduate
3387,0.027518547656097504,0,Low,Continue routine monitoring and reinforce the student's current supports.,Graduate
3388,0.08103378413957403,0,Low,Continue routine monitoring and reinforce the student's current supports.,Graduate
3389,0.006573501928014309,0,Low,Continue routine monitoring and reinforce the student's current supports.,Graduate
3390,0.052457891032240016,0,Low,Continue routine monitoring and reinforce the student's current supports.,Enrolled
3391,0.31073818343325926,0,Low,Continue routine monitoring and reinforce the student's current supports.,Graduate
3392,0.03083356699420318,0,Low,Continue routine monitoring and reinforce the student's current supports.,Graduate
3393,0.08537602694082622,0,Low,Continue routine monitoring and reinforce the student's current supports.,Graduate
3394,0.06517792162116699,0,Low,Continue routine monitoring and reinforce the student's current supports.,Graduate
3395,0.294184085609625,0,Low,Continue routine monitoring and reinforce the student's current supports.,Enrolled
3396,0.021097543416360838,0,Low,Continue routine monitoring and reinforce the student's current supports.,Graduate
3397,0.3585757404014292,0,Medium,"Schedule a check-in within two weeks and review attendance, coursework, and advising needs.",Enrolled
3398,0.016312406252697514,0,Low,Continue routine monitoring and reinforce the student's current supports.,Graduate
3399,0.05516995715720108,0,Low,Continue routine monitoring and reinforce the student's current supports.,Graduate
3400,0.032748565343804055,0,Low,Continue routine monitoring and reinforce the student's current supports.,Graduate
3401,0.03997826631245046,0,Low,Continue routine monitoring and reinforce the student's current supports.,Graduate
3402,0.21706023503200791,0,Low,Continue routine monitoring and reinforce the student's current supports.,Enrolled
3403,0.050540505854348904,0,Low,Continue routine monitoring and reinforce the student's current supports.,Graduate
3404,0.04181223906614888,0,Low,Continue routine monitoring and reinforce the student's current supports.,Graduate
3405,0.20128819919495644,0,Low,Continue routine monitoring and reinforce the student's current supports.,Enrolled
3406,0.5569992692326566,1,Medium,"Schedule a check-in within two weeks and review attendance, coursework, and advising needs.",Graduate
3407,0.36600179630033214,0,Medium,"Schedule a check-in within two weeks and review attendance, coursework, and advising needs.",Enrolled
3408,0.013179771657810032,0,Low,Continue routine monitoring and reinforce the student's current supports.,Graduate
3409,0.9862870952122361,1,High,"Start proactive outreach within 72 hours and connect the student to academic, advising, and financial support.",Dropout
3410,0.08245065296572879,0,Low,Continue routine monitoring and reinforce the student's current supports.,Graduate
3411,0.21438237107555605,0,Low,Continue routine monitoring and reinforce the student's current supports.,Enrolled
3412,0.07693947402369339,0,Low,Continue routine monitoring and reinforce the student's current supports.,Graduate
3413,0.886362228665726,1,High,"Start proactive outreach within 72 hours and connect the student to academic, advising, and financial support.",Enrolled
3414,0.9901893494864618,1,High,"Start proactive outreach within 72 hours and connect the student to academic, advising, and financial support.",Dropout
3415,0.09957653681827416,0,Low,Continue routine monitoring and reinforce the student's current supports.,Graduate
3416,0.29849108036679456,0,Low,Continue routine monitoring and reinforce the student's current supports.,Enrolled
3417,0.09445943928077508,0,Low,Continue routine monitoring and reinforce the student's current supports.,Enrolled
3418,0.9421368931068032,1,High,"Start proactive outreach within 72 hours and connect the student to academic, advising, and financial support.",Dropout
3419,0.10061650045388262,0,Low,Continue routine monitoring and reinforce the student's current supports.,Graduate
3420,0.05649499364500987,0,Low,Continue routine monitoring and reinforce the student's current supports.,Graduate
3421,0.01227521799032435,0,Low,Continue routine monitoring and reinforce the student's current supports.,Graduate
3422,0.8607197494338936,1,High,"Start proactive outreach within 72 hours and connect the student to academic, advising, and financial support.",Dropout
3423,0.7284056958937204,1,High,"Start proactive outreach within 72 hours and connect the student to academic, advising, and financial support.",Dropout
3424,0.24313889863368346,0,Low,Continue routine monitoring and reinforce the student's current supports.,Dropout
3425,0.8390265075098753,1,High,"Start proactive outreach within 72 hours and connect the student to academic, advising, and financial support.",Dropout
3426,0.9886144483766934,1,High,"Start proactive outreach within 72 hours and connect the student to academic, advising, and financial support.",Dropout
3427,0.43298817241029836,0,Medium,"Schedule a check-in within two weeks and review attendance, coursework, and advising needs.",Enrolled
3428,0.02189124666487216,0,Low,Continue routine monitoring and reinforce the student's current supports.,Graduate
3429,0.09686784317588376,0,Low,Continue routine monitoring and reinforce the student's current supports.,Dropout
3430,0.9466406351872456,1,High,"Start proactive outreach within 72 hours and connect the student to academic, advising, and financial support.",Dropout
3431,0.021070640372459426,0,Low,Continue routine monitoring and reinforce the student's current supports.,Graduate
3432,0.10610315028561368,0,Low,Continue routine monitoring and reinforce the student's current supports.,Graduate
3433,0.06482008826769632,0,Low,Continue routine monitoring and reinforce the student's current supports.,Graduate
3434,0.11085016823258696,0,Low,Continue routine monitoring and reinforce the student's current supports.,Dropout
3435,0.11177244017723355,0,Low,Continue routine monitoring and reinforce the student's current supports.,Dropout
3436,0.05182367517229445,0,Low,Continue routine monitoring and reinforce the student's current supports.,Graduate
3437,0.06254602033283722,0,Low,Continue routine monitoring and reinforce the student's current supports.,Graduate
3438,0.5932754139678437,1,Medium,"Schedule a check-in within two weeks and review attendance, coursework, and advising needs.",Enrolled
3439,0.22078403689936496,0,Low,Continue routine monitoring and reinforce the student's current supports.,Graduate
3440,0.8779270353894927,1,High,"Start proactive outreach within 72 hours and connect the student to academic, advising, and financial support.",Dropout
3441,0.09893292167241101,0,Low,Continue routine monitoring and reinforce the student's current supports.,Enrolled
3442,0.19006203136973146,0,Low,Continue routine monitoring and reinforce the student's current supports.,Enrolled
3443,0.3155849435039325,0,Low,Continue routine monitoring and reinforce the student's current supports.,Graduate
3444,0.09516834207448722,0,Low,Continue routine monitoring and reinforce the student's current supports.,Graduate
3445,0.7259803435887957,1,High,"Start proactive outreach within 72 hours and connect the student to academic, advising, and financial support.",Dropout
3446,0.033588579666795265,0,Low,Continue routine monitoring and reinforce the student's current supports.,Graduate
3447,0.08360728309716733,0,Low,Continue routine monitoring and reinforce the student's current supports.,Dropout
3448,0.3454734063134926,0,Medium,"Schedule a check-in within two weeks and review attendance, coursework, and advising needs.",Graduate
3449,0.020138903011720916,0,Low,Continue routine monitoring and reinforce the student's current supports.,Graduate
3450,0.024950808159926504,0,Low,Continue routine monitoring and reinforce the student's current supports.,Graduate
3451,0.37124166546874104,0,Medium,"Schedule a check-in within two weeks and review attendance, coursework, and advising needs.",Enrolled
3452,0.42908873867484315,0,Medium,"Schedule a check-in within two weeks and review attendance, coursework, and advising needs.",Enrolled
3453,0.1329219774988056,0,Low,Continue routine monitoring and reinforce the student's current supports.,Graduate
3454,0.10561025369675571,0,Low,Continue routine monitoring and reinforce the student's current supports.,Graduate
3455,0.9711426060105433,1,High,"Start proactive outreach within 72 hours and connect the student to academic, advising, and financial support.",Dropout
3456,0.026938340834809272,0,Low,Continue routine monitoring and reinforce the student's current supports.,Graduate
3457,0.16394711905744497,0,Low,Continue routine monitoring and reinforce the student's current supports.,Graduate
3458,0.027526792290597877,0,Low,Continue routine monitoring and reinforce the student's current supports.,Graduate
3459,0.03734441789457876,0,Low,Continue routine monitoring and reinforce the student's current supports.,Graduate
3460,0.9849651755366537,1,High,"Start proactive outreach within 72 hours and connect the student to academic, advising, and financial support.",Dropout
3461,0.037702751497827994,0,Low,Continue routine monitoring and reinforce the student's current supports.,Graduate
3462,0.23112132879269415,0,Low,Continue routine monitoring and reinforce the student's current supports.,Enrolled
3463,0.962334804585394,1,High,"Start proactive outreach within 72 hours and connect the student to academic, advising, and financial support.",Dropout
3464,0.4414842970032067,0,Medium,"Schedule a check-in within two weeks and review attendance, coursework, and advising needs.",Enrolled
3465,0.0987041003602331,0,Low,Continue routine monitoring and reinforce the student's current supports.,Graduate
3466,0.9399534461286777,1,High,"Start proactive outreach within 72 hours and connect the student to academic, advising, and financial support.",Dropout
3467,0.27237977580306255,0,Low,Continue routine monitoring and reinforce the student's current supports.,Enrolled
3468,0.2520995388111762,0,Low,Continue routine monitoring and reinforce the student's current supports.,Graduate
3469,0.3583997595006459,0,Medium,"Schedule a check-in within two weeks and review attendance, coursework, and advising needs.",Enrolled
3470,0.06751858894981477,0,Low,Continue routine monitoring and reinforce the student's current supports.,Enrolled
3471,0.11466980528799457,0,Low,Continue routine monitoring and reinforce the student's current supports.,Graduate
3472,0.585586730379328,1,Medium,"Schedule a check-in within two weeks and review attendance, coursework, and advising needs.",Graduate
3473,0.9954678571802138,1,High,"Start proactive outreach within 72 hours and connect the student to academic, advising, and financial support.",Dropout
3474,0.46327270736212595,0,Medium,"Schedule a check-in within two weeks and review attendance, coursework, and advising needs.",Dropout
3475,0.9071912960005853,1,High,"Start proactive outreach within 72 hours and connect the student to academic, advising, and financial support.",Dropout
3476,0.012278902630634178,0,Low,Continue routine monitoring and reinforce the student's current supports.,Graduate
3477,0.05342074327169445,0,Low,Continue routine monitoring and reinforce the student's current supports.,Graduate
3478,0.8028892437445103,1,High,"Start proactive outreach within 72 hours and connect the student to academic, advising, and financial support.",Dropout
3479,0.7924111778055145,1,High,"Start proactive outreach within 72 hours and connect the student to academic, advising, and financial support.",Enrolled
3480,0.07367879804307499,0,Low,Continue routine monitoring and reinforce the student's current supports.,Graduate
3481,0.016248938224983644,0,Low,Continue routine monitoring and reinforce the student's current supports.,Graduate
3482,0.630371096392146,1,Medium,"Schedule a check-in within two weeks and review attendance, coursework, and advising needs.",Graduate
3483,0.9497827889066848,1,High,"Start proactive outreach within 72 hours and connect the student to academic, advising, and financial support.",Dropout
3484,0.897555772311075,1,High,"Start proactive outreach within 72 hours and connect the student to academic, advising, and financial support.",Dropout
3485,0.9589028291407548,1,High,"Start proactive outreach within 72 hours and connect the student to academic, advising, and financial support.",Dropout
3486,0.4829774032795716,0,Medium,"Schedule a check-in within two weeks and review attendance, coursework, and advising needs.",Dropout
3487,0.106035752568754,0,Low,Continue routine monitoring and reinforce the student's current supports.,Graduate
3488,0.9979163030732506,1,High,"Start proactive outreach within 72 hours and connect the student to academic, advising, and financial support.",Dropout
3489,0.896449508596623,1,High,"Start proactive outreach within 72 hours and connect the student to academic, advising, and financial support.",Dropout
3490,0.09023487036600059,0,Low,Continue routine monitoring and reinforce the student's current supports.,Graduate
3491,0.6159423183771761,1,Medium,"Schedule a check-in within two weeks and review attendance, coursework, and advising needs.",Dropout
3492,0.9610327300697102,1,High,"Start proactive outreach within 72 hours and connect the student to academic, advising, and financial support.",Dropout
3493,0.9477668771929614,1,High,"Start proactive outreach within 72 hours and connect the student to academic, advising, and financial support.",Dropout
3494,0.998444685247604,1,High,"Start proactive outreach within 72 hours and connect the student to academic, advising, and financial support.",Dropout
3495,0.24604764179397975,0,Low,Continue routine monitoring and reinforce the student's current supports.,Graduate
3496,0.07568683938820829,0,Low,Continue routine monitoring and reinforce the student's current supports.,Graduate
3497,0.9824575555865901,1,High,"Start proactive outreach within 72 hours and connect the student to academic, advising, and financial support.",Dropout
3498,0.5689452501291832,1,Medium,"Schedule a check-in within two weeks and review attendance, coursework, and advising needs.",Dropout
3499,0.11338897171784056,0,Low,Continue routine monitoring and reinforce the student's current supports.,Graduate
3500,0.5487392432372381,1,Medium,"Schedule a check-in within two weeks and review attendance, coursework, and advising needs.",Enrolled
3501,0.059184544429557,0,Low,Continue routine monitoring and reinforce the student's current supports.,Dropout
3502,0.9779653315586347,1,High,"Start proactive outreach within 72 hours and connect the student to academic, advising, and financial support.",Dropout
3503,0.6054486691507572,1,Medium,"Schedule a check-in within two weeks and review attendance, coursework, and advising needs.",Graduate
3504,0.034487778751954065,0,Low,Continue routine monitoring and reinforce the student's current supports.,Graduate
3505,0.20455431189510528,0,Low,Continue routine monitoring and reinforce the student's current supports.,Graduate
3506,0.948420225810298,1,High,"Start proactive outreach within 72 hours and connect the student to academic, advising, and financial support.",Dropout
3507,0.9968284374090096,1,High,"Start proactive outreach within 72 hours and connect the student to academic, advising, and financial support.",Dropout
3508,0.14819459932192358,0,Low,Continue routine monitoring and reinforce the student's current supports.,Graduate
3509,0.13901755336044885,0,Low,Continue routine monitoring and reinforce the student's current supports.,Enrolled
3510,0.10237153929420953,0,Low,Continue routine monitoring and reinforce the student's current supports.,Graduate
3511,0.07104917683660122,0,Low,Continue routine monitoring and reinforce the student's current supports.,Dropout
3512,0.7946460733766526,1,High,"Start proactive outreach within 72 hours and connect the student to academic, advising, and financial support.",Enrolled
3513,0.45934258776660686,0,Medium,"Schedule a check-in within two weeks and review attendance, coursework, and advising needs.",Dropout
3514,0.9806539304287007,1,High,"Start proactive outreach within 72 hours and connect the student to academic, advising, and financial support.",Dropout
3515,0.7593938851924175,1,High,"Start proactive outreach within 72 hours and connect the student to academic, advising, and financial support.",Dropout
3516,0.6158973227664308,1,Medium,"Schedule a check-in within two weeks and review attendance, coursework, and advising needs.",Enrolled
3517,0.7476015142182095,1,High,"Start proactive outreach within 72 hours and connect the student to academic, advising, and financial support.",Dropout
3518,0.6378054330087036,1,Medium,"Schedule a check-in within two weeks and review attendance, coursework, and advising needs.",Dropout
3519,0.5601429430793886,1,Medium,"Schedule a check-in within two weeks and review attendance, coursework, and advising needs.",Dropout
3520,0.924513034292442,1,High,"Start proactive outreach within 72 hours and connect the student to academic, advising, and financial support.",Dropout
3521,0.4864300565785517,0,Medium,"Schedule a check-in within two weeks and review attendance, coursework, and advising needs.",Graduate
3522,0.8199087402368698,1,High,"Start proactive outreach within 72 hours and connect the student to academic, advising, and financial support.",Dropout
3523,0.05893032803920937,0,Low,Continue routine monitoring and reinforce the student's current supports.,Graduate
3524,0.5430669416935411,1,Medium,"Schedule a check-in within two weeks and review attendance, coursework, and advising needs.",Enrolled
3525,0.31083333591627477,0,Low,Continue routine monitoring and reinforce the student's current supports.,Enrolled
3526,0.0354274606315404,0,Low,Continue routine monitoring and reinforce the student's current supports.,Graduate
3527,0.9519026560259335,1,High,"Start proactive outreach within 72 hours and connect the student to academic, advising, and financial support.",Dropout
3528,0.17585895463378046,0,Low,Continue routine monitoring and reinforce the student's current supports.,Dropout
3529,0.42673051230020054,0,Medium,"Schedule a check-in within two weeks and review attendance, coursework, and advising needs.",Dropout
3530,0.3091532889529066,0,Low,Continue routine monitoring and reinforce the student's current supports.,Enrolled
3531,0.16707726705775813,0,Low,Continue routine monitoring and reinforce the student's current supports.,Graduate
3532,0.18820983654871443,0,Low,Continue routine monitoring and reinforce the student's current supports.,Enrolled
3533,0.08292620886767504,0,Low,Continue routine monitoring and reinforce the student's current supports.,Graduate
3534,0.9999551921726518,1,High,"Start proactive outreach within 72 hours and connect the student to academic, advising, and financial support.",Dropout
3535,0.9975734621159984,1,High,"Start proactive outreach within 72 hours and connect the student to academic, advising, and financial support.",Dropout
3536,0.8310305118239586,1,High,"Start proactive outreach within 72 hours and connect the student to academic, advising, and financial support.",Dropout
3537,0.990357244375066,1,High,"Start proactive outreach within 72 hours and connect the student to academic, advising, and financial support.",Dropout
3538,0.9974545098928794,1,High,"Start proactive outreach within 72 hours and connect the student to academic, advising, and financial support.",Dropout
3539,0.42067617846774735,0,Medium,"Schedule a check-in within two weeks and review attendance, coursework, and advising needs.",Dropout
3540,0.15794430428895978,0,Low,Continue routine monitoring and reinforce the student's current supports.,Graduate
3541,0.8849830984912693,1,High,"Start proactive outreach within 72 hours and connect the student to academic, advising, and financial support.",Dropout
3542,0.9419427022514193,1,High,"Start proactive outreach within 72 hours and connect the student to academic, advising, and financial support.",Dropout
3543,0.6871523446532675,1,High,"Start proactive outreach within 72 hours and connect the student to academic, advising, and financial support.",Enrolled
3544,0.509973113607132,1,Medium,"Schedule a check-in within two weeks and review attendance, coursework, and advising needs.",Enrolled
3545,0.6762100351285529,1,High,"Start proactive outreach within 72 hours and connect the student to academic, advising, and financial support.",Enrolled
3546,0.10154400229043059,0,Low,Continue routine monitoring and reinforce the student's current supports.,Graduate
3547,0.023290974213449684,0,Low,Continue routine monitoring and reinforce the student's current supports.,Graduate
3548,0.9967095388805272,1,High,"Start proactive outreach within 72 hours and connect the student to academic, advising, and financial support.",Dropout
3549,0.9991738726587822,1,High,"Start proactive outreach within 72 hours and connect the student to academic, advising, and financial support.",Dropout
3550,0.07545611193188091,0,Low,Continue routine monitoring and reinforce the student's current supports.,Graduate
3551,0.07508309700899439,0,Low,Continue routine monitoring and reinforce the student's current supports.,Enrolled
3552,0.999348868143386,1,High,"Start proactive outreach within 72 hours and connect the student to academic, advising, and financial support.",Dropout
3553,0.4709604441171162,0,Medium,"Schedule a check-in within two weeks and review attendance, coursework, and advising needs.",Dropout
3554,0.17667784066016293,0,Low,Continue routine monitoring and reinforce the student's current supports.,Dropout
3555,0.32412516955878984,0,Low,Continue routine monitoring and reinforce the student's current supports.,Enrolled
3556,0.13602623737509115,0,Low,Continue routine monitoring and reinforce the student's current supports.,Graduate
3557,0.47850883915220443,0,Medium,"Schedule a check-in within two weeks and review attendance, coursework, and advising needs.",Enrolled
3558,0.9982983426077507,1,High,"Start proactive outreach within 72 hours and connect the student to academic, advising, and financial support.",Dropout
3559,0.02952751590816083,0,Low,Continue routine monitoring and reinforce the student's current supports.,Enrolled
3560,0.17213010400868184,0,Low,Continue routine monitoring and reinforce the student's current supports.,Graduate
3561,0.9784999768715792,1,High,"Start proactive outreach within 72 hours and connect the student to academic, advising, and financial support.",Enrolled
3562,0.13717857855669213,0,Low,Continue routine monitoring and reinforce the student's current supports.,Graduate
3563,0.9945024196190997,1,High,"Start proactive outreach within 72 hours and connect the student to academic, advising, and financial support.",Dropout
3564,0.9886435838187277,1,High,"Start proactive outreach within 72 hours and connect the student to academic, advising, and financial support.",Dropout
3565,0.9959125008467363,1,High,"Start proactive outreach within 72 hours and connect the student to academic, advising, and financial support.",Dropout
3566,0.8210675215391864,1,High,"Start proactive outreach within 72 hours and connect the student to academic, advising, and financial support.",Dropout
3567,0.0651786480713035,0,Low,Continue routine monitoring and reinforce the student's current supports.,Graduate
3568,0.0956170204713019,0,Low,Continue routine monitoring and reinforce the student's current supports.,Graduate
3569,0.389714022498755,0,Medium,"Schedule a check-in within two weeks and review attendance, coursework, and advising needs.",Graduate
3570,0.9743822146873561,1,High,"Start proactive outreach within 72 hours and connect the student to academic, advising, and financial support.",Dropout
3571,0.06913718743484565,0,Low,Continue routine monitoring and reinforce the student's current supports.,Graduate
3572,0.06858040643808232,0,Low,Continue routine monitoring and reinforce the student's current supports.,Graduate
3573,0.953984488407951,1,High,"Start proactive outreach within 72 hours and connect the student to academic, advising, and financial support.",Dropout
3574,0.927268171841094,1,High,"Start proactive outreach within 72 hours and connect the student to academic, advising, and financial support.",Enrolled
3575,0.0746663749891994,0,Low,Continue routine monitoring and reinforce the student's current supports.,Graduate
3576,0.055824090642106416,0,Low,Continue routine monitoring and reinforce the student's current supports.,Graduate
3577,0.33631352102514933,0,Medium,"Schedule a check-in within two weeks and review attendance, coursework, and advising needs.",Graduate
3578,0.9374011521099118,1,High,"Start proactive outreach within 72 hours and connect the student to academic, advising, and financial support.",Dropout
3579,0.9746641381203253,1,High,"Start proactive outreach within 72 hours and connect the student to academic, advising, and financial support.",Dropout
3580,0.0539719513496395,0,Low,Continue routine monitoring and reinforce the student's current supports.,Graduate
3581,0.11430285706920428,0,Low,Continue routine monitoring and reinforce the student's current supports.,Graduate
3582,0.044423161688836414,0,Low,Continue routine monitoring and reinforce the student's current supports.,Graduate
3583,0.981580338334415,1,High,"Start proactive outreach within 72 hours and connect the student to academic, advising, and financial support.",Dropout
3584,0.910944334141144,1,High,"Start proactive outreach within 72 hours and connect the student to academic, advising, and financial support.",Enrolled
3585,0.05898636771733273,0,Low,Continue routine monitoring and reinforce the student's current supports.,Graduate
3586,0.9265042543563312,1,High,"Start proactive outreach within 72 hours and connect the student to academic, advising, and financial support.",Dropout
3587,0.9295180970635436,1,High,"Start proactive outreach within 72 hours and connect the student to academic, advising, and financial support.",Dropout
3588,0.024119703950502017,0,Low,Continue routine monitoring and reinforce the student's current supports.,Graduate
3589,0.38928830488449906,0,Medium,"Schedule a check-in within two weeks and review attendance, coursework, and advising needs.",Graduate
3590,0.9625556515426956,1,High,"Start proactive outreach within 72 hours and connect the student to academic, advising, and financial support.",Dropout
3591,0.9245381723900734,1,High,"Start proactive outreach within 72 hours and connect the student to academic, advising, and financial support.",Enrolled
3592,0.14988506072658267,0,Low,Continue routine monitoring and reinforce the student's current supports.,Enrolled
3593,0.9084776800325585,1,High,"Start proactive outreach within 72 hours and connect the student to academic, advising, and financial support.",Dropout
3594,0.5458448171183531,1,Medium,"Schedule a check-in within two weeks and review attendance, coursework, and advising needs.",Dropout
3595,0.19399389135359937,0,Low,Continue routine monitoring and reinforce the student's current supports.,Enrolled
3596,0.6133297051852032,1,Medium,"Schedule a check-in within two weeks and review attendance, coursework, and advising needs.",Dropout
3597,0.4761889264924266,0,Medium,"Schedule a check-in within two weeks and review attendance, coursework, and advising needs.",Enrolled
3598,0.02633439384891569,0,Low,Continue routine monitoring and reinforce the student's current supports.,Graduate
3599,0.1482184424881228,0,Low,Continue routine monitoring and reinforce the student's current supports.,Graduate
3600,0.01134915471651775,0,Low,Continue routine monitoring and reinforce the student's current supports.,Dropout
3601,0.974332717158583,1,High,"Start proactive outreach within 72 hours and connect the student to academic, advising, and financial support.",Dropout
3602,0.31980246664577083,0,Low,Continue routine monitoring and reinforce the student's current supports.,Graduate
3603,0.14075868993025442,0,Low,Continue routine monitoring and reinforce the student's current supports.,Graduate
3604,0.09051459074195803,0,Low,Continue routine monitoring and reinforce the student's current supports.,Enrolled
3605,0.22776945848363736,0,Low,Continue routine monitoring and reinforce the student's current supports.,Graduate
3606,0.7573029495053458,1,High,"Start proactive outreach within 72 hours and connect the student to academic, advising, and financial support.",Graduate
3607,0.686324328185617,1,High,"Start proactive outreach within 72 hours and connect the student to academic, advising, and financial support.",Dropout
3608,0.4521818924266014,0,Medium,"Schedule a check-in within two weeks and review attendance, coursework, and advising needs.",Enrolled
3609,0.22371588450008367,0,Low,Continue routine monitoring and reinforce the student's current supports.,Dropout
3610,0.6504955320270118,1,Medium,"Schedule a check-in within two weeks and review attendance, coursework, and advising needs.",Enrolled
3611,0.40820655225068253,0,Medium,"Schedule a check-in within two weeks and review attendance, coursework, and advising needs.",Enrolled
3612,0.16527800240727608,0,Low,Continue routine monitoring and reinforce the student's current supports.,Graduate
3613,0.590487061037899,1,Medium,"Schedule a check-in within two weeks and review attendance, coursework, and advising needs.",Dropout
3614,0.6742117047820435,1,High,"Start proactive outreach within 72 hours and connect the student to academic, advising, and financial support.",Dropout
3615,0.12698322481491797,0,Low,Continue routine monitoring and reinforce the student's current supports.,Enrolled
3616,0.7575353940367286,1,High,"Start proactive outreach within 72 hours and connect the student to academic, advising, and financial support.",Dropout
3617,0.22573700486548134,0,Low,Continue routine monitoring and reinforce the student's current supports.,Enrolled
3618,0.09648579200121114,0,Low,Continue routine monitoring and reinforce the student's current supports.,Dropout
3619,0.1967471927498242,0,Low,Continue routine monitoring and reinforce the student's current supports.,Graduate
3620,0.043295603035068256,0,Low,Continue routine monitoring and reinforce the student's current supports.,Graduate
3621,0.11543359371552728,0,Low,Continue routine monitoring and reinforce the student's current supports.,Dropout
3622,0.019166672211677862,0,Low,Continue routine monitoring and reinforce the student's current supports.,Graduate
3623,0.02133227285385095,0,Low,Continue routine monitoring and reinforce the student's current supports.,Graduate
3624,0.949971144391909,1,High,"Start proactive outreach within 72 hours and connect the student to academic, advising, and financial support.",Dropout
3625,0.23807740346996484,0,Low,Continue routine monitoring and reinforce the student's current supports.,Graduate
3626,0.5585660151204812,1,Medium,"Schedule a check-in within two weeks and review attendance, coursework, and advising needs.",Enrolled
3627,0.8803781017222116,1,High,"Start proactive outreach within 72 hours and connect the student to academic, advising, and financial support.",Dropout
3628,0.13458697111175516,0,Low,Continue routine monitoring and reinforce the student's current supports.,Enrolled
3629,0.5273190690008649,1,Medium,"Schedule a check-in within two weeks and review attendance, coursework, and advising needs.",Dropout
3630,0.14662958232445933,0,Low,Continue routine monitoring and reinforce the student's current supports.,Graduate
3631,0.05963175523754416,0,Low,Continue routine monitoring and reinforce the student's current supports.,Graduate
3632,0.9866250003986973,1,High,"Start proactive outreach within 72 hours and connect the student to academic, advising, and financial support.",Dropout
3633,0.2823873077366018,0,Low,Continue routine monitoring and reinforce the student's current supports.,Enrolled
3634,0.34984550776313195,0,Medium,"Schedule a check-in within two weeks and review attendance, coursework, and advising needs.",Graduate
3635,0.03753264990972847,0,Low,Continue routine monitoring and reinforce the student's current supports.,Graduate
3636,0.003945831409895809,0,Low,Continue routine monitoring and reinforce the student's current supports.,Graduate
3637,0.07885886075628527,0,Low,Continue routine monitoring and reinforce the student's current supports.,Graduate
3638,0.8466014595078056,1,High,"Start proactive outreach within 72 hours and connect the student to academic, advising, and financial support.",Enrolled
3639,0.03683014043244201,0,Low,Continue routine monitoring and reinforce the student's current supports.,Graduate
3640,0.049880827372985735,0,Low,Continue routine monitoring and reinforce the student's current supports.,Graduate
3641,0.08698503727950267,0,Low,Continue routine monitoring and reinforce the student's current supports.,Graduate
3642,0.9958132997113874,1,High,"Start proactive outreach within 72 hours and connect the student to academic, advising, and financial support.",Dropout
3643,0.03829375945279279,0,Low,Continue routine monitoring and reinforce the student's current supports.,Graduate
3644,0.08428701931987241,0,Low,Continue routine monitoring and reinforce the student's current supports.,Graduate
3645,0.08511298851061064,0,Low,Continue routine monitoring and reinforce the student's current supports.,Graduate
3646,0.09572553602065297,0,Low,Continue routine monitoring and reinforce the student's current supports.,Graduate
3647,0.3407445622085601,0,Medium,"Schedule a check-in within two weeks and review attendance, coursework, and advising needs.",Enrolled
3648,0.9787410540376897,1,High,"Start proactive outreach within 72 hours and connect the student to academic, advising, and financial support.",Dropout
3649,0.0530893367166027,0,Low,Continue routine monitoring and reinforce the student's current supports.,Graduate
3650,0.8863868637786771,1,High,"Start proactive outreach within 72 hours and connect the student to academic, advising, and financial support.",Dropout
3651,0.03374681435988575,0,Low,Continue routine monitoring and reinforce the student's current supports.,Graduate
3652,0.24551905076324382,0,Low,Continue routine monitoring and reinforce the student's current supports.,Enrolled
3653,0.07389410792409422,0,Low,Continue routine monitoring and reinforce the student's current supports.,Graduate
3654,0.14357924562606758,0,Low,Continue routine monitoring and reinforce the student's current supports.,Enrolled
3655,0.10213265365574123,0,Low,Continue routine monitoring and reinforce the student's current supports.,Graduate
3656,0.03307117238434093,0,Low,Continue routine monitoring and reinforce the student's current supports.,Graduate
3657,0.23481397751024266,0,Low,Continue routine monitoring and reinforce the student's current supports.,Graduate
3658,0.12068267063702294,0,Low,Continue routine monitoring and reinforce the student's current supports.,Graduate
3659,0.049010058660599445,0,Low,Continue routine monitoring and reinforce the student's current supports.,Graduate
3660,0.1963301645432278,0,Low,Continue routine monitoring and reinforce the student's current supports.,Enrolled
3661,0.9681122020143113,1,High,"Start proactive outreach within 72 hours and connect the student to academic, advising, and financial support.",Dropout
3662,0.038486936002367134,0,Low,Continue routine monitoring and reinforce the student's current supports.,Graduate
3663,0.10055588899153871,0,Low,Continue routine monitoring and reinforce the student's current supports.,Graduate
3664,0.08016854340331807,0,Low,Continue routine monitoring and reinforce the student's current supports.,Graduate
3665,0.3489278997399602,0,Medium,"Schedule a check-in within two weeks and review attendance, coursework, and advising needs.",Dropout
3666,0.49744984992833263,0,Medium,"Schedule a check-in within two weeks and review attendance, coursework, and advising needs.",Enrolled
3667,0.9268797522268182,1,High,"Start proactive outreach within 72 hours and connect the student to academic, advising, and financial support.",Dropout
3668,0.9899471143441004,1,High,"Start proactive outreach within 72 hours and connect the student to academic, advising, and financial support.",Dropout
3669,0.057041222523410276,0,Low,Continue routine monitoring and reinforce the student's current supports.,Graduate
3670,0.13108624638347702,0,Low,Continue routine monitoring and reinforce the student's current supports.,Graduate
3671,0.009033459480786385,0,Low,Continue routine monitoring and reinforce the student's current supports.,Graduate
3672,0.08995626109284392,0,Low,Continue routine monitoring and reinforce the student's current supports.,Graduate
3673,0.06075984517881426,0,Low,Continue routine monitoring and reinforce the student's current supports.,Graduate
3674,0.06333647013971429,0,Low,Continue routine monitoring and reinforce the student's current supports.,Graduate
3675,0.027823825357141868,0,Low,Continue routine monitoring and reinforce the student's current supports.,Graduate
3676,0.047764032049260365,0,Low,Continue routine monitoring and reinforce the student's current supports.,Graduate
3677,0.8502559621196155,1,High,"Start proactive outreach within 72 hours and connect the student to academic, advising, and financial support.",Graduate
3678,0.9059679084977841,1,High,"Start proactive outreach within 72 hours and connect the student to academic, advising, and financial support.",Dropout
3679,0.061007658480935326,0,Low,Continue routine monitoring and reinforce the student's current supports.,Graduate
3680,0.07397144960355524,0,Low,Continue routine monitoring and reinforce the student's current supports.,Graduate
3681,0.6071519695186657,1,Medium,"Schedule a check-in within two weeks and review attendance, coursework, and advising needs.",Dropout
3682,0.0915712161765647,0,Low,Continue routine monitoring and reinforce the student's current supports.,Enrolled
3683,0.9986459042261177,1,High,"Start proactive outreach within 72 hours and connect the student to academic, advising, and financial support.",Dropout
3684,0.7486822417853572,1,High,"Start proactive outreach within 72 hours and connect the student to academic, advising, and financial support.",Graduate
3685,0.5848103801478376,1,Medium,"Schedule a check-in within two weeks and review attendance, coursework, and advising needs.",Dropout
3686,0.06603850654593361,0,Low,Continue routine monitoring and reinforce the student's current supports.,Dropout
3687,0.9049426341246105,1,High,"Start proactive outreach within 72 hours and connect the student to academic, advising, and financial support.",Dropout
3688,0.9889454394514691,1,High,"Start proactive outreach within 72 hours and connect the student to academic, advising, and financial support.",Dropout
3689,0.15452831087205274,0,Low,Continue routine monitoring and reinforce the student's current supports.,Graduate
3690,0.8576126871034476,1,High,"Start proactive outreach within 72 hours and connect the student to academic, advising, and financial support.",Enrolled
3691,0.29262325388647065,0,Low,Continue routine monitoring and reinforce the student's current supports.,Graduate
3692,0.9917356416340694,1,High,"Start proactive outreach within 72 hours and connect the student to academic, advising, and financial support.",Dropout
3693,0.9946063672318114,1,High,"Start proactive outreach within 72 hours and connect the student to academic, advising, and financial support.",Dropout
3694,0.33980974950336623,0,Medium,"Schedule a check-in within two weeks and review attendance, coursework, and advising needs.",Dropout
3695,0.6099197876292246,1,Medium,"Schedule a check-in within two weeks and review attendance, coursework, and advising needs.",Dropout
3696,0.9902991371514848,1,High,"Start proactive outreach within 72 hours and connect the student to academic, advising, and financial support.",Dropout
3697,0.20845495815093856,0,Low,Continue routine monitoring and reinforce the student's current supports.,Graduate
3698,0.7175629904172488,1,High,"Start proactive outreach within 72 hours and connect the student to academic, advising, and financial support.",Enrolled
3699,0.14933286109949742,0,Low,Continue routine monitoring and reinforce the student's current supports.,Graduate
3700,0.7995718217982866,1,High,"Start proactive outreach within 72 hours and connect the student to academic, advising, and financial support.",Dropout
3701,0.25988722645831247,0,Low,Continue routine monitoring and reinforce the student's current supports.,Enrolled
3702,0.5144575756551991,1,Medium,"Schedule a check-in within two weeks and review attendance, coursework, and advising needs.",Enrolled
3703,0.9117036583178462,1,High,"Start proactive outreach within 72 hours and connect the student to academic, advising, and financial support.",Dropout
3704,0.9617783610145693,1,High,"Start proactive outreach within 72 hours and connect the student to academic, advising, and financial support.",Dropout
3705,0.34236761884288913,0,Medium,"Schedule a check-in within two weeks and review attendance, coursework, and advising needs.",Graduate
3706,0.15174688464312677,0,Low,Continue routine monitoring and reinforce the student's current supports.,Dropout
3707,0.1398752929693664,0,Low,Continue routine monitoring and reinforce the student's current supports.,Graduate
3708,0.7596984847278611,1,High,"Start proactive outreach within 72 hours and connect the student to academic, advising, and financial support.",Graduate
3709,0.8473180913683345,1,High,"Start proactive outreach within 72 hours and connect the student to academic, advising, and financial support.",Dropout
3710,0.4430445438111315,0,Medium,"Schedule a check-in within two weeks and review attendance, coursework, and advising needs.",Dropout
3711,0.04180938080610521,0,Low,Continue routine monitoring and reinforce the student's current supports.,Graduate
3712,0.5327416534431824,1,Medium,"Schedule a check-in within two weeks and review attendance, coursework, and advising needs.",Dropout
3713,0.6132385444194192,1,Medium,"Schedule a check-in within two weeks and review attendance, coursework, and advising needs.",Dropout
3714,0.9943421720419748,1,High,"Start proactive outreach within 72 hours and connect the student to academic, advising, and financial support.",Dropout
3715,0.9995133508068021,1,High,"Start proactive outreach within 72 hours and connect the student to academic, advising, and financial support.",Dropout
3716,0.7152697877064181,1,High,"Start proactive outreach within 72 hours and connect the student to academic, advising, and financial support.",Enrolled
3717,0.8088456754037975,1,High,"Start proactive outreach within 72 hours and connect the student to academic, advising, and financial support.",Dropout
3718,0.4931484510437474,0,Medium,"Schedule a check-in within two weeks and review attendance, coursework, and advising needs.",Graduate
3719,0.8530352562181721,1,High,"Start proactive outreach within 72 hours and connect the student to academic, advising, and financial support.",Dropout
3720,0.8845890475096245,1,High,"Start proactive outreach within 72 hours and connect the student to academic, advising, and financial support.",Dropout
3721,0.5751719481548132,1,Medium,"Schedule a check-in within two weeks and review attendance, coursework, and advising needs.",Enrolled
3722,0.9985752405025543,1,High,"Start proactive outreach within 72 hours and connect the student to academic, advising, and financial support.",Dropout
3723,0.9541482674789846,1,High,"Start proactive outreach within 72 hours and connect the student to academic, advising, and financial support.",Dropout
3724,0.7637827426290354,1,High,"Start proactive outreach within 72 hours and connect the student to academic, advising, and financial support.",Dropout
3725,0.15409218984689835,0,Low,Continue routine monitoring and reinforce the student's current supports.,Dropout
3726,0.22108917235351305,0,Low,Continue routine monitoring and reinforce the student's current supports.,Dropout
3727,0.9971493631979342,1,High,"Start proactive outreach within 72 hours and connect the student to academic, advising, and financial support.",Dropout
3728,0.5027209247517077,1,Medium,"Schedule a check-in within two weeks and review attendance, coursework, and advising needs.",Graduate
3729,0.25564777191839944,0,Low,Continue routine monitoring and reinforce the student's current supports.,Graduate
3730,0.04243198638123008,0,Low,Continue routine monitoring and reinforce the student's current supports.,Graduate
3731,0.1927611749059186,0,Low,Continue routine monitoring and reinforce the student's current supports.,Graduate
3732,0.9758907504731353,1,High,"Start proactive outreach within 72 hours and connect the student to academic, advising, and financial support.",Dropout
3733,0.2981907164128066,0,Low,Continue routine monitoring and reinforce the student's current supports.,Graduate
3734,0.20160234488927092,0,Low,Continue routine monitoring and reinforce the student's current supports.,Dropout
3735,0.25587804189280816,0,Low,Continue routine monitoring and reinforce the student's current supports.,Dropout
3736,0.11003801534061967,0,Low,Continue routine monitoring and reinforce the student's current supports.,Graduate
3737,0.14853877730599752,0,Low,Continue routine monitoring and reinforce the student's current supports.,Enrolled
3738,0.6845519760525053,1,High,"Start proactive outreach within 72 hours and connect the student to academic, advising, and financial support.",Enrolled
3739,0.14977675736294496,0,Low,Continue routine monitoring and reinforce the student's current supports.,Graduate
3740,0.517736183947181,1,Medium,"Schedule a check-in within two weeks and review attendance, coursework, and advising needs.",Dropout
3741,0.294130408800223,0,Low,Continue routine monitoring and reinforce the student's current supports.,Dropout
3742,0.19448403179265888,0,Low,Continue routine monitoring and reinforce the student's current supports.,Enrolled
3743,0.13735486762952567,0,Low,Continue routine monitoring and reinforce the student's current supports.,Graduate
3744,0.1502650150831654,0,Low,Continue routine monitoring and reinforce the student's current supports.,Enrolled
3745,0.9910807833227484,1,High,"Start proactive outreach within 72 hours and connect the student to academic, advising, and financial support.",Dropout
3746,0.921173371591035,1,High,"Start proactive outreach within 72 hours and connect the student to academic, advising, and financial support.",Graduate
3747,0.01890359302478336,0,Low,Continue routine monitoring and reinforce the student's current supports.,Graduate
3748,0.47117924323356597,0,Medium,"Schedule a check-in within two weeks and review attendance, coursework, and advising needs.",Graduate
3749,0.9932945649226517,1,High,"Start proactive outreach within 72 hours and connect the student to academic, advising, and financial support.",Dropout
3750,0.04954434384180227,0,Low,Continue routine monitoring and reinforce the student's current supports.,Graduate
3751,0.11813660678081274,0,Low,Continue routine monitoring and reinforce the student's current supports.,Graduate
3752,0.11071524141704067,0,Low,Continue routine monitoring and reinforce the student's current supports.,Graduate
3753,0.20317512388839915,0,Low,Continue routine monitoring and reinforce the student's current supports.,Graduate
3754,0.10794574701365665,0,Low,Continue routine monitoring and reinforce the student's current supports.,Graduate
3755,0.9363708825456103,1,High,"Start proactive outreach within 72 hours and connect the student to academic, advising, and financial support.",Dropout
3756,0.11307396448394341,0,Low,Continue routine monitoring and reinforce the student's current supports.,Dropout
3757,0.26459280854450257,0,Low,Continue routine monitoring and reinforce the student's current supports.,Graduate
3758,0.03095192211259453,0,Low,Continue routine monitoring and reinforce the student's current supports.,Graduate
3759,0.13078830256486082,0,Low,Continue routine monitoring and reinforce the student's current supports.,Enrolled
3760,0.9573622369589065,1,High,"Start proactive outreach within 72 hours and connect the student to academic, advising, and financial support.",Dropout
3761,0.17980447274148775,0,Low,Continue routine monitoring and reinforce the student's current supports.,Graduate
3762,0.9985321966525013,1,High,"Start proactive outreach within 72 hours and connect the student to academic, advising, and financial support.",Dropout
3763,0.027026266456957805,0,Low,Continue routine monitoring and reinforce the student's current supports.,Graduate
3764,0.03776184350714265,0,Low,Continue routine monitoring and reinforce the student's current supports.,Graduate
3765,0.03117345336882679,0,Low,Continue routine monitoring and reinforce the student's current supports.,Graduate
3766,0.05590943901683487,0,Low,Continue routine monitoring and reinforce the student's current supports.,Graduate
3767,0.0860471862132725,0,Low,Continue routine monitoring and reinforce the student's current supports.,Graduate
3768,0.998674981591095,1,High,"Start proactive outreach within 72 hours and connect the student to academic, advising, and financial support.",Dropout
3769,0.21464022967217664,0,Low,Continue routine monitoring and reinforce the student's current supports.,Enrolled
3770,0.20534015416981477,0,Low,Continue routine monitoring and reinforce the student's current supports.,Dropout
3771,0.9692966533770186,1,High,"Start proactive outreach within 72 hours and connect the student to academic, advising, and financial support.",Dropout
3772,0.09747911332577885,0,Low,Continue routine monitoring and reinforce the student's current supports.,Graduate
3773,0.025612410493081772,0,Low,Continue routine monitoring and reinforce the student's current supports.,Graduate
3774,0.999139247209016,1,High,"Start proactive outreach within 72 hours and connect the student to academic, advising, and financial support.",Dropout
3775,0.02335428583774218,0,Low,Continue routine monitoring and reinforce the student's current supports.,Graduate
3776,0.831535616081125,1,High,"Start proactive outreach within 72 hours and connect the student to academic, advising, and financial support.",Dropout
3777,0.2379053594668952,0,Low,Continue routine monitoring and reinforce the student's current supports.,Graduate
3778,0.14329595894347993,0,Low,Continue routine monitoring and reinforce the student's current supports.,Graduate
3779,0.6222568478734661,1,Medium,"Schedule a check-in within two weeks and review attendance, coursework, and advising needs.",Enrolled
3780,0.5359077623324539,1,Medium,"Schedule a check-in within two weeks and review attendance, coursework, and advising needs.",Enrolled
3781,0.10332726816023244,0,Low,Continue routine monitoring and reinforce the student's current supports.,Graduate
3782,0.03206127607042012,0,Low,Continue routine monitoring and reinforce the student's current supports.,Graduate
3783,0.16968309715851668,0,Low,Continue routine monitoring and reinforce the student's current supports.,Graduate
3784,0.12050564747732301,0,Low,Continue routine monitoring and reinforce the student's current supports.,Enrolled
3785,0.9009471907591081,1,High,"Start proactive outreach within 72 hours and connect the student to academic, advising, and financial support.",Dropout
3786,0.3259499958559293,0,Low,Continue routine monitoring and reinforce the student's current supports.,Enrolled
3787,0.7081846532723937,1,High,"Start proactive outreach within 72 hours and connect the student to academic, advising, and financial support.",Dropout
3788,0.7491839383596597,1,High,"Start proactive outreach within 72 hours and connect the student to academic, advising, and financial support.",Dropout
3789,0.027044251008788853,0,Low,Continue routine monitoring and reinforce the student's current supports.,Enrolled
3790,0.9908605603247828,1,High,"Start proactive outreach within 72 hours and connect the student to academic, advising, and financial support.",Dropout
3791,0.05522743542249603,0,Low,Continue routine monitoring and reinforce the student's current supports.,Graduate
3792,0.7910229509056157,1,High,"Start proactive outreach within 72 hours and connect the student to academic, advising, and financial support.",Dropout
3793,0.9987500237314842,1,High,"Start proactive outreach within 72 hours and connect the student to academic, advising, and financial support.",Dropout
3794,0.9798763543043931,1,High,"Start proactive outreach within 72 hours and connect the student to academic, advising, and financial support.",Dropout
3795,0.6664195759740855,1,High,"Start proactive outreach within 72 hours and connect the student to academic, advising, and financial support.",Dropout
3796,0.03391402090245517,0,Low,Continue routine monitoring and reinforce the student's current supports.,Graduate
3797,0.16925563769236399,0,Low,Continue routine monitoring and reinforce the student's current supports.,Graduate
3798,0.9846914547541694,1,High,"Start proactive outreach within 72 hours and connect the student to academic, advising, and financial support.",Dropout
3799,0.07551988594453406,0,Low,Continue routine monitoring and reinforce the student's current supports.,Graduate
3800,0.9980651070970998,1,High,"Start proactive outreach within 72 hours and connect the student to academic, advising, and financial support.",Dropout
3801,0.9957894973834521,1,High,"Start proactive outreach within 72 hours and connect the student to academic, advising, and financial support.",Dropout
3802,0.042485238052737004,0,Low,Continue routine monitoring and reinforce the student's current supports.,Graduate
3803,0.01006499466653184,0,Low,Continue routine monitoring and reinforce the student's current supports.,Graduate
3804,0.23716868488754697,0,Low,Continue routine monitoring and reinforce the student's current supports.,Graduate
3805,0.2962264986437139,0,Low,Continue routine monitoring and reinforce the student's current supports.,Dropout
3806,0.9727530029271333,1,High,"Start proactive outreach within 72 hours and connect the student to academic, advising, and financial support.",Dropout
3807,0.16807558392956057,0,Low,Continue routine monitoring and reinforce the student's current supports.,Graduate
3808,0.65046356297264,1,Medium,"Schedule a check-in within two weeks and review attendance, coursework, and advising needs.",Graduate
3809,0.721236276898948,1,High,"Start proactive outreach within 72 hours and connect the student to academic, advising, and financial support.",Dropout
3810,0.6915821125676889,1,High,"Start proactive outreach within 72 hours and connect the student to academic, advising, and financial support.",Dropout
3811,0.08743310405647005,0,Low,Continue routine monitoring and reinforce the student's current supports.,Enrolled
3812,0.9424564808173417,1,High,"Start proactive outreach within 72 hours and connect the student to academic, advising, and financial support.",Dropout
3813,0.1540203257725762,0,Low,Continue routine monitoring and reinforce the student's current supports.,Graduate
3814,0.030625877768042972,0,Low,Continue routine monitoring and reinforce the student's current supports.,Graduate
3815,0.12220889355725165,0,Low,Continue routine monitoring and reinforce the student's current supports.,Graduate
3816,0.04563054997668959,0,Low,Continue routine monitoring and reinforce the student's current supports.,Enrolled
3817,0.30657166542381137,0,Low,Continue routine monitoring and reinforce the student's current supports.,Dropout
3818,0.10888039023995519,0,Low,Continue routine monitoring and reinforce the student's current supports.,Graduate
3819,0.9270252829253024,1,High,"Start proactive outreach within 72 hours and connect the student to academic, advising, and financial support.",Dropout
3820,0.9980340833102787,1,High,"Start proactive outreach within 72 hours and connect the student to academic, advising, and financial support.",Dropout
3821,0.2940417160536941,0,Low,Continue routine monitoring and reinforce the student's current supports.,Enrolled
3822,0.9545622618950094,1,High,"Start proactive outreach within 72 hours and connect the student to academic, advising, and financial support.",Dropout
3823,0.27528567966964734,0,Low,Continue routine monitoring and reinforce the student's current supports.,Graduate
3824,0.8677702716821601,1,High,"Start proactive outreach within 72 hours and connect the student to academic, advising, and financial support.",Dropout
3825,0.7788500038986758,1,High,"Start proactive outreach within 72 hours and connect the student to academic, advising, and financial support.",Enrolled
3826,0.4907633408323738,0,Medium,"Schedule a check-in within two weeks and review attendance, coursework, and advising needs.",Dropout
3827,0.9175000897173146,1,High,"Start proactive outreach within 72 hours and connect the student to academic, advising, and financial support.",Dropout
3828,0.048519095974033415,0,Low,Continue routine monitoring and reinforce the student's current supports.,Graduate
3829,0.7896697170225798,1,High,"Start proactive outreach within 72 hours and connect the student to academic, advising, and financial support.",Dropout
3830,0.1382890956680077,0,Low,Continue routine monitoring and reinforce the student's current supports.,Dropout
3831,0.13661153532614048,0,Low,Continue routine monitoring and reinforce the student's current supports.,Graduate
3832,0.399976491011497,0,Medium,"Schedule a check-in within two weeks and review attendance, coursework, and advising needs.",Enrolled
3833,0.7691542552095912,1,High,"Start proactive outreach within 72 hours and connect the student to academic, advising, and financial support.",Enrolled
3834,0.9895102597117913,1,High,"Start proactive outreach within 72 hours and connect the student to academic, advising, and financial support.",Dropout
3835,0.12229622556561881,0,Low,Continue routine monitoring and reinforce the student's current supports.,Graduate
3836,0.9889110006320001,1,High,"Start proactive outreach within 72 hours and connect the student to academic, advising, and financial support.",Dropout
3837,0.902086742385786,1,High,"Start proactive outreach within 72 hours and connect the student to academic, advising, and financial support.",Dropout
3838,0.9078284143252257,1,High,"Start proactive outreach within 72 hours and connect the student to academic, advising, and financial support.",Dropout
3839,0.6599000726105828,1,Medium,"Schedule a check-in within two weeks and review attendance, coursework, and advising needs.",Dropout
3840,0.9032403969824188,1,High,"Start proactive outreach within 72 hours and connect the student to academic, advising, and financial support.",Dropout
3841,0.3722893395046856,0,Medium,"Schedule a check-in within two weeks and review attendance, coursework, and advising needs.",Enrolled
3842,0.35180306816270984,0,Medium,"Schedule a check-in within two weeks and review attendance, coursework, and advising needs.",Enrolled
3843,0.9786291389676026,1,High,"Start proactive outreach within 72 hours and connect the student to academic, advising, and financial support.",Dropout
3844,0.8523503594391768,1,High,"Start proactive outreach within 72 hours and connect the student to academic, advising, and financial support.",Dropout
3845,0.21714872316712594,0,Low,Continue routine monitoring and reinforce the student's current supports.,Graduate
3846,0.9977711838159196,1,High,"Start proactive outreach within 72 hours and connect the student to academic, advising, and financial support.",Dropout
3847,0.9931042475855444,1,High,"Start proactive outreach within 72 hours and connect the student to academic, advising, and financial support.",Dropout
3848,0.9968876906685168,1,High,"Start proactive outreach within 72 hours and connect the student to academic, advising, and financial support.",Dropout
3849,0.889143580250555,1,High,"Start proactive outreach within 72 hours and connect the student to academic, advising, and financial support.",Dropout
3850,0.10889236564356712,0,Low,Continue routine monitoring and reinforce the student's current supports.,Graduate
3851,0.9983332064378945,1,High,"Start proactive outreach within 72 hours and connect the student to academic, advising, and financial support.",Dropout
3852,0.8725986681102215,1,High,"Start proactive outreach within 72 hours and connect the student to academic, advising, and financial support.",Dropout
3853,0.9621048887550614,1,High,"Start proactive outreach within 72 hours and connect the student to academic, advising, and financial support.",Dropout
3854,0.4480397067446434,0,Medium,"Schedule a check-in within two weeks and review attendance, coursework, and advising needs.",Dropout
3855,0.9990656542097551,1,High,"Start proactive outreach within 72 hours and connect the student to academic, advising, and financial support.",Dropout
3856,0.17295122876995436,0,Low,Continue routine monitoring and reinforce the student's current supports.,Graduate
3857,0.5025557928156341,1,Medium,"Schedule a check-in within two weeks and review attendance, coursework, and advising needs.",Graduate
3858,0.3104468753421383,0,Low,Continue routine monitoring and reinforce the student's current supports.,Graduate
3859,0.9719431819818927,1,High,"Start proactive outreach within 72 hours and connect the student to academic, advising, and financial support.",Dropout
3860,0.9202374300793514,1,High,"Start proactive outreach within 72 hours and connect the student to academic, advising, and financial support.",Dropout
3861,0.7189043084600583,1,High,"Start proactive outreach within 72 hours and connect the student to academic, advising, and financial support.",Dropout
3862,0.97888135723291,1,High,"Start proactive outreach within 72 hours and connect the student to academic, advising, and financial support.",Dropout
3863,0.08114998332461479,0,Low,Continue routine monitoring and reinforce the student's current supports.,Graduate
3864,0.0318032307517083,0,Low,Continue routine monitoring and reinforce the student's current supports.,Graduate
3865,0.9662971003224139,1,High,"Start proactive outreach within 72 hours and connect the student to academic, advising, and financial support.",Dropout
3866,0.9666531995155702,1,High,"Start proactive outreach within 72 hours and connect the student to academic, advising, and financial support.",Dropout
3867,0.985896612614616,1,High,"Start proactive outreach within 72 hours and connect the student to academic, advising, and financial support.",Dropout
3868,0.11694752059035736,0,Low,Continue routine monitoring and reinforce the student's current supports.,Graduate
3869,0.1315007489666583,0,Low,Continue routine monitoring and reinforce the student's current supports.,Graduate
3870,0.9367326464593813,1,High,"Start proactive outreach within 72 hours and connect the student to academic, advising, and financial support.",Dropout
3871,0.14612778097784979,0,Low,Continue routine monitoring and reinforce the student's current supports.,Graduate
3872,0.09715520636804797,0,Low,Continue routine monitoring and reinforce the student's current supports.,Graduate
3873,0.060990795793012406,0,Low,Continue routine monitoring and reinforce the student's current supports.,Graduate
3874,0.9894798552720308,1,High,"Start proactive outreach within 72 hours and connect the student to academic, advising, and financial support.",Dropout
3875,0.9997221008570337,1,High,"Start proactive outreach within 72 hours and connect the student to academic, advising, and financial support.",Dropout
3876,0.9941010961439304,1,High,"Start proactive outreach within 72 hours and connect the student to academic, advising, and financial support.",Dropout
3877,0.10045657402336332,0,Low,Continue routine monitoring and reinforce the student's current supports.,Dropout
3878,0.009401483757868138,0,Low,Continue routine monitoring and reinforce the student's current supports.,Graduate
3879,0.0699735255428047,0,Low,Continue routine monitoring and reinforce the student's current supports.,Graduate
3880,0.35998974375166437,0,Medium,"Schedule a check-in within two weeks and review attendance, coursework, and advising needs.",Graduate
3881,0.2353552854017194,0,Low,Continue routine monitoring and reinforce the student's current supports.,Graduate
3882,0.07714367095085202,0,Low,Continue routine monitoring and reinforce the student's current supports.,Graduate
3883,0.9385375271470334,1,High,"Start proactive outreach within 72 hours and connect the student to academic, advising, and financial support.",Dropout
3884,0.17534575066931893,0,Low,Continue routine monitoring and reinforce the student's current supports.,Graduate
3885,0.08490787500103816,0,Low,Continue routine monitoring and reinforce the student's current supports.,Graduate
3886,0.046536965724288885,0,Low,Continue routine monitoring and reinforce the student's current supports.,Graduate
3887,0.11618019352523565,0,Low,Continue routine monitoring and reinforce the student's current supports.,Enrolled
3888,0.12516487847551827,0,Low,Continue routine monitoring and reinforce the student's current supports.,Enrolled
3889,0.051760042865389315,0,Low,Continue routine monitoring and reinforce the student's current supports.,Graduate
3890,0.03624018774747051,0,Low,Continue routine monitoring and reinforce the student's current supports.,Graduate
3891,0.1678958166923552,0,Low,Continue routine monitoring and reinforce the student's current supports.,Enrolled
3892,0.10256193571774304,0,Low,Continue routine monitoring and reinforce the student's current supports.,Enrolled
3893,0.1813055942116744,0,Low,Continue routine monitoring and reinforce the student's current supports.,Graduate
3894,0.9769947902548417,1,High,"Start proactive outreach within 72 hours and connect the student to academic, advising, and financial support.",Dropout
3895,0.2640686098686852,0,Low,Continue routine monitoring and reinforce the student's current supports.,Enrolled
3896,0.047157287940611525,0,Low,Continue routine monitoring and reinforce the student's current supports.,Graduate
3897,0.9747652474239425,1,High,"Start proactive outreach within 72 hours and connect the student to academic, advising, and financial support.",Enrolled
3898,0.03145035993400502,0,Low,Continue routine monitoring and reinforce the student's current supports.,Graduate
3899,0.3714743922803976,0,Medium,"Schedule a check-in within two weeks and review attendance, coursework, and advising needs.",Graduate
3900,0.5882945580058646,1,Medium,"Schedule a check-in within two weeks and review attendance, coursework, and advising needs.",Enrolled
3901,0.07831601640953433,0,Low,Continue routine monitoring and reinforce the student's current supports.,Graduate
3902,0.2950732571889878,0,Low,Continue routine monitoring and reinforce the student's current supports.,Enrolled
3903,0.30265018547048805,0,Low,Continue routine monitoring and reinforce the student's current supports.,Enrolled
3904,0.8917892320357388,1,High,"Start proactive outreach within 72 hours and connect the student to academic, advising, and financial support.",Dropout
3905,0.9986788473771236,1,High,"Start proactive outreach within 72 hours and connect the student to academic, advising, and financial support.",Dropout
3906,0.2166584783723853,0,Low,Continue routine monitoring and reinforce the student's current supports.,Graduate
3907,0.0746596259191272,0,Low,Continue routine monitoring and reinforce the student's current supports.,Graduate
3908,0.195219249962105,0,Low,Continue routine monitoring and reinforce the student's current supports.,Enrolled
3909,0.07191609396330902,0,Low,Continue routine monitoring and reinforce the student's current supports.,Graduate
3910,0.9933324360942635,1,High,"Start proactive outreach within 72 hours and connect the student to academic, advising, and financial support.",Dropout
3911,0.1618837773079006,0,Low,Continue routine monitoring and reinforce the student's current supports.,Enrolled
3912,0.06443072894089613,0,Low,Continue routine monitoring and reinforce the student's current supports.,Graduate
3913,0.1537290485833109,0,Low,Continue routine monitoring and reinforce the student's current supports.,Graduate
3914,0.33595603552220016,0,Medium,"Schedule a check-in within two weeks and review attendance, coursework, and advising needs.",Graduate
3915,0.7010447423616257,1,High,"Start proactive outreach within 72 hours and connect the student to academic, advising, and financial support.",Dropout
3916,0.027769919678522145,0,Low,Continue routine monitoring and reinforce the student's current supports.,Graduate
3917,0.01706788721809102,0,Low,Continue routine monitoring and reinforce the student's current supports.,Graduate
3918,0.0767445138832306,0,Low,Continue routine monitoring and reinforce the student's current supports.,Graduate
3919,0.12489293123463761,0,Low,Continue routine monitoring and reinforce the student's current supports.,Enrolled
3920,0.09756691109563174,0,Low,Continue routine monitoring and reinforce the student's current supports.,Graduate
3921,0.11583696696743642,0,Low,Continue routine monitoring and reinforce the student's current supports.,Graduate
3922,0.07559590052870196,0,Low,Continue routine monitoring and reinforce the student's current supports.,Graduate
3923,0.03631685172848764,0,Low,Continue routine monitoring and reinforce the student's current supports.,Graduate
3924,0.037383116642708374,0,Low,Continue routine monitoring and reinforce the student's current supports.,Graduate
3925,0.13638402120478435,0,Low,Continue routine monitoring and reinforce the student's current supports.,Enrolled
3926,0.9142936273702121,1,High,"Start proactive outreach within 72 hours and connect the student to academic, advising, and financial support.",Enrolled
3927,0.04376979416757552,0,Low,Continue routine monitoring and reinforce the student's current supports.,Graduate
3928,0.8898549584860266,1,High,"Start proactive outreach within 72 hours and connect the student to academic, advising, and financial support.",Dropout
3929,0.235869489662455,0,Low,Continue routine monitoring and reinforce the student's current supports.,Graduate
3930,0.1311324576416578,0,Low,Continue routine monitoring and reinforce the student's current supports.,Enrolled
3931,0.051192931217460186,0,Low,Continue routine monitoring and reinforce the student's current supports.,Graduate
3932,0.2981067478666726,0,Low,Continue routine monitoring and reinforce the student's current supports.,Graduate
3933,0.18768228445230498,0,Low,Continue routine monitoring and reinforce the student's current supports.,Graduate
3934,0.7502137092338274,1,High,"Start proactive outreach within 72 hours and connect the student to academic, advising, and financial support.",Enrolled
3935,0.9711006690032163,1,High,"Start proactive outreach within 72 hours and connect the student to academic, advising, and financial support.",Dropout
3936,0.4163897175526375,0,Medium,"Schedule a check-in within two weeks and review attendance, coursework, and advising needs.",Enrolled
3937,0.7572758594164665,1,High,"Start proactive outreach within 72 hours and connect the student to academic, advising, and financial support.",Dropout
3938,0.6338702692482664,1,Medium,"Schedule a check-in within two weeks and review attendance, coursework, and advising needs.",Enrolled
3939,0.02771466791761935,0,Low,Continue routine monitoring and reinforce the student's current supports.,Graduate
3940,0.06536361262094836,0,Low,Continue routine monitoring and reinforce the student's current supports.,Graduate
3941,0.2955690266618246,0,Low,Continue routine monitoring and reinforce the student's current supports.,Enrolled
3942,0.9970217378422206,1,High,"Start proactive outreach within 72 hours and connect the student to academic, advising, and financial support.",Dropout
3943,0.12539628921397397,0,Low,Continue routine monitoring and reinforce the student's current supports.,Graduate
3944,0.9963457695684327,1,High,"Start proactive outreach within 72 hours and connect the student to academic, advising, and financial support.",Dropout
3945,0.9938245324092065,1,High,"Start proactive outreach within 72 hours and connect the student to academic, advising, and financial support.",Dropout
3946,0.12135607475131009,0,Low,Continue routine monitoring and reinforce the student's current supports.,Graduate
3947,0.3094588734302813,0,Low,Continue routine monitoring and reinforce the student's current supports.,Graduate
3948,0.9923438882698619,1,High,"Start proactive outreach within 72 hours and connect the student to academic, advising, and financial support.",Dropout
3949,0.32126504401257816,0,Low,Continue routine monitoring and reinforce the student's current supports.,Graduate
3950,0.021011188843187194,0,Low,Continue routine monitoring and reinforce the student's current supports.,Graduate
3951,0.3015085268295169,0,Low,Continue routine monitoring and reinforce the student's current supports.,Dropout
3952,0.9725387891018183,1,High,"Start proactive outreach within 72 hours and connect the student to academic, advising, and financial support.",Dropout
3953,0.07050058372185922,0,Low,Continue routine monitoring and reinforce the student's current supports.,Graduate
3954,0.16034995777248173,0,Low,Continue routine monitoring and reinforce the student's current supports.,Graduate
3955,0.9328528580738003,1,High,"Start proactive outreach within 72 hours and connect the student to academic, advising, and financial support.",Dropout
3956,0.9938352046630551,1,High,"Start proactive outreach within 72 hours and connect the student to academic, advising, and financial support.",Dropout
3957,0.07626267748222476,0,Low,Continue routine monitoring and reinforce the student's current supports.,Graduate
3958,0.2577911494639534,0,Low,Continue routine monitoring and reinforce the student's current supports.,Graduate
3959,0.0661884820789872,0,Low,Continue routine monitoring and reinforce the student's current supports.,Graduate
3960,0.03208954968530658,0,Low,Continue routine monitoring and reinforce the student's current supports.,Graduate
3961,0.9981497582238983,1,High,"Start proactive outreach within 72 hours and connect the student to academic, advising, and financial support.",Dropout
3962,0.03417132222189179,0,Low,Continue routine monitoring and reinforce the student's current supports.,Graduate
3963,0.1368391334394135,0,Low,Continue routine monitoring and reinforce the student's current supports.,Graduate
3964,0.027011326458813045,0,Low,Continue routine monitoring and reinforce the student's current supports.,Graduate
3965,0.9476253693481613,1,High,"Start proactive outreach within 72 hours and connect the student to academic, advising, and financial support.",Dropout
3966,0.011985990482788773,0,Low,Continue routine monitoring and reinforce the student's current supports.,Graduate
3967,0.1804571273843386,0,Low,Continue routine monitoring and reinforce the student's current supports.,Dropout
3968,0.9168735507460669,1,High,"Start proactive outreach within 72 hours and connect the student to academic, advising, and financial support.",Enrolled
3969,0.2900622602710959,0,Low,Continue routine monitoring and reinforce the student's current supports.,Graduate
3970,0.15138998482399865,0,Low,Continue routine monitoring and reinforce the student's current supports.,Graduate
3971,0.11960049622138934,0,Low,Continue routine monitoring and reinforce the student's current supports.,Graduate
3972,0.0948933870698454,0,Low,Continue routine monitoring and reinforce the student's current supports.,Graduate
3973,0.2505647578188267,0,Low,Continue routine monitoring and reinforce the student's current supports.,Graduate
3974,0.052014586470983,0,Low,Continue routine monitoring and reinforce the student's current supports.,Graduate
3975,0.05615145601107826,0,Low,Continue routine monitoring and reinforce the student's current supports.,Graduate
3976,0.12623013051655374,0,Low,Continue routine monitoring and reinforce the student's current supports.,Graduate
3977,0.03588248345448423,0,Low,Continue routine monitoring and reinforce the student's current supports.,Graduate
3978,0.1084096110524389,0,Low,Continue routine monitoring and reinforce the student's current supports.,Graduate
3979,0.09414550881599974,0,Low,Continue routine monitoring and reinforce the student's current supports.,Graduate
3980,0.3559955564702092,0,Medium,"Schedule a check-in within two weeks and review attendance, coursework, and advising needs.",Enrolled
3981,0.05104903917840388,0,Low,Continue routine monitoring and reinforce the student's current supports.,Graduate
3982,0.1400104842675237,0,Low,Continue routine monitoring and reinforce the student's current supports.,Graduate
3983,0.16381736011030282,0,Low,Continue routine monitoring and reinforce the student's current supports.,Graduate
3984,0.03028270136467892,0,Low,Continue routine monitoring and reinforce the student's current supports.,Graduate
3985,0.9926333849260558,1,High,"Start proactive outreach within 72 hours and connect the student to academic, advising, and financial support.",Dropout
3986,0.04731781580031738,0,Low,Continue routine monitoring and reinforce the student's current supports.,Graduate
3987,0.29203229568971717,0,Low,Continue routine monitoring and reinforce the student's current supports.,Graduate
3988,0.07096673043742985,0,Low,Continue routine monitoring and reinforce the student's current supports.,Graduate
3989,0.0754946998963992,0,Low,Continue routine monitoring and reinforce the student's current supports.,Graduate
3990,0.6420595768146526,1,Medium,"Schedule a check-in within two weeks and review attendance, coursework, and advising needs.",Graduate
3991,0.039392860370074334,0,Low,Continue routine monitoring and reinforce the student's current supports.,Graduate
3992,0.8929920539705944,1,High,"Start proactive outreach within 72 hours and connect the student to academic, advising, and financial support.",Dropout
3993,0.00585229981510476,0,Low,Continue routine monitoring and reinforce the student's current supports.,Graduate
3994,0.5885655848446287,1,Medium,"Schedule a check-in within two weeks and review attendance, coursework, and advising needs.",Graduate
3995,0.046252535527011855,0,Low,Continue routine monitoring and reinforce the student's current supports.,Graduate
3996,0.9358338849977184,1,High,"Start proactive outreach within 72 hours and connect the student to academic, advising, and financial support.",Dropout
3997,0.8667486561901125,1,High,"Start proactive outreach within 72 hours and connect the student to academic, advising, and financial support.",Dropout
3998,0.013383113044812892,0,Low,Continue routine monitoring and reinforce the student's current supports.,Graduate
3999,0.8930733927914092,1,High,"Start proactive outreach within 72 hours and connect the student to academic, advising, and financial support.",Dropout
4000,0.10820512382599162,0,Low,Continue routine monitoring and reinforce the student's current supports.,Dropout
4001,0.9995922274406481,1,High,"Start proactive outreach within 72 hours and connect the student to academic, advising, and financial support.",Dropout
4002,0.9473825926490628,1,High,"Start proactive outreach within 72 hours and connect the student to academic, advising, and financial support.",Dropout
4003,0.18910497760571143,0,Low,Continue routine monitoring and reinforce the student's current supports.,Graduate
4004,0.08294696413385633,0,Low,Continue routine monitoring and reinforce the student's current supports.,Graduate
4005,0.06917896505799884,0,Low,Continue routine monitoring and reinforce the student's current supports.,Graduate
4006,0.9906032539955555,1,High,"Start proactive outreach within 72 hours and connect the student to academic, advising, and financial support.",Dropout
4007,0.06936213782138327,0,Low,Continue routine monitoring and reinforce the student's current supports.,Graduate
4008,0.9618856632448349,1,High,"Start proactive outreach within 72 hours and connect the student to academic, advising, and financial support.",Dropout
4009,0.9989613371848113,1,High,"Start proactive outreach within 72 hours and connect the student to academic, advising, and financial support.",Dropout
4010,0.9862467396455558,1,High,"Start proactive outreach within 72 hours and connect the student to academic, advising, and financial support.",Dropout
4011,0.9960699830225861,1,High,"Start proactive outreach within 72 hours and connect the student to academic, advising, and financial support.",Dropout
4012,0.167777500388825,0,Low,Continue routine monitoring and reinforce the student's current supports.,Enrolled
4013,0.9894963652881645,1,High,"Start proactive outreach within 72 hours and connect the student to academic, advising, and financial support.",Dropout
4014,0.05771613691149276,0,Low,Continue routine monitoring and reinforce the student's current supports.,Graduate
4015,0.03273891666716086,0,Low,Continue routine monitoring and reinforce the student's current supports.,Graduate
4016,0.42337718511822764,0,Medium,"Schedule a check-in within two weeks and review attendance, coursework, and advising needs.",Dropout
4017,0.4332655136417552,0,Medium,"Schedule a check-in within two weeks and review attendance, coursework, and advising needs.",Dropout
4018,0.7812493196189485,1,High,"Start proactive outreach within 72 hours and connect the student to academic, advising, and financial support.",Dropout
4019,0.11331939805224497,0,Low,Continue routine monitoring and reinforce the student's current supports.,Graduate
4020,0.026022189008654457,0,Low,Continue routine monitoring and reinforce the student's current supports.,Graduate
4021,0.8646563677565209,1,High,"Start proactive outreach within 72 hours and connect the student to academic, advising, and financial support.",Dropout
4022,0.06976013559938647,0,Low,Continue routine monitoring and reinforce the student's current supports.,Graduate
4023,0.07679809985986459,0,Low,Continue routine monitoring and reinforce the student's current supports.,Graduate
4024,0.1991359404369835,0,Low,Continue routine monitoring and reinforce the student's current supports.,Dropout
4025,0.10202502695711209,0,Low,Continue routine monitoring and reinforce the student's current supports.,Enrolled
4026,0.04293645291303962,0,Low,Continue routine monitoring and reinforce the student's current supports.,Enrolled
4027,0.14262158128608093,0,Low,Continue routine monitoring and reinforce the student's current supports.,Graduate
4028,0.21621955018375882,0,Low,Continue routine monitoring and reinforce the student's current supports.,Dropout
4029,0.04997325642469513,0,Low,Continue routine monitoring and reinforce the student's current supports.,Graduate
4030,0.9795640008369773,1,High,"Start proactive outreach within 72 hours and connect the student to academic, advising, and financial support.",Dropout
4031,0.27494425523821636,0,Low,Continue routine monitoring and reinforce the student's current supports.,Graduate
4032,0.010329521424082291,0,Low,Continue routine monitoring and reinforce the student's current supports.,Enrolled
4033,0.05448603335572201,0,Low,Continue routine monitoring and reinforce the student's current supports.,Graduate
4034,0.5082912509399733,1,Medium,"Schedule a check-in within two weeks and review attendance, coursework, and advising needs.",Dropout
4035,0.9974870072371872,1,High,"Start proactive outreach within 72 hours and connect the student to academic, advising, and financial support.",Dropout
4036,0.9979496882841457,1,High,"Start proactive outreach within 72 hours and connect the student to academic, advising, and financial support.",Dropout
4037,0.15124340264314476,0,Low,Continue routine monitoring and reinforce the student's current supports.,Graduate
4038,0.3461821945001502,0,Medium,"Schedule a check-in within two weeks and review attendance, coursework, and advising needs.",Enrolled
4039,0.034104310433824704,0,Low,Continue routine monitoring and reinforce the student's current supports.,Graduate
4040,0.14337527941959943,0,Low,Continue routine monitoring and reinforce the student's current supports.,Graduate
4041,0.0520802380134505,0,Low,Continue routine monitoring and reinforce the student's current supports.,Graduate
4042,0.07851412224344899,0,Low,Continue routine monitoring and reinforce the student's current supports.,Graduate
4043,0.12311605000848407,0,Low,Continue routine monitoring and reinforce the student's current supports.,Graduate
4044,0.05825281528990686,0,Low,Continue routine monitoring and reinforce the student's current supports.,Enrolled
4045,0.0018873731424762217,0,Low,Continue routine monitoring and reinforce the student's current supports.,Graduate
4046,0.9832212323744659,1,High,"Start proactive outreach within 72 hours and connect the student to academic, advising, and financial support.",Dropout
4047,0.12497630386435647,0,Low,Continue routine monitoring and reinforce the student's current supports.,Graduate
4048,0.033072898119071915,0,Low,Continue routine monitoring and reinforce the student's current supports.,Graduate
4049,0.03625909116452802,0,Low,Continue routine monitoring and reinforce the student's current supports.,Graduate
4050,0.03835894080379501,0,Low,Continue routine monitoring and reinforce the student's current supports.,Graduate
4051,0.9957756430267657,1,High,"Start proactive outreach within 72 hours and connect the student to academic, advising, and financial support.",Dropout
4052,0.18579732900027893,0,Low,Continue routine monitoring and reinforce the student's current supports.,Graduate
4053,0.8623935864309556,1,High,"Start proactive outreach within 72 hours and connect the student to academic, advising, and financial support.",Dropout
4054,0.02844027547170134,0,Low,Continue routine monitoring and reinforce the student's current supports.,Enrolled
4055,0.0975266624279049,0,Low,Continue routine monitoring and reinforce the student's current supports.,Graduate
4056,0.36477858970373517,0,Medium,"Schedule a check-in within two weeks and review attendance, coursework, and advising needs.",Dropout
4057,0.1102524816256125,0,Low,Continue routine monitoring and reinforce the student's current supports.,Graduate
4058,0.16473932488435733,0,Low,Continue routine monitoring and reinforce the student's current supports.,Enrolled
4059,0.06159296037266133,0,Low,Continue routine monitoring and reinforce the student's current supports.,Graduate
4060,0.997757562225387,1,High,"Start proactive outreach within 72 hours and connect the student to academic, advising, and financial support.",Dropout
4061,0.05042921512562686,0,Low,Continue routine monitoring and reinforce the student's current supports.,Graduate
4062,0.24191023111360338,0,Low,Continue routine monitoring and reinforce the student's current supports.,Graduate
4063,0.015534518699528203,0,Low,Continue routine monitoring and reinforce the student's current supports.,Graduate
4064,0.13713520141884708,0,Low,Continue routine monitoring and reinforce the student's current supports.,Graduate
4065,0.8400668374958803,1,High,"Start proactive outreach within 72 hours and connect the student to academic, advising, and financial support.",Enrolled
4066,0.06549723015391684,0,Low,Continue routine monitoring and reinforce the student's current supports.,Enrolled
4067,0.025852105505894937,0,Low,Continue routine monitoring and reinforce the student's current supports.,Graduate
4068,0.9966734592605395,1,High,"Start proactive outreach within 72 hours and connect the student to academic, advising, and financial support.",Dropout
4069,0.06036016319240208,0,Low,Continue routine monitoring and reinforce the student's current supports.,Graduate
4070,0.038533188196639506,0,Low,Continue routine monitoring and reinforce the student's current supports.,Graduate
4071,0.05716333098679547,0,Low,Continue routine monitoring and reinforce the student's current supports.,Graduate
4072,0.33001531057677097,0,Medium,"Schedule a check-in within two weeks and review attendance, coursework, and advising needs.",Dropout
4073,0.04998863944287818,0,Low,Continue routine monitoring and reinforce the student's current supports.,Enrolled
4074,0.036571215669865514,0,Low,Continue routine monitoring and reinforce the student's current supports.,Graduate
4075,0.06847554072225406,0,Low,Continue routine monitoring and reinforce the student's current supports.,Graduate
4076,0.9663414698819462,1,High,"Start proactive outreach within 72 hours and connect the student to academic, advising, and financial support.",Dropout
4077,0.032068915019484154,0,Low,Continue routine monitoring and reinforce the student's current supports.,Graduate
4078,0.9847421330873319,1,High,"Start proactive outreach within 72 hours and connect the student to academic, advising, and financial support.",Dropout
4079,0.16623343063679838,0,Low,Continue routine monitoring and reinforce the student's current supports.,Graduate
4080,0.13778438422445013,0,Low,Continue routine monitoring and reinforce the student's current supports.,Enrolled
4081,0.8961172753502278,1,High,"Start proactive outreach within 72 hours and connect the student to academic, advising, and financial support.",Dropout
4082,0.1809053925615914,0,Low,Continue routine monitoring and reinforce the student's current supports.,Enrolled
4083,0.5790594640070736,1,Medium,"Schedule a check-in within two weeks and review attendance, coursework, and advising needs.",Enrolled
4084,0.37710531321940216,0,Medium,"Schedule a check-in within two weeks and review attendance, coursework, and advising needs.",Graduate
4085,0.9927579739672973,1,High,"Start proactive outreach within 72 hours and connect the student to academic, advising, and financial support.",Dropout
4086,0.9751311750239923,1,High,"Start proactive outreach within 72 hours and connect the student to academic, advising, and financial support.",Dropout
4087,0.051253030279818756,0,Low,Continue routine monitoring and reinforce the student's current supports.,Graduate
4088,0.042867517448480844,0,Low,Continue routine monitoring and reinforce the student's current supports.,Enrolled
4089,0.2026569158204049,0,Low,Continue routine monitoring and reinforce the student's current supports.,Enrolled
4090,0.9972988043299901,1,High,"Start proactive outreach within 72 hours and connect the student to academic, advising, and financial support.",Dropout
4091,0.3975265142085015,0,Medium,"Schedule a check-in within two weeks and review attendance, coursework, and advising needs.",Graduate
4092,0.9532673894592982,1,High,"Start proactive outreach within 72 hours and connect the student to academic, advising, and financial support.",Dropout
4093,0.8820757664556073,1,High,"Start proactive outreach within 72 hours and connect the student to academic, advising, and financial support.",Dropout
4094,0.10534745587321669,0,Low,Continue routine monitoring and reinforce the student's current supports.,Graduate
4095,0.20697517042406904,0,Low,Continue routine monitoring and reinforce the student's current supports.,Graduate
4096,0.037976411980338506,0,Low,Continue routine monitoring and reinforce the student's current supports.,Graduate
4097,0.03671698664139408,0,Low,Continue routine monitoring and reinforce the student's current supports.,Graduate
4098,0.3758558155644211,0,Medium,"Schedule a check-in within two weeks and review attendance, coursework, and advising needs.",Graduate
4099,0.9970939739116769,1,High,"Start proactive outreach within 72 hours and connect the student to academic, advising, and financial support.",Dropout
4100,0.9476055404874392,1,High,"Start proactive outreach within 72 hours and connect the student to academic, advising, and financial support.",Dropout
4101,0.06839182581302555,0,Low,Continue routine monitoring and reinforce the student's current supports.,Enrolled
4102,0.07342294039475981,0,Low,Continue routine monitoring and reinforce the student's current supports.,Graduate
4103,0.07009395466112502,0,Low,Continue routine monitoring and reinforce the student's current supports.,Graduate
4104,0.17635873080567432,0,Low,Continue routine monitoring and reinforce the student's current supports.,Enrolled
4105,0.04592267016708922,0,Low,Continue routine monitoring and reinforce the student's current supports.,Graduate
4106,0.1435204842753203,0,Low,Continue routine monitoring and reinforce the student's current supports.,Graduate
4107,0.46841006269559143,0,Medium,"Schedule a check-in within two weeks and review attendance, coursework, and advising needs.",Graduate
4108,0.17727662975702208,0,Low,Continue routine monitoring and reinforce the student's current supports.,Dropout
4109,0.1073346552310925,0,Low,Continue routine monitoring and reinforce the student's current supports.,Graduate
4110,0.06711510818464617,0,Low,Continue routine monitoring and reinforce the student's current supports.,Graduate
4111,0.031201452867563376,0,Low,Continue routine monitoring and reinforce the student's current supports.,Graduate
4112,0.0374711874380578,0,Low,Continue routine monitoring and reinforce the student's current supports.,Graduate
4113,0.0603771915758207,0,Low,Continue routine monitoring and reinforce the student's current supports.,Graduate
4114,0.985048271597012,1,High,"Start proactive outreach within 72 hours and connect the student to academic, advising, and financial support.",Dropout
4115,0.1718019688141484,0,Low,Continue routine monitoring and reinforce the student's current supports.,Graduate
4116,0.21038653530337054,0,Low,Continue routine monitoring and reinforce the student's current supports.,Enrolled
4117,0.37045475341558226,0,Medium,"Schedule a check-in within two weeks and review attendance, coursework, and advising needs.",Enrolled
4118,0.05020752890123274,0,Low,Continue routine monitoring and reinforce the student's current supports.,Graduate
4119,0.06324711082375073,0,Low,Continue routine monitoring and reinforce the student's current supports.,Graduate
4120,0.4304722073008532,0,Medium,"Schedule a check-in within two weeks and review attendance, coursework, and advising needs.",Graduate
4121,0.09442066999312163,0,Low,Continue routine monitoring and reinforce the student's current supports.,Graduate
4122,0.1402449751621339,0,Low,Continue routine monitoring and reinforce the student's current supports.,Graduate
4123,0.07190492699046241,0,Low,Continue routine monitoring and reinforce the student's current supports.,Graduate
4124,0.04165270226560438,0,Low,Continue routine monitoring and reinforce the student's current supports.,Graduate
4125,0.0874797209391482,0,Low,Continue routine monitoring and reinforce the student's current supports.,Enrolled
4126,0.0419422191795629,0,Low,Continue routine monitoring and reinforce the student's current supports.,Enrolled
4127,0.08371023002342072,0,Low,Continue routine monitoring and reinforce the student's current supports.,Enrolled
4128,0.02741824086703799,0,Low,Continue routine monitoring and reinforce the student's current supports.,Graduate
4129,0.5950638592392563,1,Medium,"Schedule a check-in within two weeks and review attendance, coursework, and advising needs.",Graduate
4130,0.08361489072740086,0,Low,Continue routine monitoring and reinforce the student's current supports.,Graduate
4131,0.035374128354236485,0,Low,Continue routine monitoring and reinforce the student's current supports.,Graduate
4132,0.09776668626611108,0,Low,Continue routine monitoring and reinforce the student's current supports.,Graduate
4133,0.34896060645203364,0,Medium,"Schedule a check-in within two weeks and review attendance, coursework, and advising needs.",Enrolled
4134,0.3479935443414026,0,Medium,"Schedule a check-in within two weeks and review attendance, coursework, and advising needs.",Enrolled
4135,0.0666727589419387,0,Low,Continue routine monitoring and reinforce the student's current supports.,Graduate
4136,0.06561255102752456,0,Low,Continue routine monitoring and reinforce the student's current supports.,Graduate
4137,0.009726874075179212,0,Low,Continue routine monitoring and reinforce the student's current supports.,Graduate
4138,0.28352507346650707,0,Low,Continue routine monitoring and reinforce the student's current supports.,Graduate
4139,0.5866333273500919,1,Medium,"Schedule a check-in within two weeks and review attendance, coursework, and advising needs.",Dropout
4140,0.2494055384865733,0,Low,Continue routine monitoring and reinforce the student's current supports.,Graduate
4141,0.9895987928663172,1,High,"Start proactive outreach within 72 hours and connect the student to academic, advising, and financial support.",Dropout
4142,0.7152191075198306,1,High,"Start proactive outreach within 72 hours and connect the student to academic, advising, and financial support.",Dropout
4143,0.09494229598836733,0,Low,Continue routine monitoring and reinforce the student's current supports.,Graduate
4144,0.12153526291303034,0,Low,Continue routine monitoring and reinforce the student's current supports.,Enrolled
4145,0.05726258162899443,0,Low,Continue routine monitoring and reinforce the student's current supports.,Enrolled
4146,0.9397703445827613,1,High,"Start proactive outreach within 72 hours and connect the student to academic, advising, and financial support.",Dropout
4147,0.6486415928813822,1,Medium,"Schedule a check-in within two weeks and review attendance, coursework, and advising needs.",Dropout
4148,0.8932014033638285,1,High,"Start proactive outreach within 72 hours and connect the student to academic, advising, and financial support.",Enrolled
4149,0.5455213682023362,1,Medium,"Schedule a check-in within two weeks and review attendance, coursework, and advising needs.",Enrolled
4150,0.05510788166793528,0,Low,Continue routine monitoring and reinforce the student's current supports.,Graduate
4151,0.2348157243401571,0,Low,Continue routine monitoring and reinforce the student's current supports.,Graduate
4152,0.48717942185740243,0,Medium,"Schedule a check-in within two weeks and review attendance, coursework, and advising needs.",Graduate
4153,0.41097551230660767,0,Medium,"Schedule a check-in within two weeks and review attendance, coursework, and advising needs.",Graduate
4154,0.5405585146409848,1,Medium,"Schedule a check-in within two weeks and review attendance, coursework, and advising needs.",Enrolled
4155,0.7661876622888657,1,High,"Start proactive outreach within 72 hours and connect the student to academic, advising, and financial support.",Dropout
4156,0.13905103245820447,0,Low,Continue routine monitoring and reinforce the student's current supports.,Graduate
4157,0.07653388008261883,0,Low,Continue routine monitoring and reinforce the student's current supports.,Enrolled
4158,0.9342105850066706,1,High,"Start proactive outreach within 72 hours and connect the student to academic, advising, and financial support.",Dropout
4159,0.05725599761100062,0,Low,Continue routine monitoring and reinforce the student's current supports.,Graduate
4160,0.0626074949348695,0,Low,Continue routine monitoring and reinforce the student's current supports.,Graduate
4161,0.13447547575695123,0,Low,Continue routine monitoring and reinforce the student's current supports.,Graduate
4162,0.5778704603836844,1,Medium,"Schedule a check-in within two weeks and review attendance, coursework, and advising needs.",Enrolled
4163,0.7088824009003004,1,High,"Start proactive outreach within 72 hours and connect the student to academic, advising, and financial support.",Dropout
4164,0.03984883991876332,0,Low,Continue routine monitoring and reinforce the student's current supports.,Graduate
4165,0.48549794804470725,0,Medium,"Schedule a check-in within two weeks and review attendance, coursework, and advising needs.",Dropout
4166,0.04097446488817021,0,Low,Continue routine monitoring and reinforce the student's current supports.,Graduate
4167,0.20156019930622268,0,Low,Continue routine monitoring and reinforce the student's current supports.,Enrolled
4168,0.057824820645897,0,Low,Continue routine monitoring and reinforce the student's current supports.,Graduate
4169,0.6864648949590476,1,High,"Start proactive outreach within 72 hours and connect the student to academic, advising, and financial support.",Graduate
4170,0.9402382047708735,1,High,"Start proactive outreach within 72 hours and connect the student to academic, advising, and financial support.",Dropout
4171,0.8174112904516493,1,High,"Start proactive outreach within 72 hours and connect the student to academic, advising, and financial support.",Enrolled
4172,0.17088115337337023,0,Low,Continue routine monitoring and reinforce the student's current supports.,Enrolled
4173,0.6938430028445471,1,High,"Start proactive outreach within 72 hours and connect the student to academic, advising, and financial support.",Enrolled
4174,0.036511801449682815,0,Low,Continue routine monitoring and reinforce the student's current supports.,Graduate
4175,0.01350995038042594,0,Low,Continue routine monitoring and reinforce the student's current supports.,Graduate
4176,0.0372802873592749,0,Low,Continue routine monitoring and reinforce the student's current supports.,Graduate
4177,0.13609687501956977,0,Low,Continue routine monitoring and reinforce the student's current supports.,Graduate
4178,0.3893589215783314,0,Medium,"Schedule a check-in within two weeks and review attendance, coursework, and advising needs.",Enrolled
4179,0.07112623357071488,0,Low,Continue routine monitoring and reinforce the student's current supports.,Graduate
4180,0.05439665845134732,0,Low,Continue routine monitoring and reinforce the student's current supports.,Graduate
4181,0.8839070255138378,1,High,"Start proactive outreach within 72 hours and connect the student to academic, advising, and financial support.",Enrolled
4182,0.9990068183346861,1,High,"Start proactive outreach within 72 hours and connect the student to academic, advising, and financial support.",Dropout
4183,0.8863590953405113,1,High,"Start proactive outreach within 72 hours and connect the student to academic, advising, and financial support.",Dropout
4184,0.06634136438439978,0,Low,Continue routine monitoring and reinforce the student's current supports.,Graduate
4185,0.13224024583755603,0,Low,Continue routine monitoring and reinforce the student's current supports.,Graduate
4186,0.8194665517305849,1,High,"Start proactive outreach within 72 hours and connect the student to academic, advising, and financial support.",Enrolled
4187,0.21936640921600664,0,Low,Continue routine monitoring and reinforce the student's current supports.,Enrolled
4188,0.11048872399540505,0,Low,Continue routine monitoring and reinforce the student's current supports.,Graduate
4189,0.09610427910111793,0,Low,Continue routine monitoring and reinforce the student's current supports.,Graduate
4190,0.4338744846904921,0,Medium,"Schedule a check-in within two weeks and review attendance, coursework, and advising needs.",Graduate
4191,0.7932016365556446,1,High,"Start proactive outreach within 72 hours and connect the student to academic, advising, and financial support.",Dropout
4192,0.22180788581183472,0,Low,Continue routine monitoring and reinforce the student's current supports.,Enrolled
4193,0.49756361547367817,0,Medium,"Schedule a check-in within two weeks and review attendance, coursework, and advising needs.",Enrolled
4194,0.5377633513072413,1,Medium,"Schedule a check-in within two weeks and review attendance, coursework, and advising needs.",Graduate
4195,0.9959203670986606,1,High,"Start proactive outreach within 72 hours and connect the student to academic, advising, and financial support.",Dropout
4196,0.20598785906912453,0,Low,Continue routine monitoring and reinforce the student's current supports.,Graduate
4197,0.021924060197847667,0,Low,Continue routine monitoring and reinforce the student's current supports.,Graduate
4198,0.1003523125141118,0,Low,Continue routine monitoring and reinforce the student's current supports.,Graduate
4199,0.4993611184772862,0,Medium,"Schedule a check-in within two weeks and review attendance, coursework, and advising needs.",Enrolled
4200,0.03598707350883784,0,Low,Continue routine monitoring and reinforce the student's current supports.,Graduate
4201,0.0088582523836923,0,Low,Continue routine monitoring and reinforce the student's current supports.,Graduate
4202,0.06274777037084348,0,Low,Continue routine monitoring and reinforce the student's current supports.,Graduate
4203,0.6225401326576996,1,Medium,"Schedule a check-in within two weeks and review attendance, coursework, and advising needs.",Enrolled
4204,0.06960412566747372,0,Low,Continue routine monitoring and reinforce the student's current supports.,Graduate
4205,0.4368116548369583,0,Medium,"Schedule a check-in within two weeks and review attendance, coursework, and advising needs.",Dropout
4206,0.09076703589062035,0,Low,Continue routine monitoring and reinforce the student's current supports.,Graduate
4207,0.23045692157382902,0,Low,Continue routine monitoring and reinforce the student's current supports.,Graduate
4208,0.020210454515220855,0,Low,Continue routine monitoring and reinforce the student's current supports.,Graduate
4209,0.8149341308383066,1,High,"Start proactive outreach within 72 hours and connect the student to academic, advising, and financial support.",Dropout
4210,0.07388661870929732,0,Low,Continue routine monitoring and reinforce the student's current supports.,Graduate
4211,0.22713293418571345,0,Low,Continue routine monitoring and reinforce the student's current supports.,Graduate
4212,0.023930338134451078,0,Low,Continue routine monitoring and reinforce the student's current supports.,Graduate
4213,0.16420169370127402,0,Low,Continue routine monitoring and reinforce the student's current supports.,Graduate
4214,0.28603459731204633,0,Low,Continue routine monitoring and reinforce the student's current supports.,Graduate
4215,0.01734404355494396,0,Low,Continue routine monitoring and reinforce the student's current supports.,Graduate
4216,0.7857320614289971,1,High,"Start proactive outreach within 72 hours and connect the student to academic, advising, and financial support.",Dropout
4217,0.9982407777257857,1,High,"Start proactive outreach within 72 hours and connect the student to academic, advising, and financial support.",Dropout
4218,0.08973687761586799,0,Low,Continue routine monitoring and reinforce the student's current supports.,Graduate
4219,0.16733386914614265,0,Low,Continue routine monitoring and reinforce the student's current supports.,Enrolled
4220,0.11180301737010935,0,Low,Continue routine monitoring and reinforce the student's current supports.,Graduate
4221,0.9870935415554863,1,High,"Start proactive outreach within 72 hours and connect the student to academic, advising, and financial support.",Dropout
4222,0.05437655488375689,0,Low,Continue routine monitoring and reinforce the student's current supports.,Graduate
4223,0.044072200371885424,0,Low,Continue routine monitoring and reinforce the student's current supports.,Graduate
4224,0.08103619493386967,0,Low,Continue routine monitoring and reinforce the student's current supports.,Graduate
4225,0.03455382439434635,0,Low,Continue routine monitoring and reinforce the student's current supports.,Graduate
4226,0.05506517061047747,0,Low,Continue routine monitoring and reinforce the student's current supports.,Graduate
4227,0.03362592034997662,0,Low,Continue routine monitoring and reinforce the student's current supports.,Dropout
4228,0.08016363706688596,0,Low,Continue routine monitoring and reinforce the student's current supports.,Graduate
4229,0.3095142365934132,0,Low,Continue routine monitoring and reinforce the student's current supports.,Enrolled
4230,0.9378412458706318,1,High,"Start proactive outreach within 72 hours and connect the student to academic, advising, and financial support.",Dropout
4231,0.018474119981363918,0,Low,Continue routine monitoring and reinforce the student's current supports.,Graduate
4232,0.4239214734460822,0,Medium,"Schedule a check-in within two weeks and review attendance, coursework, and advising needs.",Enrolled
4233,0.9323266488494305,1,High,"Start proactive outreach within 72 hours and connect the student to academic, advising, and financial support.",Dropout
4234,0.0579853262948671,0,Low,Continue routine monitoring and reinforce the student's current supports.,Graduate
4235,0.2366913138057687,0,Low,Continue routine monitoring and reinforce the student's current supports.,Enrolled
4236,0.48473975327081675,0,Medium,"Schedule a check-in within two weeks and review attendance, coursework, and advising needs.",Enrolled
4237,0.1250403153602185,0,Low,Continue routine monitoring and reinforce the student's current supports.,Graduate
4238,0.09845895289583649,0,Low,Continue routine monitoring and reinforce the student's current supports.,Enrolled
4239,0.9609534389897636,1,High,"Start proactive outreach within 72 hours and connect the student to academic, advising, and financial support.",Dropout
4240,0.21131506255311946,0,Low,Continue routine monitoring and reinforce the student's current supports.,Graduate
4241,0.12713395750755774,0,Low,Continue routine monitoring and reinforce the student's current supports.,Graduate
4242,0.7167957065716901,1,High,"Start proactive outreach within 72 hours and connect the student to academic, advising, and financial support.",Dropout
4243,0.8717679083573777,1,High,"Start proactive outreach within 72 hours and connect the student to academic, advising, and financial support.",Dropout
4244,0.014826051441952648,0,Low,Continue routine monitoring and reinforce the student's current supports.,Enrolled
4245,0.014974244440601553,0,Low,Continue routine monitoring and reinforce the student's current supports.,Dropout
4246,0.9988056339977119,1,High,"Start proactive outreach within 72 hours and connect the student to academic, advising, and financial support.",Dropout
4247,0.9539261438655245,1,High,"Start proactive outreach within 72 hours and connect the student to academic, advising, and financial support.",Dropout
4248,0.0928630241026279,0,Low,Continue routine monitoring and reinforce the student's current supports.,Graduate
4249,0.9902818015160747,1,High,"Start proactive outreach within 72 hours and connect the student to academic, advising, and financial support.",Dropout
4250,0.1374397704154067,0,Low,Continue routine monitoring and reinforce the student's current supports.,Graduate
4251,0.7426570967996101,1,High,"Start proactive outreach within 72 hours and connect the student to academic, advising, and financial support.",Dropout
4252,0.9462698062186196,1,High,"Start proactive outreach within 72 hours and connect the student to academic, advising, and financial support.",Dropout
4253,0.057658938363073405,0,Low,Continue routine monitoring and reinforce the student's current supports.,Graduate
4254,0.9988719047285664,1,High,"Start proactive outreach within 72 hours and connect the student to academic, advising, and financial support.",Dropout
4255,0.4014679168038094,0,Medium,"Schedule a check-in within two weeks and review attendance, coursework, and advising needs.",Dropout
4256,0.21637329617245885,0,Low,Continue routine monitoring and reinforce the student's current supports.,Dropout
4257,0.06782230374733539,0,Low,Continue routine monitoring and reinforce the student's current supports.,Graduate
4258,0.23461182429166683,0,Low,Continue routine monitoring and reinforce the student's current supports.,Enrolled
4259,0.05855286036700029,0,Low,Continue routine monitoring and reinforce the student's current supports.,Graduate
4260,0.7264697108763032,1,High,"Start proactive outreach within 72 hours and connect the student to academic, advising, and financial support.",Dropout
4261,0.9992165671991927,1,High,"Start proactive outreach within 72 hours and connect the student to academic, advising, and financial support.",Dropout
4262,0.9743525241806338,1,High,"Start proactive outreach within 72 hours and connect the student to academic, advising, and financial support.",Dropout
4263,0.07459531403766198,0,Low,Continue routine monitoring and reinforce the student's current supports.,Graduate
4264,0.8115392235123247,1,High,"Start proactive outreach within 72 hours and connect the student to academic, advising, and financial support.",Dropout
4265,0.06718316728925634,0,Low,Continue routine monitoring and reinforce the student's current supports.,Graduate
4266,0.28287102812857745,0,Low,Continue routine monitoring and reinforce the student's current supports.,Graduate
4267,0.47191738824625223,0,Medium,"Schedule a check-in within two weeks and review attendance, coursework, and advising needs.",Enrolled
4268,0.13899180880783749,0,Low,Continue routine monitoring and reinforce the student's current supports.,Graduate
4269,0.3878445570344395,0,Medium,"Schedule a check-in within two weeks and review attendance, coursework, and advising needs.",Dropout
4270,0.8022732095186746,1,High,"Start proactive outreach within 72 hours and connect the student to academic, advising, and financial support.",Enrolled
4271,0.07718973189681468,0,Low,Continue routine monitoring and reinforce the student's current supports.,Graduate
4272,0.2077234976138895,0,Low,Continue routine monitoring and reinforce the student's current supports.,Dropout
4273,0.04926550605615862,0,Low,Continue routine monitoring and reinforce the student's current supports.,Graduate
4274,0.4025346644047982,0,Medium,"Schedule a check-in within two weeks and review attendance, coursework, and advising needs.",Enrolled
4275,0.25763683742792337,0,Low,Continue routine monitoring and reinforce the student's current supports.,Enrolled
4276,0.2280191248078565,0,Low,Continue routine monitoring and reinforce the student's current supports.,Enrolled
4277,0.9908957334762618,1,High,"Start proactive outreach within 72 hours and connect the student to academic, advising, and financial support.",Dropout
4278,0.45383934624544026,0,Medium,"Schedule a check-in within two weeks and review attendance, coursework, and advising needs.",Dropout
4279,0.20689514764748565,0,Low,Continue routine monitoring and reinforce the student's current supports.,Graduate
4280,0.9665072847227351,1,High,"Start proactive outreach within 72 hours and connect the student to academic, advising, and financial support.",Dropout
4281,0.9741529426037194,1,High,"Start proactive outreach within 72 hours and connect the student to academic, advising, and financial support.",Dropout
4282,0.9493311404896594,1,High,"Start proactive outreach within 72 hours and connect the student to academic, advising, and financial support.",Enrolled
4283,0.6884310557731774,1,High,"Start proactive outreach within 72 hours and connect the student to academic, advising, and financial support.",Dropout
4284,0.9990453817449727,1,High,"Start proactive outreach within 72 hours and connect the student to academic, advising, and financial support.",Dropout
4285,0.11245751922827421,0,Low,Continue routine monitoring and reinforce the student's current supports.,Enrolled
4286,0.3555557269860539,0,Medium,"Schedule a check-in within two weeks and review attendance, coursework, and advising needs.",Enrolled
4287,0.20566938338743976,0,Low,Continue routine monitoring and reinforce the student's current supports.,Graduate
4288,0.11615398779297849,0,Low,Continue routine monitoring and reinforce the student's current supports.,Graduate
4289,0.9659994051542108,1,High,"Start proactive outreach within 72 hours and connect the student to academic, advising, and financial support.",Dropout
4290,0.07725654160809076,0,Low,Continue routine monitoring and reinforce the student's current supports.,Graduate
4291,0.09056614087912136,0,Low,Continue routine monitoring and reinforce the student's current supports.,Graduate
4292,0.4425085292068102,0,Medium,"Schedule a check-in within two weeks and review attendance, coursework, and advising needs.",Graduate
4293,0.06716948079315066,0,Low,Continue routine monitoring and reinforce the student's current supports.,Graduate
4294,0.8950978837391483,1,High,"Start proactive outreach within 72 hours and connect the student to academic, advising, and financial support.",Dropout
4295,0.09420765872647692,0,Low,Continue routine monitoring and reinforce the student's current supports.,Graduate
4296,0.6825167402919606,1,High,"Start proactive outreach within 72 hours and connect the student to academic, advising, and financial support.",Enrolled
4297,0.37217979980124627,0,Medium,"Schedule a check-in within two weeks and review attendance, coursework, and advising needs.",Graduate
4298,0.03830810958098819,0,Low,Continue routine monitoring and reinforce the student's current supports.,Graduate
4299,0.9533396845668966,1,High,"Start proactive outreach within 72 hours and connect the student to academic, advising, and financial support.",Dropout
4300,0.789288613065795,1,High,"Start proactive outreach within 72 hours and connect the student to academic, advising, and financial support.",Dropout
4301,0.06175939899779384,0,Low,Continue routine monitoring and reinforce the student's current supports.,Graduate
4302,0.8999014389418886,1,High,"Start proactive outreach within 72 hours and connect the student to academic, advising, and financial support.",Dropout
4303,0.5069976379636247,1,Medium,"Schedule a check-in within two weeks and review attendance, coursework, and advising needs.",Dropout
4304,0.21659696388539706,0,Low,Continue routine monitoring and reinforce the student's current supports.,Dropout
4305,0.8770998397705999,1,High,"Start proactive outreach within 72 hours and connect the student to academic, advising, and financial support.",Dropout
4306,0.22326096875797694,0,Low,Continue routine monitoring and reinforce the student's current supports.,Dropout
4307,0.9969503351873771,1,High,"Start proactive outreach within 72 hours and connect the student to academic, advising, and financial support.",Dropout
4308,0.9581318606609841,1,High,"Start proactive outreach within 72 hours and connect the student to academic, advising, and financial support.",Dropout
4309,0.37522128280128547,0,Medium,"Schedule a check-in within two weeks and review attendance, coursework, and advising needs.",Dropout
4310,0.42120985687598683,0,Medium,"Schedule a check-in within two weeks and review attendance, coursework, and advising needs.",Graduate
4311,0.05257774382719221,0,Low,Continue routine monitoring and reinforce the student's current supports.,Graduate
4312,0.6361973717787331,1,Medium,"Schedule a check-in within two weeks and review attendance, coursework, and advising needs.",Enrolled
4313,0.9876705716341985,1,High,"Start proactive outreach within 72 hours and connect the student to academic, advising, and financial support.",Dropout
4314,0.03804542203564037,0,Low,Continue routine monitoring and reinforce the student's current supports.,Graduate
4315,0.8793090609440583,1,High,"Start proactive outreach within 72 hours and connect the student to academic, advising, and financial support.",Dropout
4316,0.7622464436206603,1,High,"Start proactive outreach within 72 hours and connect the student to academic, advising, and financial support.",Dropout
4317,0.053360956265899144,0,Low,Continue routine monitoring and reinforce the student's current supports.,Graduate
4318,0.07208975819348952,0,Low,Continue routine monitoring and reinforce the student's current supports.,Graduate
4319,0.15502962338707335,0,Low,Continue routine monitoring and reinforce the student's current supports.,Graduate
4320,0.14906375733502253,0,Low,Continue routine monitoring and reinforce the student's current supports.,Graduate
4321,0.06176048787185355,0,Low,Continue routine monitoring and reinforce the student's current supports.,Enrolled
4322,0.16743154845237465,0,Low,Continue routine monitoring and reinforce the student's current supports.,Enrolled
4323,0.9078764793489476,1,High,"Start proactive outreach within 72 hours and connect the student to academic, advising, and financial support.",Dropout
4324,0.9692229881538409,1,High,"Start proactive outreach within 72 hours and connect the student to academic, advising, and financial support.",Dropout
4325,0.0438225286960897,0,Low,Continue routine monitoring and reinforce the student's current supports.,Graduate
4326,0.03896341378053059,0,Low,Continue routine monitoring and reinforce the student's current supports.,Graduate
4327,0.7377026347206895,1,High,"Start proactive outreach within 72 hours and connect the student to academic, advising, and financial support.",Dropout
4328,0.9267081663442894,1,High,"Start proactive outreach within 72 hours and connect the student to academic, advising, and financial support.",Dropout
4329,0.5713622175949599,1,Medium,"Schedule a check-in within two weeks and review attendance, coursework, and advising needs.",Dropout
4330,0.05105195852912061,0,Low,Continue routine monitoring and reinforce the student's current supports.,Graduate
4331,0.9820127060201533,1,High,"Start proactive outreach within 72 hours and connect the student to academic, advising, and financial support.",Dropout
4332,0.7226994076807015,1,High,"Start proactive outreach within 72 hours and connect the student to academic, advising, and financial support.",Dropout
4333,0.08697428603382701,0,Low,Continue routine monitoring and reinforce the student's current supports.,Graduate
4334,0.039516040014902644,0,Low,Continue routine monitoring and reinforce the student's current supports.,Dropout
4335,0.0991376271626537,0,Low,Continue routine monitoring and reinforce the student's current supports.,Graduate
4336,0.21034162309371998,0,Low,Continue routine monitoring and reinforce the student's current supports.,Enrolled
4337,0.9104934202999995,1,High,"Start proactive outreach within 72 hours and connect the student to academic, advising, and financial support.",Enrolled
4338,0.16522919393088442,0,Low,Continue routine monitoring and reinforce the student's current supports.,Graduate
4339,0.08536652380397926,0,Low,Continue routine monitoring and reinforce the student's current supports.,Enrolled
4340,0.004602281290008174,0,Low,Continue routine monitoring and reinforce the student's current supports.,Graduate
4341,0.07697623033178654,0,Low,Continue routine monitoring and reinforce the student's current supports.,Graduate
4342,0.11521112388974097,0,Low,Continue routine monitoring and reinforce the student's current supports.,Graduate
4343,0.9331501550305629,1,High,"Start proactive outreach within 72 hours and connect the student to academic, advising, and financial support.",Dropout
4344,0.26239819814725246,0,Low,Continue routine monitoring and reinforce the student's current supports.,Enrolled
4345,0.8426126839441316,1,High,"Start proactive outreach within 72 hours and connect the student to academic, advising, and financial support.",Dropout
4346,0.09180141528587821,0,Low,Continue routine monitoring and reinforce the student's current supports.,Graduate
4347,0.9869786757872474,1,High,"Start proactive outreach within 72 hours and connect the student to academic, advising, and financial support.",Dropout
4348,0.7101062603444214,1,High,"Start proactive outreach within 72 hours and connect the student to academic, advising, and financial support.",Dropout
4349,0.05072793862505166,0,Low,Continue routine monitoring and reinforce the student's current supports.,Graduate
4350,0.03989647009671617,0,Low,Continue routine monitoring and reinforce the student's current supports.,Graduate
4351,0.06161548899841284,0,Low,Continue routine monitoring and reinforce the student's current supports.,Graduate
4352,0.040642122517299734,0,Low,Continue routine monitoring and reinforce the student's current supports.,Graduate
4353,0.212940062327091,0,Low,Continue routine monitoring and reinforce the student's current supports.,Dropout
4354,0.4968736899806034,0,Medium,"Schedule a check-in within two weeks and review attendance, coursework, and advising needs.",Graduate
4355,0.3686756284546862,0,Medium,"Schedule a check-in within two weeks and review attendance, coursework, and advising needs.",Enrolled
4356,0.013733337946066244,0,Low,Continue routine monitoring and reinforce the student's current supports.,Graduate
4357,0.9625599496876722,1,High,"Start proactive outreach within 72 hours and connect the student to academic, advising, and financial support.",Dropout
4358,0.943365034149986,1,High,"Start proactive outreach within 72 hours and connect the student to academic, advising, and financial support.",Dropout
4359,0.9222016036863396,1,High,"Start proactive outreach within 72 hours and connect the student to academic, advising, and financial support.",Dropout
4360,0.05188820633621363,0,Low,Continue routine monitoring and reinforce the student's current supports.,Graduate
4361,0.0753310035023654,0,Low,Continue routine monitoring and reinforce the student's current supports.,Graduate
4362,0.021723558810993252,0,Low,Continue routine monitoring and reinforce the student's current supports.,Graduate
4363,0.09953511758624196,0,Low,Continue routine monitoring and reinforce the student's current supports.,Graduate
4364,0.9978450960536085,1,High,"Start proactive outreach within 72 hours and connect the student to academic, advising, and financial support.",Dropout
4365,0.2574379551066497,0,Low,Continue routine monitoring and reinforce the student's current supports.,Enrolled
4366,0.43316794603665476,0,Medium,"Schedule a check-in within two weeks and review attendance, coursework, and advising needs.",Graduate
4367,0.3523110021543386,0,Medium,"Schedule a check-in within two weeks and review attendance, coursework, and advising needs.",Graduate
4368,0.16185002664684914,0,Low,Continue routine monitoring and reinforce the student's current supports.,Graduate
4369,0.9983443378564136,1,High,"Start proactive outreach within 72 hours and connect the student to academic, advising, and financial support.",Dropout
4370,0.12024877695413735,0,Low,Continue routine monitoring and reinforce the student's current supports.,Enrolled
4371,0.42806430023212777,0,Medium,"Schedule a check-in within two weeks and review attendance, coursework, and advising needs.",Graduate
4372,0.08087906731859332,0,Low,Continue routine monitoring and reinforce the student's current supports.,Graduate
4373,0.9874273295675672,1,High,"Start proactive outreach within 72 hours and connect the student to academic, advising, and financial support.",Dropout
4374,0.12696517722914422,0,Low,Continue routine monitoring and reinforce the student's current supports.,Enrolled
4375,0.13496105873569741,0,Low,Continue routine monitoring and reinforce the student's current supports.,Graduate
4376,0.9523253636677804,1,High,"Start proactive outreach within 72 hours and connect the student to academic, advising, and financial support.",Dropout
4377,0.13277763634708412,0,Low,Continue routine monitoring and reinforce the student's current supports.,Graduate
4378,0.21812321777744628,0,Low,Continue routine monitoring and reinforce the student's current supports.,Dropout
4379,0.29931196346336075,0,Low,Continue routine monitoring and reinforce the student's current supports.,Graduate
4380,0.2599206501518515,0,Low,Continue routine monitoring and reinforce the student's current supports.,Dropout
4381,0.7848250993184025,1,High,"Start proactive outreach within 72 hours and connect the student to academic, advising, and financial support.",Dropout
4382,0.7826079531794646,1,High,"Start proactive outreach within 72 hours and connect the student to academic, advising, and financial support.",Enrolled
4383,0.059861733641482624,0,Low,Continue routine monitoring and reinforce the student's current supports.,Graduate
4384,0.09194883101932708,0,Low,Continue routine monitoring and reinforce the student's current supports.,Graduate
4385,0.86885598333835,1,High,"Start proactive outreach within 72 hours and connect the student to academic, advising, and financial support.",Dropout
4386,0.8608777148784775,1,High,"Start proactive outreach within 72 hours and connect the student to academic, advising, and financial support.",Dropout
4387,0.7339409728801631,1,High,"Start proactive outreach within 72 hours and connect the student to academic, advising, and financial support.",Dropout
4388,0.7119776046622598,1,High,"Start proactive outreach within 72 hours and connect the student to academic, advising, and financial support.",Dropout
4389,0.9276855264296859,1,High,"Start proactive outreach within 72 hours and connect the student to academic, advising, and financial support.",Dropout
4390,0.020208061506842782,0,Low,Continue routine monitoring and reinforce the student's current supports.,Graduate
4391,0.15598122135831613,0,Low,Continue routine monitoring and reinforce the student's current supports.,Graduate
4392,0.14375671476065413,0,Low,Continue routine monitoring and reinforce the student's current supports.,Enrolled
4393,0.13293629256851835,0,Low,Continue routine monitoring and reinforce the student's current supports.,Enrolled
4394,0.628293451285812,1,Medium,"Schedule a check-in within two weeks and review attendance, coursework, and advising needs.",Graduate
4395,0.032601007486311735,0,Low,Continue routine monitoring and reinforce the student's current supports.,Graduate
4396,0.5162706899875992,1,Medium,"Schedule a check-in within two weeks and review attendance, coursework, and advising needs.",Dropout
4397,0.045738632369506406,0,Low,Continue routine monitoring and reinforce the student's current supports.,Graduate
4398,0.48257378309435595,0,Medium,"Schedule a check-in within two weeks and review attendance, coursework, and advising needs.",Enrolled
4399,0.4482571363296931,0,Medium,"Schedule a check-in within two weeks and review attendance, coursework, and advising needs.",Graduate
4400,0.09976877076871307,0,Low,Continue routine monitoring and reinforce the student's current supports.,Graduate
4401,0.7014585698913546,1,High,"Start proactive outreach within 72 hours and connect the student to academic, advising, and financial support.",Dropout
4402,0.9760129682967104,1,High,"Start proactive outreach within 72 hours and connect the student to academic, advising, and financial support.",Dropout
4403,0.5121584754905852,1,Medium,"Schedule a check-in within two weeks and review attendance, coursework, and advising needs.",Enrolled
4404,0.16775526480862554,0,Low,Continue routine monitoring and reinforce the student's current supports.,Graduate
4405,0.9994938522715586,1,High,"Start proactive outreach within 72 hours and connect the student to academic, advising, and financial support.",Dropout
4406,0.12962508009100146,0,Low,Continue routine monitoring and reinforce the student's current supports.,Graduate
4407,0.6491943850113,1,Medium,"Schedule a check-in within two weeks and review attendance, coursework, and advising needs.",Enrolled
4408,0.21621191380939947,0,Low,Continue routine monitoring and reinforce the student's current supports.,Graduate
4409,0.3845489931683179,0,Medium,"Schedule a check-in within two weeks and review attendance, coursework, and advising needs.",Dropout
4410,0.3031184750915249,0,Low,Continue routine monitoring and reinforce the student's current supports.,Graduate
4411,0.12413114351627605,0,Low,Continue routine monitoring and reinforce the student's current supports.,Graduate
4412,0.6931500641167943,1,High,"Start proactive outreach within 72 hours and connect the student to academic, advising, and financial support.",Dropout
4413,0.30593296783356544,0,Low,Continue routine monitoring and reinforce the student's current supports.,Enrolled
4414,0.9595520351123491,1,High,"Start proactive outreach within 72 hours and connect the student to academic, advising, and financial support.",Enrolled
4415,0.12201066710708869,0,Low,Continue routine monitoring and reinforce the student's current supports.,Graduate
4416,0.9631072056344094,1,High,"Start proactive outreach within 72 hours and connect the student to academic, advising, and financial support.",Dropout
4417,0.06707071214708404,0,Low,Continue routine monitoring and reinforce the student's current supports.,Graduate
4418,0.08347000410525866,0,Low,Continue routine monitoring and reinforce the student's current supports.,Graduate
4419,0.32835938241458656,0,Low,Continue routine monitoring and reinforce the student's current supports.,Graduate
4420,0.5157704515646256,1,Medium,"Schedule a check-in within two weeks and review attendance, coursework, and advising needs.",Graduate
4421,0.9571330917770828,1,High,"Start proactive outreach within 72 hours and connect the student to academic, advising, and financial support.",Dropout
4422,0.8398037977603857,1,High,"Start proactive outreach within 72 hours and connect the student to academic, advising, and financial support.",Dropout
4423,0.11958814265570698,0,Low,Continue routine monitoring and reinforce the student's current supports.,Graduate
4424,0.07367266056204001,0,Low,Continue routine monitoring and reinforce the student's current supports.,Graduate
